record,subject_cluster,segment,trajectory,pli_amplitude,noise,comparison,output_snr_difference_db,frequency_mae_difference_hz,tracker_call_difference,grid_evaluation_difference
100,subject_100,0,F0,0.2,none,A3_minus_A2,0.0015491532667226693,-0.0012746572494506808,-36,-1152
100,subject_100,0,F0,0.2,none,A3_minus_B4,0.0021519568924084354,-0.003665447235107422,-13,-416
100,subject_100,0,F0,0.2,20dB,A3_minus_A2,0.0011538325446487363,-0.0010148525238037123,-45,-1440
100,subject_100,0,F0,0.2,20dB,A3_minus_B4,-0.0035507043500579982,-0.004829835891723637,3,96
100,subject_100,0,F0,0.5,none,A3_minus_A2,0.0003052049483152075,-0.0004099607467651367,-37,-1184
100,subject_100,0,F0,0.5,none,A3_minus_B4,0.006435253171508393,-0.004754090309143066,0,0
100,subject_100,0,F0,0.5,20dB,A3_minus_A2,0.0016279969337702482,0.00013544559478759904,-73,-2336
100,subject_100,0,F0,0.5,20dB,A3_minus_B4,-0.0001685411821359395,0.0015700101852416997,16,512
100,subject_100,0,F1,0.2,none,A3_minus_A2,-6.091139348285424e-05,-0.0005593061447143471,-29,-928
100,subject_100,0,F1,0.2,none,A3_minus_B4,-0.0004504148340096492,0.0011764764785766602,-6,-192
100,subject_100,0,F1,0.2,20dB,A3_minus_A2,-0.00020541553026554027,0.00018582344055174949,-48,-1536
100,subject_100,0,F1,0.2,20dB,A3_minus_B4,-0.0003736616960114958,0.005178403854370114,-4,-128
100,subject_100,0,F1,0.5,none,A3_minus_A2,0.0003802643647823345,-0.0005721330642700223,-31,-992
100,subject_100,0,F1,0.5,none,A3_minus_B4,0.00011472684735380767,5.285739898681918e-05,-8,-256
100,subject_100,0,F1,0.5,20dB,A3_minus_A2,0.0005624812508422394,0.0013870000839233398,-51,-1632
100,subject_100,0,F1,0.5,20dB,A3_minus_B4,-4.6050069927972004e-05,0.0009362220764160128,14,448
100,subject_100,0,F2,0.2,none,A3_minus_A2,-0.0008160373692227552,0.0003677368164062278,-32,-1024
100,subject_100,0,F2,0.2,none,A3_minus_B4,-0.0008124266892295395,-0.002339053153991688,-8,-256
100,subject_100,0,F2,0.2,20dB,A3_minus_A2,-0.0007546273566880757,-0.0001838684082031139,-51,-1632
100,subject_100,0,F2,0.2,20dB,A3_minus_B4,0.0002309184547595322,-0.0023453235626220703,2,64
100,subject_100,0,F2,0.5,none,A3_minus_A2,4.08341719246863e-05,0.0004195213317871038,-35,-1120
100,subject_100,0,F2,0.5,none,A3_minus_B4,0.0012987687956016458,-0.004020714759826682,5,160
100,subject_100,0,F2,0.5,20dB,A3_minus_A2,0.0002672972003274765,-0.0013909578323364202,-71,-2272
100,subject_100,0,F2,0.5,20dB,A3_minus_B4,-0.0021431608573951877,-0.004488134384155268,12,384
100,subject_100,0,F3,0.2,none,A3_minus_A2,-0.003785040499604264,0.0037240982055664062,-18,-576
100,subject_100,0,F3,0.2,none,A3_minus_B4,0.005714084851728529,-0.007693942384454366,2,64
100,subject_100,0,F3,0.2,20dB,A3_minus_A2,-0.01303625928285257,0.014794569806230742,-65,-2080
100,subject_100,0,F3,0.2,20dB,A3_minus_B4,0.007313831135979498,-0.007881908758220368,-10,-320
100,subject_100,0,F3,0.5,none,A3_minus_A2,-0.005748979134093446,0.0015853643417358398,-6,-192
100,subject_100,0,F3,0.5,none,A3_minus_B4,-0.005269402775216037,0.0014266252517700223,-4,-128
100,subject_100,0,F3,0.5,20dB,A3_minus_A2,-0.004054632499942201,0.0016480445861816323,-17,-544
100,subject_100,0,F3,0.5,20dB,A3_minus_B4,0.007895733280102846,-0.0029166698455810602,-1,-32
100,subject_100,0,F4,0.2,none,A3_minus_A2,-0.010123472011649426,0.0023094143064578687,-11,-352
100,subject_100,0,F4,0.2,none,A3_minus_B4,0.03424290620181836,-0.007474020561401007,-1,-32
100,subject_100,0,F4,0.2,20dB,A3_minus_A2,-0.010661194854685974,0.005421638488769531,-9,-288
100,subject_100,0,F4,0.2,20dB,A3_minus_B4,-0.006783619936886254,0.0023471593856811412,-1,-32
100,subject_100,0,F4,0.5,none,A3_minus_A2,0.0,0.0,0,0
100,subject_100,0,F4,0.5,none,A3_minus_B4,0.0,0.0,0,0
100,subject_100,0,F4,0.5,20dB,A3_minus_A2,-0.00022011196408300293,6.768703460693914e-05,-3,-96
100,subject_100,0,F4,0.5,20dB,A3_minus_B4,0.00025633034834982027,-0.00030729770660400946,1,32
100,subject_100,0,F5,0.2,none,A3_minus_A2,-0.0007006884260682966,0.0016095113754271695,-14,-448
100,subject_100,0,F5,0.2,none,A3_minus_B4,0.0016904981018655008,-0.001095628738402965,-6,-192
100,subject_100,0,F5,0.2,20dB,A3_minus_A2,-0.0006527048953319792,0.002931823730461164,-64,-2048
100,subject_100,0,F5,0.2,20dB,A3_minus_B4,-0.0020318393224965092,-0.002402849197388854,-1,-32
100,subject_100,0,F5,0.5,none,A3_minus_A2,-0.0005643670101118659,0.0003644466400146429,-5,-160
100,subject_100,0,F5,0.5,none,A3_minus_B4,0.003792675431101955,0.001494865417480895,6,192
100,subject_100,0,F5,0.5,20dB,A3_minus_A2,-0.00027741970977679387,0.0008322238922119085,-27,-864
100,subject_100,0,F5,0.5,20dB,A3_minus_B4,0.00298432325909026,-0.0008833646774286802,-1,-32
100,subject_100,1,F0,0.2,none,A3_minus_A2,0.0008287262287751673,-0.0013995409011840834,-30,-960
100,subject_100,1,F0,0.2,none,A3_minus_B4,0.0010331195933694914,-0.0017871856689453125,-8,-256
100,subject_100,1,F0,0.2,20dB,A3_minus_A2,-0.0009837256558249408,0.0002422332763671875,-65,-2080
100,subject_100,1,F0,0.2,20dB,A3_minus_B4,-5.332144535330485e-05,0.0019076347351074247,5,160
100,subject_100,1,F0,0.5,none,A3_minus_A2,-8.014232850506176e-05,-0.001122713088989256,-30,-960
100,subject_100,1,F0,0.5,none,A3_minus_B4,-0.00038623058638265206,-0.0005036115646362294,-8,-256
100,subject_100,1,F0,0.5,20dB,A3_minus_A2,-6.975229034367203e-07,7.629394531243061e-07,-65,-2080
100,subject_100,1,F0,0.5,20dB,A3_minus_B4,3.4992766302366363e-06,-1.57594680786138e-05,20,640
100,subject_100,1,F1,0.2,none,A3_minus_A2,0.0003917797153363267,-0.001344656944274894,-24,-768
100,subject_100,1,F1,0.2,none,A3_minus_B4,-0.0002382836051566528,0.001291775703430184,5,160
100,subject_100,1,F1,0.2,20dB,A3_minus_A2,-9.235489737413616e-05,-0.00023262500762938343,-54,-1728
100,subject_100,1,F1,0.2,20dB,A3_minus_B4,0.0002859594374040597,0.0043034315109252985,14,448
100,subject_100,1,F1,0.5,none,A3_minus_A2,3.0497344877034038e-05,-0.0013147354125976618,-24,-768
100,subject_100,1,F1,0.5,none,A3_minus_B4,0.00024138373959026183,-0.0019249916076660156,-5,-160
100,subject_100,1,F1,0.5,20dB,A3_minus_A2,0.0007128471539576964,0.0017972946166992104,-58,-1856
100,subject_100,1,F1,0.5,20dB,A3_minus_B4,-0.00041552569352454327,0.003934931755065915,12,384
100,subject_100,1,F2,0.2,none,A3_minus_A2,0.00032669355557501945,-0.00017426013946533758,-28,-896
100,subject_100,1,F2,0.2,none,A3_minus_B4,-0.0004737608770994939,0.0016776323318481445,-3,-96
100,subject_100,1,F2,0.2,20dB,A3_minus_A2,0.0012264785138089707,-0.0012911558151245117,-54,-1728
100,subject_100,1,F2,0.2,20dB,A3_minus_B4,0.000501212714585364,-0.0005856752395629883,-3,-96
100,subject_100,1,F2,0.5,none,A3_minus_A2,0.0,0.0,-24,-768
100,subject_100,1,F2,0.5,none,A3_minus_B4,0.0,0.0,1,32
100,subject_100,1,F2,0.5,20dB,A3_minus_A2,-0.001264875122414466,0.0026774168014526423,-53,-1696
100,subject_100,1,F2,0.5,20dB,A3_minus_B4,-0.001053859484326125,-0.00021307468414308306,5,160
100,subject_100,1,F3,0.2,none,A3_minus_A2,-0.004235468624706584,0.0031260378602783606,-24,-768
100,subject_100,1,F3,0.2,none,A3_minus_B4,0.003892032904524001,-0.0027834332220195435,0,0
100,subject_100,1,F3,0.2,20dB,A3_minus_A2,-0.006575573199011586,0.0077192053533351596,-49,-1568
100,subject_100,1,F3,0.2,20dB,A3_minus_B4,0.009856693168162067,-0.008875750450436967,-5,-160
100,subject_100,1,F3,0.5,none,A3_minus_A2,-0.008290200463902053,0.0019084692001342801,-12,-384
100,subject_100,1,F3,0.5,none,A3_minus_B4,-0.0013093640041130783,0.000273370742797846,1,32
100,subject_100,1,F3,0.5,20dB,A3_minus_A2,-0.0023592784812933587,0.0008328676223754855,-16,-512
100,subject_100,1,F3,0.5,20dB,A3_minus_B4,0.0041098874563818555,-0.002848935127258298,5,160
100,subject_100,1,F4,0.2,none,A3_minus_A2,-0.003026512973047346,-0.00018858160243212518,-5,-160
100,subject_100,1,F4,0.2,none,A3_minus_B4,-0.003026512973047346,-0.00018858160243212518,-5,-160
100,subject_100,1,F4,0.2,20dB,A3_minus_A2,-0.005561682811627833,0.0020399808883666826,-11,-352
100,subject_100,1,F4,0.2,20dB,A3_minus_B4,-0.0020032636111526614,0.0004711627960204967,-7,-224
100,subject_100,1,F4,0.5,none,A3_minus_A2,0.0,0.0,0,0
100,subject_100,1,F4,0.5,none,A3_minus_B4,0.003619201775485692,-0.0006235837936401367,2,64
100,subject_100,1,F4,0.5,20dB,A3_minus_A2,0.0,0.0,0,0
100,subject_100,1,F4,0.5,20dB,A3_minus_B4,0.0,0.0,0,0
100,subject_100,1,F5,0.2,none,A3_minus_A2,-0.005335147595463496,0.0007223606109619252,-20,-640
100,subject_100,1,F5,0.2,none,A3_minus_B4,0.005014496194416296,-0.0046016931533818806,4,128
100,subject_100,1,F5,0.2,20dB,A3_minus_A2,0.00019781971715460145,-4.4870376586556016e-05,-53,-1696
100,subject_100,1,F5,0.2,20dB,A3_minus_B4,0.005433108146213783,-0.005970859527587705,2,64
100,subject_100,1,F5,0.5,none,A3_minus_A2,2.6763007005214945e-05,-1.223087310790738e-05,-7,-224
100,subject_100,1,F5,0.5,none,A3_minus_B4,2.6763007005214945e-05,-1.2421607971192794e-05,1,32
100,subject_100,1,F5,0.5,20dB,A3_minus_A2,-0.012483166540693702,0.0034629487991333224,-26,-832
100,subject_100,1,F5,0.5,20dB,A3_minus_B4,-0.003726358643065808,-5.846977233883721e-05,0,0
100,subject_100,2,F0,0.2,none,A3_minus_A2,0.0008293858316434921,-0.0009649515151977546,-34,-1088
100,subject_100,2,F0,0.2,none,A3_minus_B4,0.006599723397375357,-0.0008186340332031264,-7,-224
100,subject_100,2,F0,0.2,20dB,A3_minus_A2,0.0064018938437122586,-0.0012663364410400377,-52,-1664
100,subject_100,2,F0,0.2,20dB,A3_minus_B4,0.002139683788712432,-0.0026024580001831055,-5,-160
100,subject_100,2,F0,0.5,none,A3_minus_A2,0.0011339299102637312,-0.00040898323059082066,-34,-1088
100,subject_100,2,F0,0.5,none,A3_minus_B4,-0.0009616471341917787,0.001102256774902344,-7,-224
100,subject_100,2,F0,0.5,20dB,A3_minus_A2,1.7095380210108146e-05,0.0004819631576538086,-70,-2240
100,subject_100,2,F0,0.5,20dB,A3_minus_B4,0.00585255814065988,-0.0018357276916503903,10,320
100,subject_100,2,F1,0.2,none,A3_minus_A2,0.0020223897847593264,-0.0027175903320312556,-33,-1056
100,subject_100,2,F1,0.2,none,A3_minus_B4,0.0018736288935947698,-0.0015138864517211942,-1,-32
100,subject_100,2,F1,0.2,20dB,A3_minus_A2,-0.001899843730370776,-0.0012129545211791992,-46,-1472
100,subject_100,2,F1,0.2,20dB,A3_minus_B4,-0.008893216369701307,-0.003254532814025879,-6,-192
100,subject_100,2,F1,0.5,none,A3_minus_A2,0.00013180136710211343,-0.0002983331680297824,-28,-896
100,subject_100,2,F1,0.5,none,A3_minus_B4,0.0012565105228645734,-0.001466727256774894,7,224
100,subject_100,2,F1,0.5,20dB,A3_minus_A2,0.0004647697462623057,-0.0008422374725341741,-45,-1440
100,subject_100,2,F1,0.5,20dB,A3_minus_B4,0.007468204799831568,-0.000620079040527341,19,608
100,subject_100,2,F2,0.2,none,A3_minus_A2,0.0055854321220252245,-0.0025327682495117354,-37,-1184
100,subject_100,2,F2,0.2,none,A3_minus_B4,0.006068547151473425,-0.0049050331115722545,14,448
100,subject_100,2,F2,0.2,20dB,A3_minus_A2,0.0009031408964048637,-0.004059720039367665,-57,-1824
100,subject_100,2,F2,0.2,20dB,A3_minus_B4,0.006136648850121773,-0.010214519500732377,1,32
100,subject_100,2,F2,0.5,none,A3_minus_A2,0.0004078583241344802,-0.0013007402420043834,-37,-1184
100,subject_100,2,F2,0.5,none,A3_minus_B4,0.0002617927976942269,-0.0001251697540283203,1,32
100,subject_100,2,F2,0.5,20dB,A3_minus_A2,7.203150791923463e-05,-0.0014288902282714733,-53,-1696
100,subject_100,2,F2,0.5,20dB,A3_minus_B4,0.00018825012291223686,-0.0010158777236938255,2,64
100,subject_100,2,F3,0.2,none,A3_minus_A2,-0.011205817217998515,0.0028521299362182645,-17,-544
100,subject_100,2,F3,0.2,none,A3_minus_B4,0.009315407640158924,-0.0030726194381713867,0,0
100,subject_100,2,F3,0.2,20dB,A3_minus_A2,-0.01586959105800645,0.021018653574258542,-66,-2112
100,subject_100,2,F3,0.2,20dB,A3_minus_B4,0.001228339952465518,-0.004693418869397545,1,32
100,subject_100,2,F3,0.5,none,A3_minus_A2,-0.00685344404329058,0.0014235734939575112,-7,-224
100,subject_100,2,F3,0.5,none,A3_minus_B4,0.0029940304552482644,-0.0009057044982910267,1,32
100,subject_100,2,F3,0.5,20dB,A3_minus_A2,-0.009461045847640293,0.0033503532409668024,-30,-960
100,subject_100,2,F3,0.5,20dB,A3_minus_B4,0.028963992179853904,-0.007040166854858393,5,160
100,subject_100,2,F4,0.2,none,A3_minus_A2,-0.012005854589521192,0.004480934143066412,-10,-320
100,subject_100,2,F4,0.2,none,A3_minus_B4,0.010736597771774825,-0.003389596939086914,0,0
100,subject_100,2,F4,0.2,20dB,A3_minus_A2,-0.01629851121195003,0.007481625049534035,-22,-704
100,subject_100,2,F4,0.2,20dB,A3_minus_B4,0.01638226323458447,-0.005328529477707067,5,160
100,subject_100,2,F4,0.5,none,A3_minus_A2,0.0,0.0,0,0
100,subject_100,2,F4,0.5,none,A3_minus_B4,0.008054852727457984,-0.0015614748001098744,3,96
100,subject_100,2,F4,0.5,20dB,A3_minus_A2,-0.001719080416338059,0.00030996799468993586,-2,-64
100,subject_100,2,F4,0.5,20dB,A3_minus_B4,3.2397988025678615e-06,-2.2411346435602386e-06,-1,-32
100,subject_100,2,F5,0.2,none,A3_minus_A2,-7.174949161026234e-06,7.95888900754077e-05,-25,-800
100,subject_100,2,F5,0.2,none,A3_minus_B4,-0.005366702490398723,-0.00040770530700626195,-9,-288
100,subject_100,2,F5,0.2,20dB,A3_minus_A2,-0.0043299030619099454,0.0038769960403442494,-32,-1024
100,subject_100,2,F5,0.2,20dB,A3_minus_B4,-0.00929622790985185,-0.00028589725494469753,18,576
100,subject_100,2,F5,0.5,none,A3_minus_A2,-0.00944746805292418,0.0014150142669674196,-14,-448
100,subject_100,2,F5,0.5,none,A3_minus_B4,-0.0015649705365188282,-0.0014666795730590848,5,160
100,subject_100,2,F5,0.5,20dB,A3_minus_A2,0.0009323700395462708,0.0007871294021605107,-16,-512
100,subject_100,2,F5,0.5,20dB,A3_minus_B4,0.0031122744337768182,-0.0012270450592042625,4,128
101,subject_101,0,F0,0.2,none,A3_minus_A2,-0.005457969347062885,0.003187370300292966,-108,-3456
101,subject_101,0,F0,0.2,none,A3_minus_B4,0.008451338743562076,-0.00020246505737304965,10,320
101,subject_101,0,F0,0.2,20dB,A3_minus_A2,0.0006671423933148901,0.003853130340576171,-125,-4000
101,subject_101,0,F0,0.2,20dB,A3_minus_B4,-0.0033035457204917407,0.0025659084320068352,5,160
101,subject_101,0,F0,0.5,none,A3_minus_A2,-0.004794126396404863,0.002629804611206054,-108,-3456
101,subject_101,0,F0,0.5,none,A3_minus_B4,-0.001025382708437661,0.0010716915130615234,9,288
101,subject_101,0,F0,0.5,20dB,A3_minus_A2,-0.0004047514951412978,-0.0008622169494628901,-106,-3392
101,subject_101,0,F0,0.5,20dB,A3_minus_B4,-0.0034297009250732202,0.0022135734558105472,10,320
101,subject_101,0,F1,0.2,none,A3_minus_A2,-0.0008909091604500929,0.0025920867919921875,-98,-3136
101,subject_101,0,F1,0.2,none,A3_minus_B4,-0.01261499991683479,0.007083582878112796,15,480
101,subject_101,0,F1,0.2,20dB,A3_minus_A2,0.00010071867380823107,0.002018237113952645,-111,-3552
101,subject_101,0,F1,0.2,20dB,A3_minus_B4,0.010774794798864562,-0.00039770603179931086,3,96
101,subject_101,0,F1,0.5,none,A3_minus_A2,0.0004438043220158505,-0.0008079051971435491,-96,-3072
101,subject_101,0,F1,0.5,none,A3_minus_B4,-0.000585923623106055,0.0011411666870117243,16,512
101,subject_101,0,F1,0.5,20dB,A3_minus_A2,0.000523042620194758,-0.0013262510299682645,-98,-3136
101,subject_101,0,F1,0.5,20dB,A3_minus_B4,-0.0008871909060061967,0.00042052268981933316,8,256
101,subject_101,0,F2,0.2,none,A3_minus_A2,0.004820608256006054,0.00017726421356201172,-98,-3136
101,subject_101,0,F2,0.2,none,A3_minus_B4,-0.007745626772232228,-0.0004710674285888783,2,64
101,subject_101,0,F2,0.2,20dB,A3_minus_A2,-0.00019137590097884072,-0.0033000707626342773,-103,-3296
101,subject_101,0,F2,0.2,20dB,A3_minus_B4,0.0028563584217309312,-0.010270690917968756,5,160
101,subject_101,0,F2,0.5,none,A3_minus_A2,-0.0008480938152004569,0.0023760080337524303,-94,-3008
101,subject_101,0,F2,0.5,none,A3_minus_B4,-0.0011497692757487243,0.004524493217468256,5,160
101,subject_101,0,F2,0.5,20dB,A3_minus_A2,0.001745304260641234,0.003976225852966309,-97,-3104
101,subject_101,0,F2,0.5,20dB,A3_minus_B4,0.0013857746059784404,0.0068425655364990345,9,288
101,subject_101,0,F3,0.2,none,A3_minus_A2,-0.03731639511805085,0.022680594078161892,-89,-2848
101,subject_101,0,F3,0.2,none,A3_minus_B4,0.07214532146077346,-0.02955981098228465,6,192
101,subject_101,0,F3,0.2,20dB,A3_minus_A2,-0.0564749267174971,0.03650521382889681,-112,-3584
101,subject_101,0,F3,0.2,20dB,A3_minus_B4,0.06416733844624467,-0.02512936537733554,-5,-160
101,subject_101,0,F3,0.5,none,A3_minus_A2,-0.02031821209541107,0.005280194260275636,-46,-1472
101,subject_101,0,F3,0.5,none,A3_minus_B4,0.008026386162310217,-0.00036730766296386164,-7,-224
101,subject_101,0,F3,0.5,20dB,A3_minus_A2,-0.020830177233060354,0.005758676244370403,-55,-1760
101,subject_101,0,F3,0.5,20dB,A3_minus_B4,0.009593057689873064,-0.005036211013793951,-2,-64
101,subject_101,0,F4,0.2,none,A3_minus_A2,-0.05461499549989668,0.017362245533497828,-43,-1376
101,subject_101,0,F4,0.2,none,A3_minus_B4,0.003112116254623487,0.004922675166091517,-12,-384
101,subject_101,0,F4,0.2,20dB,A3_minus_A2,-0.036010446150864794,0.013329362890704938,-46,-1472
101,subject_101,0,F4,0.2,20dB,A3_minus_B4,0.023995344092522686,-0.005681797021091617,7,224
101,subject_101,0,F4,0.5,none,A3_minus_A2,-0.0019222184125329278,0.00037713050842286266,-5,-160
101,subject_101,0,F4,0.5,none,A3_minus_B4,0.003452295583119991,-0.0004928588867187389,2,64
101,subject_101,0,F4,0.5,20dB,A3_minus_A2,-0.01670289152047033,0.001968240737915017,-10,-320
101,subject_101,0,F4,0.5,20dB,A3_minus_B4,0.01524016773084469,-0.0018345117568969727,0,0
101,subject_101,0,F5,0.2,none,A3_minus_A2,-0.008123055676559687,0.004377775192259556,-101,-3232
101,subject_101,0,F5,0.2,none,A3_minus_B4,0.006842821534338128,-0.0043068552017221234,9,288
101,subject_101,0,F5,0.2,20dB,A3_minus_A2,-0.019236601562820255,0.0077648210525506495,-120,-3840
101,subject_101,0,F5,0.2,20dB,A3_minus_B4,0.003827830252422615,-0.0026894950866695744,11,352
101,subject_101,0,F5,0.5,none,A3_minus_A2,-0.009741839842074995,0.0008269929885862948,-61,-1952
101,subject_101,0,F5,0.5,none,A3_minus_B4,0.023597990005100655,-0.002360768318176193,-4,-128
101,subject_101,0,F5,0.5,20dB,A3_minus_A2,0.0021909480693693695,0.0003408765792846241,-73,-2336
101,subject_101,0,F5,0.5,20dB,A3_minus_B4,-0.0019274017987509495,0.00046602249145451247,14,448
101,subject_101,1,F0,0.2,none,A3_minus_A2,0.0019951298753362323,0.0017897129058837905,-63,-2016
101,subject_101,1,F0,0.2,none,A3_minus_B4,0.002751350558249044,-0.0021651506423950168,9,288
101,subject_101,1,F0,0.2,20dB,A3_minus_A2,2.5162107743170736e-05,0.0006217718124389635,-76,-2432
101,subject_101,1,F0,0.2,20dB,A3_minus_B4,-0.0009158643372124686,-0.005421018600463866,4,128
101,subject_101,1,F0,0.5,none,A3_minus_A2,-0.002640798891064833,0.002583694458007813,-75,-2400
101,subject_101,1,F0,0.5,none,A3_minus_B4,0.005648369723338931,0.0003654718399047855,-3,-96
101,subject_101,1,F0,0.5,20dB,A3_minus_A2,0.0009741017248288131,-0.0007264852523803707,-87,-2784
101,subject_101,1,F0,0.5,20dB,A3_minus_B4,0.003655445532057655,-0.002986907958984375,-4,-128
101,subject_101,1,F1,0.2,none,A3_minus_A2,0.002039107314679711,0.0013395309448242104,-56,-1792
101,subject_101,1,F1,0.2,none,A3_minus_B4,0.004306427795363277,-0.0030797719955444336,7,224
101,subject_101,1,F1,0.2,20dB,A3_minus_A2,0.005472161335088543,0.0027350664138793834,-67,-2144
101,subject_101,1,F1,0.2,20dB,A3_minus_B4,0.002438050160787242,-0.0008849382400512723,15,480
101,subject_101,1,F1,0.5,none,A3_minus_A2,0.000824042679354875,-0.00028326511383057473,-57,-1824
101,subject_101,1,F1,0.5,none,A3_minus_B4,0.0047331657336115995,-0.0018294572830200306,6,192
101,subject_101,1,F1,0.5,20dB,A3_minus_A2,0.001861534604815418,-0.003039932250976568,-79,-2528
101,subject_101,1,F1,0.5,20dB,A3_minus_B4,0.001615384152342969,-0.0031171798706054743,-9,-288
101,subject_101,1,F2,0.2,none,A3_minus_A2,-0.004018813578547054,0.0052367448806762695,-66,-2112
101,subject_101,1,F2,0.2,none,A3_minus_B4,-0.005524715955843362,0.01108534336090089,-5,-160
101,subject_101,1,F2,0.2,20dB,A3_minus_A2,3.555241209518556e-05,-0.0004258155822753906,-88,-2816
101,subject_101,1,F2,0.2,20dB,A3_minus_B4,6.546921831862562e-05,0.0030965805053710938,-2,-64
101,subject_101,1,F2,0.5,none,A3_minus_A2,0.0002444176216886973,-0.0018133163452148382,-70,-2240
101,subject_101,1,F2,0.5,none,A3_minus_B4,0.0009225458779678064,-0.006392097473144509,-9,-288
101,subject_101,1,F2,0.5,20dB,A3_minus_A2,0.00038526342107658706,0.00017592906951904852,-83,-2656
101,subject_101,1,F2,0.5,20dB,A3_minus_B4,9.323100614189173e-05,-0.0010321378707885687,-5,-160
101,subject_101,1,F3,0.2,none,A3_minus_A2,-0.04756090857678075,0.018875343222283472,-70,-2240
101,subject_101,1,F3,0.2,none,A3_minus_B4,0.06463970736849234,-0.020916043281555177,-13,-416
101,subject_101,1,F3,0.2,20dB,A3_minus_A2,-0.023342307946393248,0.023215297059747328,-92,-2944
101,subject_101,1,F3,0.2,20dB,A3_minus_B4,0.06133123231022708,-0.032862660606258365,-14,-448
101,subject_101,1,F3,0.5,none,A3_minus_A2,-0.039896725860817384,0.007737278938293457,-32,-1024
101,subject_101,1,F3,0.5,none,A3_minus_B4,0.07222550165231212,-0.008148956298828128,-6,-192
101,subject_101,1,F3,0.5,20dB,A3_minus_A2,-0.02039503614421534,0.005970123291015622,-49,-1568
101,subject_101,1,F3,0.5,20dB,A3_minus_B4,0.04226035099578063,-0.008032080650329593,-19,-608
101,subject_101,1,F4,0.2,none,A3_minus_A2,-0.09402497898973294,0.019331003224904247,-34,-1088
101,subject_101,1,F4,0.2,none,A3_minus_B4,0.06885412221905796,-0.009408616030161687,-6,-192
101,subject_101,1,F4,0.2,20dB,A3_minus_A2,-0.05817027289793231,0.022184639301449066,-42,-1344
101,subject_101,1,F4,0.2,20dB,A3_minus_B4,0.03198148651390298,-0.012758976279330703,-6,-192
101,subject_101,1,F4,0.5,none,A3_minus_A2,-0.007953907030566754,0.000857925415039068,-4,-128
101,subject_101,1,F4,0.5,none,A3_minus_B4,0.019719035878168256,-0.0019528388977050615,1,32
101,subject_101,1,F4,0.5,20dB,A3_minus_A2,-0.012897419105369679,0.0015720844268798662,-7,-224
101,subject_101,1,F4,0.5,20dB,A3_minus_B4,0.00742459478892421,-0.0009262561798095703,-2,-64
101,subject_101,1,F5,0.2,none,A3_minus_A2,-0.017889429814456292,0.006925334930420135,-72,-2304
101,subject_101,1,F5,0.2,none,A3_minus_B4,0.031595098138328837,-0.0005336236953731172,-6,-192
101,subject_101,1,F5,0.2,20dB,A3_minus_A2,-0.011298362695431052,0.0037062406539920406,-76,-2432
101,subject_101,1,F5,0.2,20dB,A3_minus_B4,-0.010086597899910288,0.004235854148871877,-12,-384
101,subject_101,1,F5,0.5,none,A3_minus_A2,-0.015008286005304683,0.002337760925293614,-61,-1952
101,subject_101,1,F5,0.5,none,A3_minus_B4,-0.005255615803424263,-0.0002960586547832364,-10,-320
101,subject_101,1,F5,0.5,20dB,A3_minus_A2,-0.009114758693513636,0.005651941299439044,-53,-1696
101,subject_101,1,F5,0.5,20dB,A3_minus_B4,-0.0048419598534295005,0.003955011367797565,-1,-32
101,subject_101,2,F0,0.2,none,A3_minus_A2,0.0029507600367431053,-0.001630043983459473,-69,-2208
101,subject_101,2,F0,0.2,none,A3_minus_B4,-0.00024607749876537355,-0.01128091812133789,15,480
101,subject_101,2,F0,0.2,20dB,A3_minus_A2,0.00027272353995044796,0.0020600557327270508,-73,-2336
101,subject_101,2,F0,0.2,20dB,A3_minus_B4,-0.002340576878012257,0.008758902549743654,8,256
101,subject_101,2,F0,0.5,none,A3_minus_A2,0.0014465471339022429,-0.0016586303710937507,-67,-2144
101,subject_101,2,F0,0.5,none,A3_minus_B4,0.0025176128047981194,-0.005695009231567384,2,64
101,subject_101,2,F0,0.5,20dB,A3_minus_A2,0.00017252326183303524,-0.0005431890487670905,-68,-2176
101,subject_101,2,F0,0.5,20dB,A3_minus_B4,0.00030788697108796725,-0.0006383419036865238,14,448
101,subject_101,2,F1,0.2,none,A3_minus_A2,-0.0009390184853401706,0.0023840665817260742,-62,-1984
101,subject_101,2,F1,0.2,none,A3_minus_B4,0.0012167715780364574,-0.0014060258865356418,13,416
101,subject_101,2,F1,0.2,20dB,A3_minus_A2,0.001658538509024865,-0.0015215396881103627,-64,-2048
101,subject_101,2,F1,0.2,20dB,A3_minus_B4,0.0007632864680875429,-0.010648941993713384,6,192
101,subject_101,2,F1,0.5,none,A3_minus_A2,-0.0005819694612299031,0.002071118354797369,-62,-1984
101,subject_101,2,F1,0.5,none,A3_minus_B4,-0.0014607639051771315,0.004982209205627447,-6,-192
101,subject_101,2,F1,0.5,20dB,A3_minus_A2,0.0007532631825650782,-0.0006286859512329018,-77,-2464
101,subject_101,2,F1,0.5,20dB,A3_minus_B4,0.000353278495767384,-0.0008879899978637695,6,192
101,subject_101,2,F2,0.2,none,A3_minus_A2,0.0006104461879736789,0.002779912948608382,-64,-2048
101,subject_101,2,F2,0.2,none,A3_minus_B4,0.0007291781376963513,0.001052808761596663,1,32
101,subject_101,2,F2,0.2,20dB,A3_minus_A2,0.0005507663423305331,0.0010943889617920088,-74,-2368
101,subject_101,2,F2,0.2,20dB,A3_minus_B4,0.002006480279643341,-0.0037554025650024248,19,608
101,subject_101,2,F2,0.5,none,A3_minus_A2,-9.441080815086877e-05,0.0004510164260864147,-62,-1984
101,subject_101,2,F2,0.5,none,A3_minus_B4,0.0005492114072769283,-0.0013877630233764815,2,64
101,subject_101,2,F2,0.5,20dB,A3_minus_A2,-0.0010293050003422621,0.0052607059478759766,-72,-2304
101,subject_101,2,F2,0.5,20dB,A3_minus_B4,-0.0012764854062741193,0.004421782493591292,8,256
101,subject_101,2,F3,0.2,none,A3_minus_A2,-0.007942299712503598,0.012297346592187924,-50,-1600
101,subject_101,2,F3,0.2,none,A3_minus_B4,0.01741631614856587,-0.007419322322737995,-9,-288
101,subject_101,2,F3,0.2,20dB,A3_minus_A2,-0.014233256484114776,0.016141697000515307,-61,-1952
101,subject_101,2,F3,0.2,20dB,A3_minus_B4,0.02997280948598302,-0.021052888799655597,-9,-288
101,subject_101,2,F3,0.5,none,A3_minus_A2,-0.019553351103589023,0.004203227011993285,-25,-800
101,subject_101,2,F3,0.5,none,A3_minus_B4,0.03181975693511774,-0.003948757202789435,-8,-256
101,subject_101,2,F3,0.5,20dB,A3_minus_A2,-0.03912535919284821,0.009906226818353694,-45,-1440
101,subject_101,2,F3,0.5,20dB,A3_minus_B4,0.05395333278956116,-0.011548679645269344,0,0
101,subject_101,2,F4,0.2,none,A3_minus_A2,-0.02083810301864375,0.004857518565679897,-17,-544
101,subject_101,2,F4,0.2,none,A3_minus_B4,0.012790815573410441,-0.0016535034042098606,12,384
101,subject_101,2,F4,0.2,20dB,A3_minus_A2,-0.015297602127706256,0.008069341183525924,-22,-704
101,subject_101,2,F4,0.2,20dB,A3_minus_B4,0.003623154815901586,-0.0008630981953541284,9,288
101,subject_101,2,F4,0.5,none,A3_minus_A2,0.0,0.0,0,0
101,subject_101,2,F4,0.5,none,A3_minus_B4,0.0,0.0,0,0
101,subject_101,2,F4,0.5,20dB,A3_minus_A2,-0.0025533751396462634,0.0004894495010376032,-5,-160
101,subject_101,2,F4,0.5,20dB,A3_minus_B4,-0.0025533751396462634,0.0004894495010376032,-5,-160
101,subject_101,2,F5,0.2,none,A3_minus_A2,0.002157297602344954,0.00212530612945408,-63,-2016
101,subject_101,2,F5,0.2,none,A3_minus_B4,0.011813696809088725,-0.00858721733093333,-15,-480
101,subject_101,2,F5,0.2,20dB,A3_minus_A2,-0.007764952273308978,0.004465065002441024,-68,-2176
101,subject_101,2,F5,0.2,20dB,A3_minus_B4,0.0017540553951427285,-0.008157916069029977,32,1024
101,subject_101,2,F5,0.5,none,A3_minus_A2,-0.017194832071211863,0.0033013296127316905,-42,-1344
101,subject_101,2,F5,0.5,none,A3_minus_B4,-0.011481465442660266,0.0006075143814085054,-3,-96
101,subject_101,2,F5,0.5,20dB,A3_minus_A2,-0.0047219522021588745,0.002300786972045707,-61,-1952
101,subject_101,2,F5,0.5,20dB,A3_minus_B4,0.0058570551150651795,-0.002771949768066953,-26,-832
102,subject_102,0,F0,0.2,none,A3_minus_A2,0.004853826503119052,-0.005409312248229978,-35,-1120
102,subject_102,0,F0,0.2,none,A3_minus_B4,0.012027840382867083,-0.0029531478881835924,13,416
102,subject_102,0,F0,0.2,20dB,A3_minus_A2,0.013535515831684108,-0.007018256187438961,-93,-2976
102,subject_102,0,F0,0.2,20dB,A3_minus_B4,-0.005428446275619336,-0.0004587650299072224,16,512
102,subject_102,0,F0,0.5,none,A3_minus_A2,1.586424274790943e-05,-0.0021173954010009766,-47,-1504
102,subject_102,0,F0,0.5,none,A3_minus_B4,0.0056646143511986935,-0.004719185829162597,9,288
102,subject_102,0,F0,0.5,20dB,A3_minus_A2,0.004769510877959959,-0.004308390617370605,-80,-2560
102,subject_102,0,F0,0.5,20dB,A3_minus_B4,0.001672487240746534,-0.0035155296325683587,18,576
102,subject_102,0,F1,0.2,none,A3_minus_A2,0.0030970789672828403,-0.0018816709518432728,-30,-960
102,subject_102,0,F1,0.2,none,A3_minus_B4,0.0053876299626143265,-0.0071750402450561634,-10,-320
102,subject_102,0,F1,0.2,20dB,A3_minus_A2,0.004237241249278156,-0.0014022827148437444,-68,-2176
102,subject_102,0,F1,0.2,20dB,A3_minus_B4,-0.004047282417225517,0.004034137725830084,17,544
102,subject_102,0,F1,0.5,none,A3_minus_A2,0.0036561979324503113,1.78337097167941e-05,-32,-1024
102,subject_102,0,F1,0.5,none,A3_minus_B4,-0.002759168027475667,0.0028789520263671903,23,736
102,subject_102,0,F1,0.5,20dB,A3_minus_A2,-0.0014893519833556468,-0.0003527164459228571,-55,-1760
102,subject_102,0,F1,0.5,20dB,A3_minus_B4,-0.0020628923008594313,0.0036380767822265514,22,704
102,subject_102,0,F2,0.2,none,A3_minus_A2,-0.003944774395925776,-0.0013668775558471347,-47,-1504
102,subject_102,0,F2,0.2,none,A3_minus_B4,-0.005569980312493783,0.0020607471466064786,-11,-352
102,subject_102,0,F2,0.2,20dB,A3_minus_A2,0.000925330179425643,-0.004158234596252419,-79,-2528
102,subject_102,0,F2,0.2,20dB,A3_minus_B4,-0.006582911304295891,0.00020918846130374424,5,160
102,subject_102,0,F2,0.5,none,A3_minus_A2,-0.004212129250227292,-0.0004718303680419922,-48,-1536
102,subject_102,0,F2,0.5,none,A3_minus_B4,-0.0011826406676647139,-0.0008644580841064564,-11,-352
102,subject_102,0,F2,0.5,20dB,A3_minus_A2,-0.0008947061140638368,-0.002156114578247076,-76,-2432
102,subject_102,0,F2,0.5,20dB,A3_minus_B4,0.010908708160714653,-0.003052186965942366,7,224
102,subject_102,0,F3,0.2,none,A3_minus_A2,0.0037122487748284527,0.004625761829509106,-52,-1664
102,subject_102,0,F3,0.2,none,A3_minus_B4,0.023426489571473752,-0.009694231809427536,-5,-160
102,subject_102,0,F3,0.2,20dB,A3_minus_A2,-0.0046306630484647116,0.013935731832971976,-70,-2240
102,subject_102,0,F3,0.2,20dB,A3_minus_B4,0.0104309628269732,-0.0016728025155974269,-31,-992
102,subject_102,0,F3,0.5,none,A3_minus_A2,0.0007544517150837038,0.00042772303821445035,-13,-416
102,subject_102,0,F3,0.5,none,A3_minus_B4,0.007509689260460917,-0.0026565994892861072,2,64
102,subject_102,0,F3,0.5,20dB,A3_minus_A2,-0.0022453954490444517,0.0019338113702442317,-30,-960
102,subject_102,0,F3,0.5,20dB,A3_minus_B4,0.017854703773998892,-0.005219117688425257,9,288
102,subject_102,0,F4,0.2,none,A3_minus_A2,-0.004128195664474532,0.0023120212554931796,-7,-224
102,subject_102,0,F4,0.2,none,A3_minus_B4,0.017653770106234035,-0.006797885894775368,2,64
102,subject_102,0,F4,0.2,20dB,A3_minus_A2,-0.003570942980880787,0.005008411407470714,-10,-320
102,subject_102,0,F4,0.2,20dB,A3_minus_B4,0.013082418485158342,-0.005646538734436046,1,32
102,subject_102,0,F4,0.5,none,A3_minus_A2,0.0015165844159685804,-0.00011730194091796875,-2,-64
102,subject_102,0,F4,0.5,none,A3_minus_B4,0.0015165844159685804,-0.00011730194091796875,-2,-64
102,subject_102,0,F4,0.5,20dB,A3_minus_A2,-0.00023044441000408256,3.8504600524902344e-05,-2,-64
102,subject_102,0,F4,0.5,20dB,A3_minus_B4,0.0020308787398484185,-0.00033168792724608265,1,32
102,subject_102,0,F5,0.2,none,A3_minus_A2,0.007707860244988041,-0.005628991127013969,-33,-1056
102,subject_102,0,F5,0.2,none,A3_minus_B4,-0.01948832891054053,0.0014462709426883574,-2,-64
102,subject_102,0,F5,0.2,20dB,A3_minus_A2,0.015591556535156315,-0.0021860218048098956,-88,-2816
102,subject_102,0,F5,0.2,20dB,A3_minus_B4,-0.034306191070641034,0.012094812393185356,16,512
102,subject_102,0,F5,0.5,none,A3_minus_A2,-0.001606300277472883,0.0006919765472408884,-52,-1664
102,subject_102,0,F5,0.5,none,A3_minus_B4,-0.011021161967374127,0.0004742050170889883,6,192
102,subject_102,0,F5,0.5,20dB,A3_minus_A2,0.003642850849603363,0.0002962064743036036,-32,-1024
102,subject_102,0,F5,0.5,20dB,A3_minus_B4,-0.00031166220972345116,0.0015716457366954512,3,96
102,subject_102,1,F0,0.2,none,A3_minus_A2,-4.085552587085317e-05,-0.00044050216674804826,-33,-1056
102,subject_102,1,F0,0.2,none,A3_minus_B4,0.0030467351905372198,-0.009119606018066405,-14,-448
102,subject_102,1,F0,0.2,20dB,A3_minus_A2,0.0016724930017772976,-0.0005805730819702162,-55,-1760
102,subject_102,1,F0,0.2,20dB,A3_minus_B4,0.013800732538920002,-0.023533225059509277,11,352
102,subject_102,1,F0,0.5,none,A3_minus_A2,-3.7925227358570623e-05,0.001737356185913086,-27,-864
102,subject_102,1,F0,0.5,none,A3_minus_B4,0.005101827812451276,-0.0021672725677490227,-12,-384
102,subject_102,1,F0,0.5,20dB,A3_minus_A2,0.0013293700400573982,0.0010266065597534183,-69,-2208
102,subject_102,1,F0,0.5,20dB,A3_minus_B4,0.0023044788544215322,-0.0065744400024414056,-8,-256
102,subject_102,1,F1,0.2,none,A3_minus_A2,0.005645685784527288,-0.001324987411499029,-28,-896
102,subject_102,1,F1,0.2,none,A3_minus_B4,0.007255497373771291,-0.0046730279922485435,-6,-192
102,subject_102,1,F1,0.2,20dB,A3_minus_A2,0.002738751632465508,-0.00045619010925292136,-46,-1472
102,subject_102,1,F1,0.2,20dB,A3_minus_B4,0.0003790458933501384,0.0005114555358886747,11,352
102,subject_102,1,F1,0.5,none,A3_minus_A2,0.0027104615913522423,-0.0008852481842041016,-21,-672
102,subject_102,1,F1,0.5,none,A3_minus_B4,0.004818762533201237,-0.004539918899536144,-1,-32
102,subject_102,1,F1,0.5,20dB,A3_minus_A2,0.0019545821857445134,-0.0015183687210083008,-48,-1536
102,subject_102,1,F1,0.5,20dB,A3_minus_B4,-0.0013185202838759125,0.0005804061889648354,32,1024
102,subject_102,1,F2,0.2,none,A3_minus_A2,0.002929868021990245,-0.0016366481781006081,-22,-704
102,subject_102,1,F2,0.2,none,A3_minus_B4,0.002473240067127236,-0.01108512878417972,14,448
102,subject_102,1,F2,0.2,20dB,A3_minus_A2,0.006266735926999445,-0.005441427230834961,-52,-1664
102,subject_102,1,F2,0.2,20dB,A3_minus_B4,0.0020496486539798298,-0.005508327484130882,-16,-512
102,subject_102,1,F2,0.5,none,A3_minus_A2,0.00014421291839461503,-0.0008751392364501898,-41,-1312
102,subject_102,1,F2,0.5,none,A3_minus_B4,6.247150619032027e-07,1.6522407531721628e-05,8,256
102,subject_102,1,F2,0.5,20dB,A3_minus_A2,-0.013972823843513282,-0.0007787227630615401,-64,-2048
102,subject_102,1,F2,0.5,20dB,A3_minus_B4,-0.010582245751965758,0.0006961345672607255,10,320
102,subject_102,1,F3,0.2,none,A3_minus_A2,-0.0012137983474787006,0.00204786624628657,-27,-864
102,subject_102,1,F3,0.2,none,A3_minus_B4,0.01352289600473533,-0.0131917290470564,-10,-320
102,subject_102,1,F3,0.2,20dB,A3_minus_A2,-0.003266754505027336,0.005827100613093786,-42,-1344
102,subject_102,1,F3,0.2,20dB,A3_minus_B4,0.01268321305583342,-0.01852072569234585,5,160
102,subject_102,1,F3,0.5,none,A3_minus_A2,-0.00127472940779505,0.0001450538635253823,-7,-224
102,subject_102,1,F3,0.5,none,A3_minus_B4,-7.063940353191356e-05,-0.0007925494248558207,3,96
102,subject_102,1,F3,0.5,20dB,A3_minus_A2,-0.002764163349111115,0.0004595756530761802,-17,-544
102,subject_102,1,F3,0.5,20dB,A3_minus_B4,0.001406265232269277,-0.0006452083587646512,-1,-32
102,subject_102,1,F4,0.2,none,A3_minus_A2,-0.005561774767887329,0.0029171466827392634,-6,-192
102,subject_102,1,F4,0.2,none,A3_minus_B4,-0.0033179644925240837,0.0015953302383422685,-2,-64
102,subject_102,1,F4,0.2,20dB,A3_minus_A2,-0.011252742241829594,0.00542858130176857,-19,-608
102,subject_102,1,F4,0.2,20dB,A3_minus_B4,0.006834866349471724,-0.0027765225724379616,-10,-320
102,subject_102,1,F4,0.5,none,A3_minus_A2,-0.0034807498777542634,0.0006225585937499611,-2,-64
102,subject_102,1,F4,0.5,none,A3_minus_B4,0.02164658601207492,-0.0022711992263794167,3,96
102,subject_102,1,F4,0.5,20dB,A3_minus_A2,0.0022301474003771915,1.7237663269026315e-05,-5,-160
102,subject_102,1,F4,0.5,20dB,A3_minus_B4,0.004304102859089554,-0.00038545131683351275,-2,-64
102,subject_102,1,F5,0.2,none,A3_minus_A2,0.008790892820591978,-0.0057075166702265645,-18,-576
102,subject_102,1,F5,0.2,none,A3_minus_B4,0.007980149810112636,-0.0035205078124995737,-6,-192
102,subject_102,1,F5,0.2,20dB,A3_minus_A2,0.01249685780598675,-0.0088615417480465,-55,-1760
102,subject_102,1,F5,0.2,20dB,A3_minus_B4,0.015317306700671551,-0.014357395172120133,-12,-384
102,subject_102,1,F5,0.5,none,A3_minus_A2,-0.0006901459269474941,0.0008325147628779409,-14,-448
102,subject_102,1,F5,0.5,none,A3_minus_B4,0.04977702078044288,-0.005936431884767238,10,320
102,subject_102,1,F5,0.5,20dB,A3_minus_A2,0.0003668452259191213,0.0024231719970703863,-28,-896
102,subject_102,1,F5,0.5,20dB,A3_minus_B4,0.018720151351880432,-0.0038613319396970935,5,160
102,subject_102,2,F0,0.2,none,A3_minus_A2,0.0169866675569601,0.004076600074768066,-82,-2624
102,subject_102,2,F0,0.2,none,A3_minus_B4,0.00044894399084327574,-0.00022208690643310547,1,32
102,subject_102,2,F0,0.2,20dB,A3_minus_A2,0.021139955462716742,-0.010203433036804203,-100,-3200
102,subject_102,2,F0,0.2,20dB,A3_minus_B4,0.012014002766674636,-0.016045212745666504,-3,-96
102,subject_102,2,F0,0.5,none,A3_minus_A2,0.023441717167312248,0.0009094953536987298,-85,-2720
102,subject_102,2,F0,0.5,none,A3_minus_B4,0.017645311618746717,0.0008004665374755845,-3,-96
102,subject_102,2,F0,0.5,20dB,A3_minus_A2,0.015894526868128978,0.0003835916519165025,-95,-3040
102,subject_102,2,F0,0.5,20dB,A3_minus_B4,0.015575349575478015,-0.0012153148651123068,12,384
102,subject_102,2,F1,0.2,none,A3_minus_A2,0.006614586236977971,-0.011935210227966314,-72,-2304
102,subject_102,2,F1,0.2,none,A3_minus_B4,-0.022006874557755296,-0.0024728536605835016,13,416
102,subject_102,2,F1,0.2,20dB,A3_minus_A2,0.010943957515081593,-0.00903968811035158,-88,-2816
102,subject_102,2,F1,0.2,20dB,A3_minus_B4,0.0011467841305563553,-0.007338213920593278,3,96
102,subject_102,2,F1,0.5,none,A3_minus_A2,0.004454354955639062,-0.004133725166320795,-77,-2464
102,subject_102,2,F1,0.5,none,A3_minus_B4,-0.008253911640220934,-0.004390072822570798,0,0
102,subject_102,2,F1,0.5,20dB,A3_minus_A2,0.006511393743085847,0.003913187980651864,-96,-3072
102,subject_102,2,F1,0.5,20dB,A3_minus_B4,0.013473578876727288,0.009281158447265625,11,352
102,subject_102,2,F2,0.2,none,A3_minus_A2,0.007439999921988516,-0.018045330047607444,-82,-2624
102,subject_102,2,F2,0.2,none,A3_minus_B4,-0.012287336816408256,-0.014113855361938488,2,64
102,subject_102,2,F2,0.2,20dB,A3_minus_A2,-0.006301800639263888,-0.007566118240356412,-96,-3072
102,subject_102,2,F2,0.2,20dB,A3_minus_B4,-0.021819676907679053,-0.006984853744506803,2,64
102,subject_102,2,F2,0.5,none,A3_minus_A2,0.000293849861357387,-0.0032602071762084794,-78,-2496
102,subject_102,2,F2,0.5,none,A3_minus_B4,0.0009869381269691502,-0.003122472763061518,11,352
102,subject_102,2,F2,0.5,20dB,A3_minus_A2,0.002588555352875943,-0.0014549493789672852,-103,-3296
102,subject_102,2,F2,0.5,20dB,A3_minus_B4,0.015883571249606376,-0.001859641075134283,6,192
102,subject_102,2,F3,0.2,none,A3_minus_A2,-0.02900069650106296,0.011130203402386157,-74,-2368
102,subject_102,2,F3,0.2,none,A3_minus_B4,0.04682928331319225,-0.02666220092709848,2,64
102,subject_102,2,F3,0.2,20dB,A3_minus_A2,-0.019629968335372894,0.01687309720162891,-94,-3008
102,subject_102,2,F3,0.2,20dB,A3_minus_B4,0.024501461494438104,-0.03464062972147479,-5,-160
102,subject_102,2,F3,0.5,none,A3_minus_A2,0.006486497342832465,0.002693276980654913,-50,-1600
102,subject_102,2,F3,0.5,none,A3_minus_B4,0.0033118349343848053,-0.0037155789481657514,-5,-160
102,subject_102,2,F3,0.5,20dB,A3_minus_A2,-0.0036877063813598454,0.0038595177945662945,-50,-1600
102,subject_102,2,F3,0.5,20dB,A3_minus_B4,0.01280258076162255,-0.006641247446804485,3,96
102,subject_102,2,F4,0.2,none,A3_minus_A2,-0.0631153564344551,0.03313689005724213,-46,-1472
102,subject_102,2,F4,0.2,none,A3_minus_B4,-0.0014019154505344744,8.812823939247094e-05,-5,-160
102,subject_102,2,F4,0.2,20dB,A3_minus_A2,-0.08848272292592618,0.026538978298614846,-55,-1760
102,subject_102,2,F4,0.2,20dB,A3_minus_B4,0.040426242546786284,-0.011408076917616194,-3,-96
102,subject_102,2,F4,0.5,none,A3_minus_A2,-0.06342939549785243,0.004814397676132287,-13,-416
102,subject_102,2,F4,0.5,none,A3_minus_B4,-0.057989252675277214,0.004363047464035125,-8,-256
102,subject_102,2,F4,0.5,20dB,A3_minus_A2,-0.061630881102622936,0.006828343255661118,-19,-608
102,subject_102,2,F4,0.5,20dB,A3_minus_B4,0.11035678200137866,-0.010738552229263204,6,192
102,subject_102,2,F5,0.2,none,A3_minus_A2,-0.029801939595310856,0.00040915489196731436,-77,-2464
102,subject_102,2,F5,0.2,none,A3_minus_B4,-0.009805176971784846,-0.0066444301605239064,-3,-96
102,subject_102,2,F5,0.2,20dB,A3_minus_A2,0.0009675151855770281,0.007773923873902078,-90,-2880
102,subject_102,2,F5,0.2,20dB,A3_minus_B4,-0.007874094615502258,0.005298047065734751,6,192
102,subject_102,2,F5,0.5,none,A3_minus_A2,0.007555514120268114,0.005079498291015477,-49,-1568
102,subject_102,2,F5,0.5,none,A3_minus_B4,0.021824604053426455,0.0018931484222413503,-7,-224
102,subject_102,2,F5,0.5,20dB,A3_minus_A2,-0.06226416952322289,0.011630463600159402,-56,-1792
102,subject_102,2,F5,0.5,20dB,A3_minus_B4,-0.00584915808682851,-0.0035883045196515168,0,0
103,subject_103,0,F0,0.2,none,A3_minus_A2,-0.001821902958383248,0.0011887550354003906,-98,-3136
103,subject_103,0,F0,0.2,none,A3_minus_B4,0.0009309216905499795,0.002456974983215331,-11,-352
103,subject_103,0,F0,0.2,20dB,A3_minus_A2,-0.0006039530900920909,0.004860711097717286,-107,-3424
103,subject_103,0,F0,0.2,20dB,A3_minus_B4,-0.0015076830232594318,0.00780642032623291,-21,-672
103,subject_103,0,F0,0.5,none,A3_minus_A2,0.00032757453506704337,-0.00031247138977050833,-90,-2880
103,subject_103,0,F0,0.5,none,A3_minus_B4,0.0,0.0,-3,-96
103,subject_103,0,F0,0.5,20dB,A3_minus_A2,-0.00018860672067511075,-0.0003124713897705077,-97,-3104
103,subject_103,0,F0,0.5,20dB,A3_minus_B4,0.0,0.0,2,64
103,subject_103,0,F1,0.2,none,A3_minus_A2,0.000183398470944951,-5.474090576172708e-05,-81,-2592
103,subject_103,0,F1,0.2,none,A3_minus_B4,-0.013054963335420666,0.0027012586593627846,-13,-416
103,subject_103,0,F1,0.2,20dB,A3_minus_A2,-0.0003706127352813837,-0.0005986452102661188,-87,-2784
103,subject_103,0,F1,0.2,20dB,A3_minus_B4,-0.009295788829554397,0.0015458583831787082,-5,-160
103,subject_103,0,F1,0.5,none,A3_minus_A2,0.0,0.0,-74,-2368
103,subject_103,0,F1,0.5,none,A3_minus_B4,0.0,0.0,-7,-224
103,subject_103,0,F1,0.5,20dB,A3_minus_A2,-3.7221129533193675e-05,-0.00031247138977050226,-85,-2720
103,subject_103,0,F1,0.5,20dB,A3_minus_B4,0.0,0.0,10,320
103,subject_103,0,F2,0.2,none,A3_minus_A2,0.0073131501114982456,-0.003836131095886236,-88,-2816
103,subject_103,0,F2,0.2,none,A3_minus_B4,0.0059157032290695355,-0.0036869525909423717,-18,-576
103,subject_103,0,F2,0.2,20dB,A3_minus_A2,0.00047094299713812404,-0.004185581207275385,-77,-2464
103,subject_103,0,F2,0.2,20dB,A3_minus_B4,0.0010000253972659578,-0.001856684684753418,-8,-256
103,subject_103,0,F2,0.5,none,A3_minus_A2,0.00041359482842828754,-0.0021654844284057506,-75,-2400
103,subject_103,0,F2,0.5,none,A3_minus_B4,-0.001936916102723174,-0.003320288658142073,-5,-160
103,subject_103,0,F2,0.5,20dB,A3_minus_A2,0.00019994605086637307,-0.0012400865554809681,-88,-2816
103,subject_103,0,F2,0.5,20dB,A3_minus_B4,0.0,0.0,6,192
103,subject_103,0,F3,0.2,none,A3_minus_A2,-0.03316722997194077,0.017517375946044925,-63,-2016
103,subject_103,0,F3,0.2,none,A3_minus_B4,0.04266299585368927,-0.01655125617980957,-21,-672
103,subject_103,0,F3,0.2,20dB,A3_minus_A2,-0.048093096131800905,0.035817170143127436,-94,-3008
103,subject_103,0,F3,0.2,20dB,A3_minus_B4,0.0082137783709193,-0.005633616447448725,-21,-672
103,subject_103,0,F3,0.5,none,A3_minus_A2,-0.016039313151495094,0.0027776479721069447,-17,-544
103,subject_103,0,F3,0.5,none,A3_minus_B4,0.008207000140721732,-0.0008193731307983287,-6,-192
103,subject_103,0,F3,0.5,20dB,A3_minus_A2,-0.03690380177249786,0.009857130050659177,-53,-1696
103,subject_103,0,F3,0.5,20dB,A3_minus_B4,0.01989880687953338,-0.0047789812088012695,-19,-608
103,subject_103,0,F4,0.2,none,A3_minus_A2,-0.024572862000585616,0.006103812728769975,-18,-576
103,subject_103,0,F4,0.2,none,A3_minus_B4,0.032082063359762714,-0.0035835871354268634,-10,-320
103,subject_103,0,F4,0.2,20dB,A3_minus_A2,-0.041173489221979054,0.015167634720683415,-39,-1248
103,subject_103,0,F4,0.2,20dB,A3_minus_B4,0.045190219631319195,-0.005881465106318651,-10,-320
103,subject_103,0,F4,0.5,none,A3_minus_A2,-0.011631274938986635,0.0009760618209838923,-4,-128
103,subject_103,0,F4,0.5,none,A3_minus_B4,0.0024872517055456456,-0.0002105712890624889,-1,-32
103,subject_103,0,F4,0.5,20dB,A3_minus_A2,-0.008366520276895884,0.0009660482406616266,-6,-192
103,subject_103,0,F4,0.5,20dB,A3_minus_B4,3.706570273109833e-05,-1.0371208190917969e-05,-2,-64
103,subject_103,0,F5,0.2,none,A3_minus_A2,-0.00039984256531511164,-0.0004557323455811682,-83,-2656
103,subject_103,0,F5,0.2,none,A3_minus_B4,-0.0025989500247547426,-0.004969401359558215,-8,-256
103,subject_103,0,F5,0.2,20dB,A3_minus_A2,-0.003321406972570884,0.004318566322327112,-91,-2912
103,subject_103,0,F5,0.2,20dB,A3_minus_B4,-0.0009739683240752584,0.0009652900695826389,1,32
103,subject_103,0,F5,0.5,none,A3_minus_A2,-0.00668547391684271,0.002085700035094895,-41,-1312
103,subject_103,0,F5,0.5,none,A3_minus_B4,0.0043321030726168885,0.0012710094451911444,1,32
103,subject_103,0,F5,0.5,20dB,A3_minus_A2,-0.019602339623149945,0.0048452901840207035,-54,-1728
103,subject_103,0,F5,0.5,20dB,A3_minus_B4,-0.002396562311028916,-0.0018931627273550689,-1,-32
103,subject_103,1,F0,0.2,none,A3_minus_A2,0.00025316256624563493,0.0015154600143432607,-90,-2880
103,subject_103,1,F0,0.2,none,A3_minus_B4,-9.464874333886542e-05,0.0039387702941894535,15,480
103,subject_103,1,F0,0.2,20dB,A3_minus_A2,-0.017075165569721662,0.01132783889770508,-102,-3264
103,subject_103,1,F0,0.2,20dB,A3_minus_B4,-0.024986442763520245,0.01806349754333496,23,736
103,subject_103,1,F0,0.5,none,A3_minus_A2,0.0,0.0,-90,-2880
103,subject_103,1,F0,0.5,none,A3_minus_B4,0.0,0.0,15,480
103,subject_103,1,F0,0.5,20dB,A3_minus_A2,-0.0008705708478906615,0.00038108825683593785,-98,-3136
103,subject_103,1,F0,0.5,20dB,A3_minus_B4,0.00036458624175494947,-0.0008772373199462885,11,352
103,subject_103,1,F1,0.2,none,A3_minus_A2,-0.008290638107549597,0.0031567573547363337,-77,-2464
103,subject_103,1,F1,0.2,none,A3_minus_B4,0.07580981962442124,-0.002300643920898432,-2,-64
103,subject_103,1,F1,0.2,20dB,A3_minus_A2,-0.04454026360344976,0.009542274475097645,-85,-2720
103,subject_103,1,F1,0.2,20dB,A3_minus_B4,-0.034525335096050824,0.006904888153076161,23,736
103,subject_103,1,F1,0.5,none,A3_minus_A2,4.133296087616145e-07,8.58306884765625e-06,-77,-2464
103,subject_103,1,F1,0.5,none,A3_minus_B4,4.133296087616145e-07,8.58306884765625e-06,0,0
103,subject_103,1,F1,0.5,20dB,A3_minus_A2,-0.003579988454241345,0.0008328676223754855,-86,-2752
103,subject_103,1,F1,0.5,20dB,A3_minus_B4,-0.0038355730786214792,0.0022849798202514704,19,608
103,subject_103,1,F2,0.2,none,A3_minus_A2,-0.0033078734316731584,0.0002105474472045843,-71,-2272
103,subject_103,1,F2,0.2,none,A3_minus_B4,-0.0013583740842104675,0.0006242513656616044,-4,-128
103,subject_103,1,F2,0.2,20dB,A3_minus_A2,0.0027079356078765215,-0.003301477432250982,-93,-2976
103,subject_103,1,F2,0.2,20dB,A3_minus_B4,0.0018187401276854587,-0.0028415918350219727,-3,-96
103,subject_103,1,F2,0.5,none,A3_minus_A2,0.002028603229133452,6.575584411622204e-05,-71,-2272
103,subject_103,1,F2,0.5,none,A3_minus_B4,-0.0004937492807215449,0.00010228157043457031,-8,-256
103,subject_103,1,F2,0.5,20dB,A3_minus_A2,-9.408945219213649e-05,7.309913635253351e-05,-95,-3040
103,subject_103,1,F2,0.5,20dB,A3_minus_B4,-0.00020976952189677434,0.0016258001327514593,-1,-32
103,subject_103,1,F3,0.2,none,A3_minus_A2,-0.026735235209891073,0.019198131561279308,-79,-2528
103,subject_103,1,F3,0.2,none,A3_minus_B4,0.17845287646297692,-0.03980076313018799,-3,-96
103,subject_103,1,F3,0.2,20dB,A3_minus_A2,-0.03116251472356879,0.024299043476392793,-88,-2816
103,subject_103,1,F3,0.2,20dB,A3_minus_B4,0.04260333680955242,-0.035407634936366256,15,480
103,subject_103,1,F3,0.5,none,A3_minus_A2,-0.0338685879599403,0.0065314531326294,-38,-1216
103,subject_103,1,F3,0.5,none,A3_minus_B4,0.01053395341270047,-0.0010676145553588923,-7,-224
103,subject_103,1,F3,0.5,20dB,A3_minus_A2,-0.03436520642039298,0.009189248085021973,-50,-1600
103,subject_103,1,F3,0.5,20dB,A3_minus_B4,-0.00976435392702868,-0.00027031898498536266,-8,-256
103,subject_103,1,F4,0.2,none,A3_minus_A2,-0.03804351456945909,0.008671795120804154,-22,-704
103,subject_103,1,F4,0.2,none,A3_minus_B4,0.030311106177325797,-0.007048738652471465,5,160
103,subject_103,1,F4,0.2,20dB,A3_minus_A2,-0.029418585878094206,0.013604256816933252,-34,-1088
103,subject_103,1,F4,0.2,20dB,A3_minus_B4,0.026978150178010196,-0.007007719396670109,3,96
103,subject_103,1,F4,0.5,none,A3_minus_A2,-0.010725977393962083,0.0010703783078568896,-9,-288
103,subject_103,1,F4,0.5,none,A3_minus_B4,0.0031439684280414326,0.0003699779510498158,2,64
103,subject_103,1,F4,0.5,20dB,A3_minus_A2,-0.008349055181698262,0.0011977195739746038,-8,-256
103,subject_103,1,F4,0.5,20dB,A3_minus_B4,0.004792248884719186,-0.00046448707580565296,0,0
103,subject_103,1,F5,0.2,none,A3_minus_A2,-0.014571524480306408,0.007340698242187554,-65,-2080
103,subject_103,1,F5,0.2,none,A3_minus_B4,0.0411779899361413,-0.01483324527740601,12,384
103,subject_103,1,F5,0.2,20dB,A3_minus_A2,0.00201420510029493,0.0018468093872069657,-80,-2560
103,subject_103,1,F5,0.2,20dB,A3_minus_B4,-0.0006446782041500398,0.001462392807007079,19,608
103,subject_103,1,F5,0.5,none,A3_minus_A2,-0.025873943337145988,0.005559854507446005,-41,-1312
103,subject_103,1,F5,0.5,none,A3_minus_B4,0.018584368779912097,-0.0034041070938091306,-9,-288
103,subject_103,1,F5,0.5,20dB,A3_minus_A2,-0.006086045015340602,0.0015865421295158666,-72,-2304
103,subject_103,1,F5,0.5,20dB,A3_minus_B4,0.028322654005402015,-0.008256363868712306,22,704
103,subject_103,2,F0,0.2,none,A3_minus_A2,-0.0005401446198796123,0.0007441043853759766,-60,-1920
103,subject_103,2,F0,0.2,none,A3_minus_B4,-0.005780661105728058,-0.0035183668136596676,-14,-448
103,subject_103,2,F0,0.2,20dB,A3_minus_A2,0.0017608243028597315,0.002386045455932616,-87,-2784
103,subject_103,2,F0,0.2,20dB,A3_minus_B4,5.3169135458830397e-05,0.0013750553131103502,3,96
103,subject_103,2,F0,0.5,none,A3_minus_A2,0.0,0.0,-69,-2208
103,subject_103,2,F0,0.5,none,A3_minus_B4,0.0,0.0,-20,-640
103,subject_103,2,F0,0.5,20dB,A3_minus_A2,-0.002185526262520554,0.00237255096435547,-90,-2880
103,subject_103,2,F0,0.5,20dB,A3_minus_B4,-0.004750764618741243,-0.00022060871124267474,8,256
103,subject_103,2,F1,0.2,none,A3_minus_A2,0.0017790888588926634,-0.0014478206634521429,-59,-1888
103,subject_103,2,F1,0.2,none,A3_minus_B4,0.002152221932774978,-0.005064153671264643,-32,-1024
103,subject_103,2,F1,0.2,20dB,A3_minus_A2,-0.0037865797719636163,0.0016072988510131836,-81,-2592
103,subject_103,2,F1,0.2,20dB,A3_minus_B4,0.001649148698698255,0.0007698774337768638,2,64
103,subject_103,2,F1,0.5,none,A3_minus_A2,0.00027815073621262343,-0.00023427009582520364,-51,-1632
103,subject_103,2,F1,0.5,none,A3_minus_B4,0.0005408396608341803,-0.0004843711853027427,-10,-320
103,subject_103,2,F1,0.5,20dB,A3_minus_A2,0.0003302928954305173,-0.0007335662841796986,-86,-2752
103,subject_103,2,F1,0.5,20dB,A3_minus_B4,0.002061430859747304,-0.0029330968856811634,-16,-512
103,subject_103,2,F2,0.2,none,A3_minus_A2,5.29941179951976e-05,-5.929470062254749e-05,-54,-1728
103,subject_103,2,F2,0.2,none,A3_minus_B4,-0.000190497963302505,0.0007746458053588812,-18,-576
103,subject_103,2,F2,0.2,20dB,A3_minus_A2,1.4331400590705812e-05,0.0029058218002319114,-74,-2368
103,subject_103,2,F2,0.2,20dB,A3_minus_B4,0.0005357930264988653,0.0035351276397704856,-20,-640
103,subject_103,2,F2,0.5,none,A3_minus_A2,-5.784655556517748e-05,0.0004748344421386663,-57,-1824
103,subject_103,2,F2,0.5,none,A3_minus_B4,-5.7678869431754265e-05,0.00047471523284911554,-22,-704
103,subject_103,2,F2,0.5,20dB,A3_minus_A2,-0.00015021563307549002,0.0004508733749389593,-76,-2432
103,subject_103,2,F2,0.5,20dB,A3_minus_B4,0.0014965655438441416,-0.003649806976318365,0,0
103,subject_103,2,F3,0.2,none,A3_minus_A2,-0.0052704342761984435,0.004812842420586591,-42,-1344
103,subject_103,2,F3,0.2,none,A3_minus_B4,-0.00016508052742381096,0.0010509548702325872,-21,-672
103,subject_103,2,F3,0.2,20dB,A3_minus_A2,-0.018800260757444676,0.01816458702087402,-72,-2304
103,subject_103,2,F3,0.2,20dB,A3_minus_B4,0.020228144927186165,-0.013645601272583005,-12,-384
103,subject_103,2,F3,0.5,none,A3_minus_A2,-0.0024761781734383703,0.001184439659118658,-18,-576
103,subject_103,2,F3,0.5,none,A3_minus_B4,-0.0023972513837584586,0.0011353492736816406,-8,-256
103,subject_103,2,F3,0.5,20dB,A3_minus_A2,-0.003890532503557864,0.0021663999557495067,-23,-736
103,subject_103,2,F3,0.5,20dB,A3_minus_B4,-0.0037154744421172836,0.0019521951675414984,-5,-160
103,subject_103,2,F4,0.2,none,A3_minus_A2,-0.008846060871924522,0.0015864133834838923,-10,-320
103,subject_103,2,F4,0.2,none,A3_minus_B4,-0.006667039724579382,0.0012543916702270619,-9,-288
103,subject_103,2,F4,0.2,20dB,A3_minus_A2,-0.010997102201191211,0.005473560373398356,-22,-704
103,subject_103,2,F4,0.2,20dB,A3_minus_B4,0.0035297394206992294,-0.0013210831160398173,-2,-64
103,subject_103,2,F4,0.5,none,A3_minus_A2,0.0,0.0,0,0
103,subject_103,2,F4,0.5,none,A3_minus_B4,0.0,0.0,0,0
103,subject_103,2,F4,0.5,20dB,A3_minus_A2,-0.003351991453403258,0.00031194686889646217,-2,-64
103,subject_103,2,F4,0.5,20dB,A3_minus_B4,0.0012454066278486664,-0.0003903627395629994,1,32
103,subject_103,2,F5,0.2,none,A3_minus_A2,-0.008711195825487295,0.004227828979490228,-38,-1216
103,subject_103,2,F5,0.2,none,A3_minus_B4,0.005397376227975315,-0.0022009468078614813,-15,-480
103,subject_103,2,F5,0.2,20dB,A3_minus_A2,-0.003799062861723712,0.0077821445465088915,-87,-2784
103,subject_103,2,F5,0.2,20dB,A3_minus_B4,0.008618192046657924,-0.001173424720764163,-8,-256
103,subject_103,2,F5,0.5,none,A3_minus_A2,-0.0012692042468636089,0.0003905773162841755,-5,-160
103,subject_103,2,F5,0.5,none,A3_minus_B4,-0.0013403479720928146,0.0005468034744261288,-3,-96
103,subject_103,2,F5,0.5,20dB,A3_minus_A2,-0.010701766938829849,0.0022459554672241908,-52,-1664
103,subject_103,2,F5,0.5,20dB,A3_minus_B4,0.0016829574593835162,-0.0009338998794552467,-11,-352
104,subject_104,0,F0,0.2,none,A3_minus_A2,0.007089796733300346,-0.0008828639984130859,-13,-416
104,subject_104,0,F0,0.2,none,A3_minus_B4,-0.009819998221964,0.0012767314910888672,-1,-32
104,subject_104,0,F0,0.2,20dB,A3_minus_A2,0.002613301315133043,-0.00035881996154785156,-13,-416
104,subject_104,0,F0,0.2,20dB,A3_minus_B4,-0.0030610986938341966,-2.6893615722653474e-05,2,64
104,subject_104,0,F0,0.5,none,A3_minus_A2,0.00576601257310827,0.00012655258178711007,-11,-352
104,subject_104,0,F0,0.5,none,A3_minus_B4,-0.011260111024421704,-0.0010084629058837898,1,32
104,subject_104,0,F0,0.5,20dB,A3_minus_A2,0.0071468675769104095,-0.00041058063507080217,-14,-448
104,subject_104,0,F0,0.5,20dB,A3_minus_B4,-0.003114006730831065,-0.0010113716125488281,0,0
104,subject_104,0,F1,0.2,none,A3_minus_A2,-0.019329614363087444,-0.003978300094604509,-15,-480
104,subject_104,0,F1,0.2,none,A3_minus_B4,-0.006474381896174108,-0.0009191036224365234,-2,-64
104,subject_104,0,F1,0.2,20dB,A3_minus_A2,-0.00086268801761058,-0.001299142837524414,-21,-672
104,subject_104,0,F1,0.2,20dB,A3_minus_B4,0.008721395144599242,0.0043121337890625056,-3,-96
104,subject_104,0,F1,0.5,none,A3_minus_A2,-0.009193007920853091,-0.0002091407775878934,-14,-448
104,subject_104,0,F1,0.5,none,A3_minus_B4,-0.000588740512032615,0.0005771160125732505,-1,-32
104,subject_104,0,F1,0.5,20dB,A3_minus_A2,0.0004305994680020575,-0.0017972946166992243,-13,-416
104,subject_104,0,F1,0.5,20dB,A3_minus_B4,0.0002343701774858431,0.0007204294204711942,4,128
104,subject_104,0,F2,0.2,none,A3_minus_A2,0.0008779615780110106,-0.0011494874954223744,-16,-512
104,subject_104,0,F2,0.2,none,A3_minus_B4,0.001967401085288145,0.0009658098220824973,0,0
104,subject_104,0,F2,0.2,20dB,A3_minus_A2,0.002960752232892716,0.00034787654876711205,-16,-512
104,subject_104,0,F2,0.2,20dB,A3_minus_B4,-0.0019981188895190627,0.001379346847534213,0,0
104,subject_104,0,F2,0.5,none,A3_minus_A2,6.8950231408848595e-06,-0.0008396387100219893,-11,-352
104,subject_104,0,F2,0.5,none,A3_minus_B4,1.862461219914735e-06,1.0871887207025699e-05,-1,-32
104,subject_104,0,F2,0.5,20dB,A3_minus_A2,0.0021027919956786434,2.8228759765602796e-05,-13,-416
104,subject_104,0,F2,0.5,20dB,A3_minus_B4,-0.00025965153659690543,0.0003707170486449973,3,96
104,subject_104,0,F3,0.2,none,A3_minus_A2,0.016761695183038938,-0.0005733194565808591,-15,-480
104,subject_104,0,F3,0.2,none,A3_minus_B4,0.012254850127799699,0.0026506843352282206,-3,-96
104,subject_104,0,F3,0.2,20dB,A3_minus_A2,0.0037597192806977375,9.255123138426913e-05,-17,-544
104,subject_104,0,F3,0.2,20dB,A3_minus_B4,0.0026761467495184377,0.002164800441390294,-3,-96
104,subject_104,0,F3,0.5,none,A3_minus_A2,0.014436697483514394,-0.00027184486389160434,-9,-288
104,subject_104,0,F3,0.5,none,A3_minus_B4,0.013346949575321787,-0.0005483150482177707,2,64
104,subject_104,0,F3,0.5,20dB,A3_minus_A2,0.004009613728277017,-0.001569509506225586,-7,-224
104,subject_104,0,F3,0.5,20dB,A3_minus_B4,0.001772438889176442,0.000439500808715812,3,96
104,subject_104,0,F4,0.2,none,A3_minus_A2,-0.018458856637524335,0.00601489543914796,-11,-352
104,subject_104,0,F4,0.2,none,A3_minus_B4,-0.013497065892927651,0.005612492561340332,-4,-128
104,subject_104,0,F4,0.2,20dB,A3_minus_A2,-0.001681049866784079,0.007623144165904011,-13,-416
104,subject_104,0,F4,0.2,20dB,A3_minus_B4,0.04498274600060448,-0.006118966102600126,1,32
104,subject_104,0,F4,0.5,none,A3_minus_A2,-0.0059301563028473225,0.0006242275238037276,-2,-64
104,subject_104,0,F4,0.5,none,A3_minus_B4,-0.0010623587360427678,-0.0003071784973144587,2,64
104,subject_104,0,F4,0.5,20dB,A3_minus_A2,-0.009150055332590057,0.0005768060684203935,-4,-128
104,subject_104,0,F4,0.5,20dB,A3_minus_B4,0.032571304637478704,-0.002543377876281755,0,0
104,subject_104,0,F5,0.2,none,A3_minus_A2,0.009984080601238787,0.00044805049896190496,-15,-480
104,subject_104,0,F5,0.2,none,A3_minus_B4,0.02122072380013762,-0.006349277496337888,-3,-96
104,subject_104,0,F5,0.2,20dB,A3_minus_A2,0.011850667060622655,-0.0003851985931404983,-19,-608
104,subject_104,0,F5,0.2,20dB,A3_minus_B4,0.012727287385725816,0.0015837144851692658,-4,-128
104,subject_104,0,F5,0.5,none,A3_minus_A2,0.016284700165030586,-0.0005653095245360673,-4,-128
104,subject_104,0,F5,0.5,none,A3_minus_B4,0.014180467501246241,-0.0005411148071289146,3,96
104,subject_104,0,F5,0.5,20dB,A3_minus_A2,0.002364711894180971,-0.0001510190963743968,-7,-224
104,subject_104,0,F5,0.5,20dB,A3_minus_B4,-0.014296109040486726,0.0020534801483153217,1,32
104,subject_104,1,F0,0.2,none,A3_minus_A2,3.702739555677681e-05,0.0007984638214111328,-77,-2464
104,subject_104,1,F0,0.2,none,A3_minus_B4,0.011938273719600545,-0.011982131004333492,-1,-32
104,subject_104,1,F0,0.2,20dB,A3_minus_A2,0.0005159498967159948,-0.003346562385559082,-101,-3232
104,subject_104,1,F0,0.2,20dB,A3_minus_B4,-0.018824553151160828,0.0032096862792968736,9,288
104,subject_104,1,F0,0.5,none,A3_minus_A2,0.004521887465182672,-0.0008180618286132806,-74,-2368
104,subject_104,1,F0,0.5,none,A3_minus_B4,-0.003895532898281928,0.004561161994934081,-14,-448
104,subject_104,1,F0,0.5,20dB,A3_minus_A2,0.0030227122836929965,-0.0017398834228515639,-81,-2592
104,subject_104,1,F0,0.5,20dB,A3_minus_B4,0.013493816573758366,-0.0044197320938110345,0,0
104,subject_104,1,F1,0.2,none,A3_minus_A2,0.004432786470442096,-0.0033991336822509766,-59,-1888
104,subject_104,1,F1,0.2,none,A3_minus_B4,0.007821187641201988,-0.00431034564971923,-22,-704
104,subject_104,1,F1,0.2,20dB,A3_minus_A2,-0.005490136792959177,0.0007564783096313532,-87,-2784
104,subject_104,1,F1,0.2,20dB,A3_minus_B4,0.05255336491070217,-0.016056013107299816,15,480
104,subject_104,1,F1,0.5,none,A3_minus_A2,0.002527076371460879,-0.0010944843292236411,-55,-1760
104,subject_104,1,F1,0.5,none,A3_minus_B4,-6.30335916316227e-05,0.0023380756378173773,-24,-768
104,subject_104,1,F1,0.5,20dB,A3_minus_A2,0.023784602507802788,0.00036008358001710095,-78,-2496
104,subject_104,1,F1,0.5,20dB,A3_minus_B4,0.05224519270068129,0.004481458663940438,-4,-128
104,subject_104,1,F2,0.2,none,A3_minus_A2,-0.028248265936046124,0.010610055923461925,-76,-2432
104,subject_104,1,F2,0.2,none,A3_minus_B4,0.24190029821185988,-0.01830911636352539,7,224
104,subject_104,1,F2,0.2,20dB,A3_minus_A2,0.00393797207821045,-0.0051724910736083984,-76,-2432
104,subject_104,1,F2,0.2,20dB,A3_minus_B4,0.0021897802929533583,0.00465409755706786,22,704
104,subject_104,1,F2,0.5,none,A3_minus_A2,0.001615485443089426,-0.0013212442398071456,-63,-2016
104,subject_104,1,F2,0.5,none,A3_minus_B4,0.00039170879652417057,0.0025840759277343806,-2,-64
104,subject_104,1,F2,0.5,20dB,A3_minus_A2,0.0010720204663208222,-0.0025162935256957952,-80,-2560
104,subject_104,1,F2,0.5,20dB,A3_minus_B4,-0.0016765613306208849,0.0004330873489379883,10,320
104,subject_104,1,F3,0.2,none,A3_minus_A2,-0.02999064360826509,0.008659234561688073,-58,-1856
104,subject_104,1,F3,0.2,none,A3_minus_B4,0.09473072358695944,-0.02276755507371092,-18,-576
104,subject_104,1,F3,0.2,20dB,A3_minus_A2,-0.0333882210759473,0.011534908163366692,-65,-2080
104,subject_104,1,F3,0.2,20dB,A3_minus_B4,0.046187922386536684,-0.015003637097163652,8,256
104,subject_104,1,F3,0.5,none,A3_minus_A2,-0.01674441963001172,0.004036951065063479,-27,-864
104,subject_104,1,F3,0.5,none,A3_minus_B4,0.05875897891881543,-0.0082751750946045,-4,-128
104,subject_104,1,F3,0.5,20dB,A3_minus_A2,-0.01701692053019066,0.005591599640398737,-38,-1216
104,subject_104,1,F3,0.5,20dB,A3_minus_B4,0.017921676279035736,-0.0027166843414306724,-12,-384
104,subject_104,1,F4,0.2,none,A3_minus_A2,-0.037740500898870266,0.012146105795402096,-19,-608
104,subject_104,1,F4,0.2,none,A3_minus_B4,-0.024667934648551437,0.010781723812545413,6,192
104,subject_104,1,F4,0.2,20dB,A3_minus_A2,-0.059900122051042004,0.0207817375761232,-45,-1440
104,subject_104,1,F4,0.2,20dB,A3_minus_B4,0.018745993271087613,-0.005872038925357481,3,96
104,subject_104,1,F4,0.5,none,A3_minus_A2,0.0,0.0,0,0
104,subject_104,1,F4,0.5,none,A3_minus_B4,0.0,0.0,0,0
104,subject_104,1,F4,0.5,20dB,A3_minus_A2,-0.014035672274459898,0.002096817049152183,-8,-256
104,subject_104,1,F4,0.5,20dB,A3_minus_B4,-0.014035672274459898,0.002096817049152183,-8,-256
104,subject_104,1,F5,0.2,none,A3_minus_A2,0.02080271111757881,-0.00022080898284942974,-62,-1984
104,subject_104,1,F5,0.2,none,A3_minus_B4,0.017403857241248488,0.0014766693115239732,-5,-160
104,subject_104,1,F5,0.2,20dB,A3_minus_A2,0.007761068819986505,0.00011516571044954682,-82,-2624
104,subject_104,1,F5,0.2,20dB,A3_minus_B4,0.007445794712051423,-0.0022846508026086454,16,512
104,subject_104,1,F5,0.5,none,A3_minus_A2,-0.0026189980679340863,0.001797752380370804,-31,-992
104,subject_104,1,F5,0.5,none,A3_minus_B4,0.00997922900805115,-0.004079151153565164,-4,-128
104,subject_104,1,F5,0.5,20dB,A3_minus_A2,0.014355945253800684,0.0005896234512329512,-54,-1728
104,subject_104,1,F5,0.5,20dB,A3_minus_B4,0.012170149424003185,0.003646349906921746,-6,-192
104,subject_104,2,F0,0.2,none,A3_minus_A2,0.0017419315272384495,0.0038815975189209,-68,-2176
104,subject_104,2,F0,0.2,none,A3_minus_B4,-0.01835572011782105,0.016900062561035156,3,96
104,subject_104,2,F0,0.2,20dB,A3_minus_A2,0.011950699384239982,-0.009451961517333983,-125,-4000
104,subject_104,2,F0,0.2,20dB,A3_minus_B4,0.017867504147226043,-0.004549860954284668,21,672
104,subject_104,2,F0,0.5,none,A3_minus_A2,0.004522452185717896,-0.0017605304718017571,-67,-2144
104,subject_104,2,F0,0.5,none,A3_minus_B4,0.0001141546018459394,0.0014769792556762699,-4,-128
104,subject_104,2,F0,0.5,20dB,A3_minus_A2,0.009670083585334055,-0.0004954576492309584,-97,-3104
104,subject_104,2,F0,0.5,20dB,A3_minus_B4,0.007460968170827087,0.0035286903381347642,-5,-160
104,subject_104,2,F1,0.2,none,A3_minus_A2,-0.05408587600123482,0.0047904253005981445,-45,-1440
104,subject_104,2,F1,0.2,none,A3_minus_B4,-0.039760857874725275,-0.0008383274078369168,-12,-384
104,subject_104,2,F1,0.2,20dB,A3_minus_A2,-0.0007556336152862997,-0.0035079956054687444,-97,-3104
104,subject_104,2,F1,0.2,20dB,A3_minus_B4,-0.013205106489273533,0.012009310722351077,12,384
104,subject_104,2,F1,0.5,none,A3_minus_A2,0.014218448172011122,-0.0012787342071533259,-53,-1696
104,subject_104,2,F1,0.5,none,A3_minus_B4,-0.0002522770201309754,0.0004398822784423828,-14,-448
104,subject_104,2,F1,0.5,20dB,A3_minus_A2,-0.010794772349303372,-0.0006829261779785073,-69,-2208
104,subject_104,2,F1,0.5,20dB,A3_minus_B4,0.003951868785264878,-0.0021440505981445285,15,480
104,subject_104,2,F2,0.2,none,A3_minus_A2,0.009997061459339207,-0.001221299171447754,-66,-2112
104,subject_104,2,F2,0.2,none,A3_minus_B4,0.05789798564515003,0.006465125083923329,-4,-128
104,subject_104,2,F2,0.2,20dB,A3_minus_A2,-0.005874573385794335,-0.008393144607543979,-98,-3136
104,subject_104,2,F2,0.2,20dB,A3_minus_B4,0.10837124274280718,-0.032573747634887684,20,640
104,subject_104,2,F2,0.5,none,A3_minus_A2,0.0013930532082682134,-0.000149893760681169,-66,-2112
104,subject_104,2,F2,0.5,none,A3_minus_B4,-0.0017941681798099296,0.005567145347595198,-7,-224
104,subject_104,2,F2,0.5,20dB,A3_minus_A2,0.0010614465419767072,0.0024317502975463867,-80,-2560
104,subject_104,2,F2,0.5,20dB,A3_minus_B4,-0.00018938427266412816,0.0050121068954467884,24,768
104,subject_104,2,F3,0.2,none,A3_minus_A2,-0.01552469147160096,-0.00037818980244799794,-40,-1280
104,subject_104,2,F3,0.2,none,A3_minus_B4,0.02202802015750649,-0.006650890086606895,-4,-128
104,subject_104,2,F3,0.2,20dB,A3_minus_A2,-0.023114359763644288,0.01642071198026107,-96,-3072
104,subject_104,2,F3,0.2,20dB,A3_minus_B4,0.03126888409649631,-0.02263172468667747,-20,-640
104,subject_104,2,F3,0.5,none,A3_minus_A2,-0.0012810466157642253,6.365776062014494e-06,-11,-352
104,subject_104,2,F3,0.5,none,A3_minus_B4,-0.0012018609537012281,0.0002481460571289035,-4,-128
104,subject_104,2,F3,0.5,20dB,A3_minus_A2,-0.026772143174502716,0.005672685623168944,-35,-1120
104,subject_104,2,F3,0.5,20dB,A3_minus_B4,-0.015511079404657124,0.003524415016174315,-12,-384
104,subject_104,2,F4,0.2,none,A3_minus_A2,-0.042882236240298965,0.00480718612670894,-3,-96
104,subject_104,2,F4,0.2,none,A3_minus_B4,-0.06753214820128406,0.008244705200195268,4,128
104,subject_104,2,F4,0.2,20dB,A3_minus_A2,-0.0025862731532129146,0.00689768435221913,-22,-704
104,subject_104,2,F4,0.2,20dB,A3_minus_B4,0.022243743745436362,-0.004253762981668324,-5,-160
104,subject_104,2,F4,0.5,none,A3_minus_A2,0.0,0.0,0,0
104,subject_104,2,F4,0.5,none,A3_minus_B4,0.0,0.0,0,0
104,subject_104,2,F4,0.5,20dB,A3_minus_A2,-0.001134252880913067,0.0001293182373046653,-2,-64
104,subject_104,2,F4,0.5,20dB,A3_minus_B4,0.0,0.0,0,0
104,subject_104,2,F5,0.2,none,A3_minus_A2,-0.019813016551601947,-0.0015202093124390553,-49,-1568
104,subject_104,2,F5,0.2,none,A3_minus_B4,-0.07254745471432145,0.0058363962173457185,5,160
104,subject_104,2,F5,0.2,20dB,A3_minus_A2,-0.02537224635867119,0.004581518173216989,-74,-2368
104,subject_104,2,F5,0.2,20dB,A3_minus_B4,-0.028095172293497228,0.009284458160403186,20,640
104,subject_104,2,F5,0.5,none,A3_minus_A2,-0.0022831807313075103,-0.0005876541137695354,-22,-704
104,subject_104,2,F5,0.5,none,A3_minus_B4,0.004442224348998991,-0.000607113838195332,-3,-96
104,subject_104,2,F5,0.5,20dB,A3_minus_A2,-0.0010842691715904351,0.0028798913955693367,-53,-1696
104,subject_104,2,F5,0.5,20dB,A3_minus_B4,0.026680086858315022,-0.0031896352767932096,-9,-288
105,subject_105,0,F0,0.2,none,A3_minus_A2,-0.0005650464950335277,-0.0006247997283935561,-124,-3968
105,subject_105,0,F0,0.2,none,A3_minus_B4,-0.0002238934880089971,-0.00031561851501464913,-1,-32
105,subject_105,0,F0,0.2,20dB,A3_minus_A2,0.00017292584402639477,-0.00423099994659424,-125,-4000
105,subject_105,0,F0,0.2,20dB,A3_minus_B4,-0.0010500582898949062,0.0009731769561767585,7,224
105,subject_105,0,F0,0.5,none,A3_minus_A2,0.0,0.0,-124,-3968
105,subject_105,0,F0,0.5,none,A3_minus_B4,0.0,0.0,0,0
105,subject_105,0,F0,0.5,20dB,A3_minus_A2,4.99915976348575e-06,7.557868957519488e-06,-137,-4384
105,subject_105,0,F0,0.5,20dB,A3_minus_B4,-1.002128307447947e-05,-1.1587142944336024e-05,2,64
105,subject_105,0,F1,0.2,none,A3_minus_A2,0.0005426738891891603,-0.00031247138977050226,-113,-3616
105,subject_105,0,F1,0.2,none,A3_minus_B4,0.0,0.0,7,224
105,subject_105,0,F1,0.2,20dB,A3_minus_A2,-0.04281551994894883,0.017240571975707997,-127,-4064
105,subject_105,0,F1,0.2,20dB,A3_minus_B4,0.10576550570806376,-0.00830488204956055,-5,-160
105,subject_105,0,F1,0.5,none,A3_minus_A2,0.0,0.0,-111,-3552
105,subject_105,0,F1,0.5,none,A3_minus_B4,0.0,0.0,5,160
105,subject_105,0,F1,0.5,20dB,A3_minus_A2,-7.854458335287973e-06,4.093647003174106e-05,-117,-3744
105,subject_105,0,F1,0.5,20dB,A3_minus_B4,1.6876547327626668e-05,-0.00038313865661621094,5,160
105,subject_105,0,F2,0.2,none,A3_minus_A2,-0.023224886669350298,0.007932305335998535,-113,-3616
105,subject_105,0,F2,0.2,none,A3_minus_B4,-0.022721166097920076,0.0017207622528076227,-3,-96
105,subject_105,0,F2,0.2,20dB,A3_minus_A2,-0.0009976067739998484,0.0021058320999145508,-125,-4000
105,subject_105,0,F2,0.2,20dB,A3_minus_B4,0.0018145678565275603,-0.0014925241470336859,-1,-32
105,subject_105,0,F2,0.5,none,A3_minus_A2,0.0,0.0,-110,-3520
105,subject_105,0,F2,0.5,none,A3_minus_B4,0.0,0.0,5,160
105,subject_105,0,F2,0.5,20dB,A3_minus_A2,-8.728576066374671e-07,6.0319900512806335e-06,-117,-3744
105,subject_105,0,F2,0.5,20dB,A3_minus_B4,7.188232373778192e-07,-5.5336952209467105e-05,2,64
105,subject_105,0,F3,0.2,none,A3_minus_A2,-0.16546314919208882,0.04139547348022461,-98,-3136
105,subject_105,0,F3,0.2,none,A3_minus_B4,0.09145869270899354,-0.020490360260009777,6,192
105,subject_105,0,F3,0.2,20dB,A3_minus_A2,-0.11526241970758022,0.060266629185829965,-126,-4032
105,subject_105,0,F3,0.2,20dB,A3_minus_B4,0.15418266624727295,-0.03501132491573253,-12,-384
105,subject_105,0,F3,0.5,none,A3_minus_A2,-0.04514121422627326,0.006638717651367199,-50,-1600
105,subject_105,0,F3,0.5,none,A3_minus_B4,0.06450597650655254,-0.006978178024291987,2,64
105,subject_105,0,F3,0.5,20dB,A3_minus_A2,-0.03853585118280556,0.009855772972106921,-71,-2272
105,subject_105,0,F3,0.5,20dB,A3_minus_B4,0.06013038848855068,-0.008447824478149416,-5,-160
105,subject_105,0,F4,0.2,none,A3_minus_A2,-0.17606153943782843,0.01817395587548762,-32,-1024
105,subject_105,0,F4,0.2,none,A3_minus_B4,-0.02108471408666901,0.005127951118680363,-2,-64
105,subject_105,0,F4,0.2,20dB,A3_minus_A2,-0.19627994226643963,0.039342355088214404,-53,-1696
105,subject_105,0,F4,0.2,20dB,A3_minus_B4,-0.07529141731260935,0.011401685477919088,5,160
105,subject_105,0,F4,0.5,none,A3_minus_A2,-0.014347787426750358,0.001249122619628923,-4,-128
105,subject_105,0,F4,0.5,none,A3_minus_B4,0.06136400792176033,-0.004015660285949685,9,288
105,subject_105,0,F4,0.5,20dB,A3_minus_A2,-0.013883203216273898,0.0015787124633789007,-5,-160
105,subject_105,0,F4,0.5,20dB,A3_minus_B4,-0.009149836656140664,0.0011828899383544977,-4,-128
105,subject_105,0,F5,0.2,none,A3_minus_A2,-0.06683452945805612,0.014290294647216595,-103,-3296
105,subject_105,0,F5,0.2,none,A3_minus_B4,-0.02840751062460356,0.0035643720626831327,-1,-32
105,subject_105,0,F5,0.2,20dB,A3_minus_A2,-0.03826951434685455,0.014162859916685734,-142,-4544
105,subject_105,0,F5,0.2,20dB,A3_minus_B4,-0.06728551846507713,0.021631064414977703,4,128
105,subject_105,0,F5,0.5,none,A3_minus_A2,0.0020500801097860233,-0.0006056547164916964,-87,-2784
105,subject_105,0,F5,0.5,none,A3_minus_B4,0.05862744296894107,-0.00654551029205485,-12,-384
105,subject_105,0,F5,0.5,20dB,A3_minus_A2,-0.044075218839813246,0.008755211830137458,-60,-1920
105,subject_105,0,F5,0.5,20dB,A3_minus_B4,-0.007673856355657094,0.004639973640443176,1,32
105,subject_105,1,F0,0.2,none,A3_minus_A2,-0.003858015664363279,0.00037667751312255894,-83,-2656
105,subject_105,1,F0,0.2,none,A3_minus_B4,-0.002934458538007334,0.0027767896652221673,12,384
105,subject_105,1,F0,0.2,20dB,A3_minus_A2,-0.0007448238451601696,-0.0010919809341430678,-117,-3744
105,subject_105,1,F0,0.2,20dB,A3_minus_B4,-0.0034840791025310125,-0.0016429185867309591,10,320
105,subject_105,1,F0,0.5,none,A3_minus_A2,0.0,0.0,-80,-2560
105,subject_105,1,F0,0.5,none,A3_minus_B4,0.0,0.0,22,704
105,subject_105,1,F0,0.5,20dB,A3_minus_A2,0.0,0.0,-114,-3648
105,subject_105,1,F0,0.5,20dB,A3_minus_B4,0.0,0.0,6,192
105,subject_105,1,F1,0.2,none,A3_minus_A2,0.0018060571834439543,0.001797747611999509,-72,-2304
105,subject_105,1,F1,0.2,none,A3_minus_B4,0.002380154900833986,0.002701330184936526,9,288
105,subject_105,1,F1,0.2,20dB,A3_minus_A2,-0.006395754425348343,0.001806712150573736,-95,-3040
105,subject_105,1,F1,0.2,20dB,A3_minus_B4,2.9404013556444397e-05,0.006368446350097659,8,256
105,subject_105,1,F1,0.5,none,A3_minus_A2,0.0,0.0,-63,-2016
105,subject_105,1,F1,0.5,none,A3_minus_B4,0.0,0.0,18,576
105,subject_105,1,F1,0.5,20dB,A3_minus_A2,0.0,0.0,-96,-3072
105,subject_105,1,F1,0.5,20dB,A3_minus_B4,0.0,0.0,4,128
105,subject_105,1,F2,0.2,none,A3_minus_A2,0.00031036186505062346,-0.0008459806442260853,-69,-2208
105,subject_105,1,F2,0.2,none,A3_minus_B4,-0.00011546380642002418,0.0018455743789672907,6,192
105,subject_105,1,F2,0.2,20dB,A3_minus_A2,0.001011380940965978,-0.002776789665222157,-97,-3104
105,subject_105,1,F2,0.2,20dB,A3_minus_B4,4.559868936482303e-05,-0.0003757953643798717,5,160
105,subject_105,1,F2,0.5,none,A3_minus_A2,-0.00010204752192422006,0.0005859374999999944,-63,-2016
105,subject_105,1,F2,0.5,none,A3_minus_B4,-0.00017447188567487615,0.0008984088897704967,7,224
105,subject_105,1,F2,0.5,20dB,A3_minus_A2,0.00022309074523541028,-0.00031247138977050226,-88,-2816
105,subject_105,1,F2,0.5,20dB,A3_minus_B4,0.0,0.0,6,192
105,subject_105,1,F3,0.2,none,A3_minus_A2,-0.02348052940954304,0.008353495597839364,-58,-1856
105,subject_105,1,F3,0.2,none,A3_minus_B4,0.12184969992642536,-0.026769518852233887,12,384
105,subject_105,1,F3,0.2,20dB,A3_minus_A2,-0.02865085476341278,0.016090536117553705,-77,-2464
105,subject_105,1,F3,0.2,20dB,A3_minus_B4,0.029168358970210306,-0.015706706047058108,0,0
105,subject_105,1,F3,0.5,none,A3_minus_A2,-0.03841760920900583,0.005495548248291016,-36,-1152
105,subject_105,1,F3,0.5,none,A3_minus_B4,0.051247794648620726,-0.004271674156188968,-1,-32
105,subject_105,1,F3,0.5,20dB,A3_minus_A2,-0.02767604997237072,0.007038068771362302,-51,-1632
105,subject_105,1,F3,0.5,20dB,A3_minus_B4,0.07801371023056447,-0.009933876991271975,2,64
105,subject_105,1,F4,0.2,none,A3_minus_A2,-0.09644126900530026,0.01344706390343356,-32,-1024
105,subject_105,1,F4,0.2,none,A3_minus_B4,0.013309138423096556,-0.000977720261344267,10,320
105,subject_105,1,F4,0.2,20dB,A3_minus_A2,-0.08948008863812262,0.026401288637951603,-50,-1600
105,subject_105,1,F4,0.2,20dB,A3_minus_B4,-0.05155333858443356,0.014764249919853506,-2,-64
105,subject_105,1,F4,0.5,none,A3_minus_A2,-0.05962560767243019,0.004529690742492681,-11,-352
105,subject_105,1,F4,0.5,none,A3_minus_B4,-0.042251142640107986,0.0014910770980870736,-5,-160
105,subject_105,1,F4,0.5,20dB,A3_minus_A2,-0.037804090366904575,0.0038690090179443193,-15,-480
105,subject_105,1,F4,0.5,20dB,A3_minus_B4,0.02233975872362315,-0.0014577251973066363,7,224
105,subject_105,1,F5,0.2,none,A3_minus_A2,-0.012703592788586349,0.0023124694824213574,-60,-1920
105,subject_105,1,F5,0.2,none,A3_minus_B4,-0.0027945091207222106,0.001669983863831187,4,128
105,subject_105,1,F5,0.2,20dB,A3_minus_A2,-0.0070056175968638,0.008416128158568272,-92,-2944
105,subject_105,1,F5,0.2,20dB,A3_minus_B4,0.009666314405180287,-0.0072958421707154456,13,416
105,subject_105,1,F5,0.5,none,A3_minus_A2,-0.02670049947121811,0.0017660856246934087,-28,-896
105,subject_105,1,F5,0.5,none,A3_minus_B4,-0.017779660988633594,4.179000854520609e-05,17,544
105,subject_105,1,F5,0.5,20dB,A3_minus_A2,-0.01565891897594973,0.002591438293456594,-64,-2048
105,subject_105,1,F5,0.5,20dB,A3_minus_B4,0.01501277849462923,-0.002615504264830912,37,1184
105,subject_105,2,F0,0.2,none,A3_minus_A2,0.00021310929215090368,0.0005293607711791999,-93,-2976
105,subject_105,2,F0,0.2,none,A3_minus_B4,0.0026270847231124606,-0.0019037961959838846,3,96
105,subject_105,2,F0,0.2,20dB,A3_minus_A2,0.001954486856966753,0.0008692741394042969,-101,-3232
105,subject_105,2,F0,0.2,20dB,A3_minus_B4,0.0021278710629673014,0.0044320344924926765,12,384
105,subject_105,2,F0,0.5,none,A3_minus_A2,-0.0011084748926215582,0.0005273342132568366,-93,-2976
105,subject_105,2,F0,0.5,none,A3_minus_B4,-0.0011084748926215582,0.0005273342132568366,3,96
105,subject_105,2,F0,0.5,20dB,A3_minus_A2,-0.001507637515558713,0.0028320789337158204,-120,-3840
105,subject_105,2,F0,0.5,20dB,A3_minus_B4,-0.002428819775390778,0.0034570217132568358,3,96
105,subject_105,2,F1,0.2,none,A3_minus_A2,-0.0002097210472058464,0.0013032674789428683,-78,-2496
105,subject_105,2,F1,0.2,none,A3_minus_B4,0.003160740055971445,-0.0009090662002563532,8,256
105,subject_105,2,F1,0.2,20dB,A3_minus_A2,-0.003550682095102786,0.003864026069641119,-103,-3296
105,subject_105,2,F1,0.2,20dB,A3_minus_B4,0.001744694508843736,0.0004018545150756836,-2,-64
105,subject_105,2,F1,0.5,none,A3_minus_A2,0.0,0.0,-71,-2272
105,subject_105,2,F1,0.5,none,A3_minus_B4,0.0,0.0,15,480
105,subject_105,2,F1,0.5,20dB,A3_minus_A2,0.0,0.0,-96,-3072
105,subject_105,2,F1,0.5,20dB,A3_minus_B4,0.0,0.0,8,256
105,subject_105,2,F2,0.2,none,A3_minus_A2,0.001850893484732552,0.0004949808120727484,-85,-2720
105,subject_105,2,F2,0.2,none,A3_minus_B4,0.00306804409296646,-0.0010696887969970648,-1,-32
105,subject_105,2,F2,0.2,20dB,A3_minus_A2,-0.0016796109117258595,0.0030190706253051813,-103,-3296
105,subject_105,2,F2,0.2,20dB,A3_minus_B4,-0.007467407173280094,0.0027092218399047963,3,96
105,subject_105,2,F2,0.5,none,A3_minus_A2,0.0,0.0,-83,-2656
105,subject_105,2,F2,0.5,none,A3_minus_B4,0.0,0.0,2,64
105,subject_105,2,F2,0.5,20dB,A3_minus_A2,0.0,0.0,-88,-2816
105,subject_105,2,F2,0.5,20dB,A3_minus_B4,0.0,0.0,10,320
105,subject_105,2,F3,0.2,none,A3_minus_A2,-0.06548195630582043,0.022696733474731445,-74,-2368
105,subject_105,2,F3,0.2,none,A3_minus_B4,0.17184693379983074,-0.03645474910736084,10,320
105,subject_105,2,F3,0.2,20dB,A3_minus_A2,-0.04073904830520547,0.030029650053872273,-103,-3296
105,subject_105,2,F3,0.2,20dB,A3_minus_B4,0.10740015667252578,-0.059553293862448536,2,64
105,subject_105,2,F3,0.5,none,A3_minus_A2,-0.068167124794698,0.008007693290710452,-46,-1472
105,subject_105,2,F3,0.5,none,A3_minus_B4,0.0410759281174613,-0.0029260635375976535,-9,-288
105,subject_105,2,F3,0.5,20dB,A3_minus_A2,-0.0454268090243648,0.011510729789733887,-65,-2080
105,subject_105,2,F3,0.5,20dB,A3_minus_B4,0.03901002423658895,-0.004081511497497567,-24,-768
105,subject_105,2,F4,0.2,none,A3_minus_A2,-0.2482569802150003,0.030805966311699767,-45,-1440
105,subject_105,2,F4,0.2,none,A3_minus_B4,-0.11455719652594354,0.015901117071405457,-19,-608
105,subject_105,2,F4,0.2,20dB,A3_minus_A2,-0.23878671359933534,0.0481872047807681,-53,-1696
105,subject_105,2,F4,0.2,20dB,A3_minus_B4,0.06845984932265381,-0.0163663659666074,-2,-64
105,subject_105,2,F4,0.5,none,A3_minus_A2,-0.039265042982172815,0.0031374931335449163,-10,-320
105,subject_105,2,F4,0.5,none,A3_minus_B4,0.06388375389558121,-0.003377676010131836,3,96
105,subject_105,2,F4,0.5,20dB,A3_minus_A2,-0.04593067394421624,0.004331231117248535,-13,-416
105,subject_105,2,F4,0.5,20dB,A3_minus_B4,0.060629717264623295,-0.005498409271240262,7,224
105,subject_105,2,F5,0.2,none,A3_minus_A2,-0.06291992141765945,0.011992034912107749,-83,-2656
105,subject_105,2,F5,0.2,none,A3_minus_B4,0.03133877678295249,-0.01139751434326114,10,320
105,subject_105,2,F5,0.2,20dB,A3_minus_A2,-0.003426943776236868,0.0030224037170409473,-118,-3776
105,subject_105,2,F5,0.2,20dB,A3_minus_B4,0.008523572578010175,-0.004696121215820165,5,160
105,subject_105,2,F5,0.5,none,A3_minus_A2,-0.02293597323021146,0.004142398834228449,-53,-1696
105,subject_105,2,F5,0.5,none,A3_minus_B4,0.002065831466978807,0.0004141330718999414,-17,-544
105,subject_105,2,F5,0.5,20dB,A3_minus_A2,-0.0908595203756235,0.017457079887389974,-92,-2944
105,subject_105,2,F5,0.5,20dB,A3_minus_B4,0.1338864205720398,-0.00795381546020478,2,64
106,subject_106,0,F0,0.2,none,A3_minus_A2,0.005681527794173746,-0.00013670921325683628,-102,-3264
106,subject_106,0,F0,0.2,none,A3_minus_B4,0.005882822714124103,0.001700758934020996,5,160
106,subject_106,0,F0,0.2,20dB,A3_minus_A2,-6.5868412058023296e-06,0.006051850318908692,-114,-3648
106,subject_106,0,F0,0.2,20dB,A3_minus_B4,-0.006199828343724789,0.00524721145629883,6,192
106,subject_106,0,F0,0.5,none,A3_minus_A2,0.0009910664601022745,-7.915496826171181e-06,-98,-3136
106,subject_106,0,F0,0.5,none,A3_minus_B4,-0.0014593914000258223,0.0018133163452148443,1,32
106,subject_106,0,F0,0.5,20dB,A3_minus_A2,0.0013832566784568456,-6.318092346191406e-06,-109,-3488
106,subject_106,0,F0,0.5,20dB,A3_minus_B4,-0.0021057507688624355,0.0030148744583129872,-8,-256
106,subject_106,0,F1,0.2,none,A3_minus_A2,0.003910134665321863,-0.002220320701599124,-94,-3008
106,subject_106,0,F1,0.2,none,A3_minus_B4,0.0008709032050226995,-0.0023556947708129883,1,32
106,subject_106,0,F1,0.2,20dB,A3_minus_A2,-0.008826788870969438,-0.0036121129989624134,-101,-3232
106,subject_106,0,F1,0.2,20dB,A3_minus_B4,-0.012340662653596013,0.0014522552490234264,-4,-128
106,subject_106,0,F1,0.5,none,A3_minus_A2,-0.000600457578473268,0.0022575378417968722,-87,-2784
106,subject_106,0,F1,0.5,none,A3_minus_B4,-0.0017055141247848127,0.0027466058731079185,1,32
106,subject_106,0,F1,0.5,20dB,A3_minus_A2,0.0003567618180895238,-0.0006497621536254855,-92,-2944
106,subject_106,0,F1,0.5,20dB,A3_minus_B4,-0.0011099229344289085,0.0024336814880371177,13,416
106,subject_106,0,F2,0.2,none,A3_minus_A2,0.002541303865033484,0.0008629798889160101,-88,-2816
106,subject_106,0,F2,0.2,none,A3_minus_B4,0.001736831624054247,0.0016611576080322321,1,32
106,subject_106,0,F2,0.2,20dB,A3_minus_A2,-0.0024805993432224227,0.00011105537414551891,-95,-3040
106,subject_106,0,F2,0.2,20dB,A3_minus_B4,-0.0036539711196734714,0.004166626930236839,-6,-192
106,subject_106,0,F2,0.5,none,A3_minus_A2,0.00038050241803233575,-0.0018242359161377009,-87,-2784
106,subject_106,0,F2,0.5,none,A3_minus_B4,0.00033576106413235607,-0.001996707916259749,0,0
106,subject_106,0,F2,0.5,20dB,A3_minus_A2,-0.009298305966257914,0.0015159606933593806,-89,-2848
106,subject_106,0,F2,0.5,20dB,A3_minus_B4,-0.007798544125062534,0.0003876209259033314,4,128
106,subject_106,0,F3,0.2,none,A3_minus_A2,-0.0481014177480894,0.01856406561051395,-87,-2784
106,subject_106,0,F3,0.2,none,A3_minus_B4,0.10021123876911275,-0.025427057266235356,13,416
106,subject_106,0,F3,0.2,20dB,A3_minus_A2,-0.07323408894667338,0.047268882700593734,-97,-3104
106,subject_106,0,F3,0.2,20dB,A3_minus_B4,0.026810358020370018,-0.006559696805737453,-7,-224
106,subject_106,0,F3,0.5,none,A3_minus_A2,-0.03877963030232934,0.007483935356140142,-62,-1984
106,subject_106,0,F3,0.5,none,A3_minus_B4,0.13244259639454015,-0.014176058769226063,-5,-160
106,subject_106,0,F3,0.5,20dB,A3_minus_A2,-0.02147106745231575,0.006506419181823736,-64,-2048
106,subject_106,0,F3,0.5,20dB,A3_minus_B4,0.06398215618346192,-0.010592818260192871,-7,-224
106,subject_106,0,F4,0.2,none,A3_minus_A2,-0.07075585383781302,0.013657951637400245,-36,-1152
106,subject_106,0,F4,0.2,none,A3_minus_B4,0.1525453674713475,-0.012599781017611528,-3,-96
106,subject_106,0,F4,0.2,20dB,A3_minus_A2,-0.09196321420349562,0.025614623321242508,-53,-1696
106,subject_106,0,F4,0.2,20dB,A3_minus_B4,0.005624696115191341,-0.0009796578753517582,-12,-384
106,subject_106,0,F4,0.5,none,A3_minus_A2,-0.03534118392594543,0.0033657789230346624,-16,-512
106,subject_106,0,F4,0.5,none,A3_minus_B4,-0.015323041386288594,0.001558017730712874,-10,-320
106,subject_106,0,F4,0.5,20dB,A3_minus_A2,-0.029820430694373457,0.0034848451614379883,-17,-544
106,subject_106,0,F4,0.5,20dB,A3_minus_B4,0.032470226775981104,-0.0031965732574462946,-2,-64
106,subject_106,0,F5,0.2,none,A3_minus_A2,0.0025724290759114865,0.00523399829864335,-96,-3072
106,subject_106,0,F5,0.2,none,A3_minus_B4,-0.005360772118656598,-0.007043108940122889,7,224
106,subject_106,0,F5,0.2,20dB,A3_minus_A2,-0.016860051182781888,0.020154304504389653,-110,-3520
106,subject_106,0,F5,0.2,20dB,A3_minus_B4,-0.0052337296076068185,0.001131653785706982,3,96
106,subject_106,0,F5,0.5,none,A3_minus_A2,-0.004743703211698147,0.003207969665528762,-83,-2656
106,subject_106,0,F5,0.5,none,A3_minus_B4,0.05062315653346516,-0.013693742752074738,20,640
106,subject_106,0,F5,0.5,20dB,A3_minus_A2,-0.021703320617190158,0.008530669212341385,-81,-2592
106,subject_106,0,F5,0.5,20dB,A3_minus_B4,0.04157465741796784,-0.003935732841490833,6,192
106,subject_106,1,F0,0.2,none,A3_minus_A2,0.013664999267177791,-0.0007181644439697259,-78,-2496
106,subject_106,1,F0,0.2,none,A3_minus_B4,-0.004767959568265923,0.0003267526626586914,6,192
106,subject_106,1,F0,0.2,20dB,A3_minus_A2,-0.0011808134368784806,0.0003610849380493164,-98,-3136
106,subject_106,1,F0,0.2,20dB,A3_minus_B4,0.002164297136872051,-0.0019464492797851562,8,256
106,subject_106,1,F0,0.5,none,A3_minus_A2,0.0024733182734024695,-0.0011400222778320318,-74,-2368
106,subject_106,1,F0,0.5,none,A3_minus_B4,0.0008286987325192285,0.00039150714874267543,-2,-64
106,subject_106,1,F0,0.5,20dB,A3_minus_A2,0.0014950665757478276,0.003440546989440918,-100,-3200
106,subject_106,1,F0,0.5,20dB,A3_minus_B4,0.006251420382980655,0.001831150054931641,-7,-224
106,subject_106,1,F1,0.2,none,A3_minus_A2,0.008860276912066922,-0.0034371614456176758,-62,-1984
106,subject_106,1,F1,0.2,none,A3_minus_B4,0.004004346352768806,0.00010716915130615234,9,288
106,subject_106,1,F1,0.2,20dB,A3_minus_A2,0.002531989310302407,-0.0013908386230468833,-78,-2496
106,subject_106,1,F1,0.2,20dB,A3_minus_B4,-0.002242546705858217,-0.0008043289184570396,-8,-256
106,subject_106,1,F1,0.5,none,A3_minus_A2,-0.0002868426088742382,-0.0012375354766845648,-60,-1920
106,subject_106,1,F1,0.5,none,A3_minus_B4,0.005047648536949723,-0.00356421470642089,5,160
106,subject_106,1,F1,0.5,20dB,A3_minus_A2,-0.0013363472345488958,-0.0006077527999877874,-77,-2464
106,subject_106,1,F1,0.5,20dB,A3_minus_B4,0.0027570424273815064,-0.0028172016143798856,-4,-128
106,subject_106,1,F2,0.2,none,A3_minus_A2,0.006689121805127485,-0.003260588645935064,-67,-2144
106,subject_106,1,F2,0.2,none,A3_minus_B4,0.001208844842423673,-0.005348038673400862,-15,-480
106,subject_106,1,F2,0.2,20dB,A3_minus_A2,0.001461358676550617,-0.00030319690704344593,-89,-2848
106,subject_106,1,F2,0.2,20dB,A3_minus_B4,0.0005802205589588993,-0.006773042678832997,-4,-128
106,subject_106,1,F2,0.5,none,A3_minus_A2,0.0002591505514253356,-0.002089858055114746,-63,-2016
106,subject_106,1,F2,0.5,none,A3_minus_B4,0.001648081239157051,-0.005700373649597162,-11,-352
106,subject_106,1,F2,0.5,20dB,A3_minus_A2,0.0003991448653195562,-0.0016577959060669056,-77,-2464
106,subject_106,1,F2,0.5,20dB,A3_minus_B4,-0.0001537936552740149,0.0008335351943969671,-6,-192
106,subject_106,1,F3,0.2,none,A3_minus_A2,-0.03382533117206421,0.015704868292645585,-52,-1664
106,subject_106,1,F3,0.2,none,A3_minus_B4,0.04124026468507935,-0.016904973983764657,6,192
106,subject_106,1,F3,0.2,20dB,A3_minus_A2,-0.0184063844964939,0.02473204790017748,-74,-2368
106,subject_106,1,F3,0.2,20dB,A3_minus_B4,0.0337282514935211,-0.025970301270107354,3,96
106,subject_106,1,F3,0.5,none,A3_minus_A2,-0.02761090137472877,0.0037420272827148465,-27,-864
106,subject_106,1,F3,0.5,none,A3_minus_B4,0.10222367297201274,-0.008906817436218253,5,160
106,subject_106,1,F3,0.5,20dB,A3_minus_A2,-0.030904913929161282,0.008903145790100098,-56,-1792
106,subject_106,1,F3,0.5,20dB,A3_minus_B4,0.06430426035823089,-0.00882341861724853,2,64
106,subject_106,1,F4,0.2,none,A3_minus_A2,-0.05312434442877034,0.009480179589406362,-20,-640
106,subject_106,1,F4,0.2,none,A3_minus_B4,-0.027327464871785168,0.006778301041737905,-16,-512
106,subject_106,1,F4,0.2,20dB,A3_minus_A2,-0.044751592294019815,0.013872216587339725,-31,-992
106,subject_106,1,F4,0.2,20dB,A3_minus_B4,0.03421160797519107,-0.0059175972344373,-8,-256
106,subject_106,1,F4,0.5,none,A3_minus_A2,-0.004730720057674276,0.00046811103820801336,-2,-64
106,subject_106,1,F4,0.5,none,A3_minus_B4,0.0044706473694109405,-0.0003902912139892578,1,32
106,subject_106,1,F4,0.5,20dB,A3_minus_A2,-0.0005846489391139187,7.309913635256127e-05,-2,-64
106,subject_106,1,F4,0.5,20dB,A3_minus_B4,-0.0005846489391139187,7.309913635256127e-05,-2,-64
106,subject_106,1,F5,0.2,none,A3_minus_A2,-0.015485821307066772,0.010939726829528783,-66,-2112
106,subject_106,1,F5,0.2,none,A3_minus_B4,-0.00779896930435342,0.0004611063003547855,9,288
106,subject_106,1,F5,0.2,20dB,A3_minus_A2,-4.886595917596992e-05,0.009083375930784322,-76,-2432
106,subject_106,1,F5,0.2,20dB,A3_minus_B4,0.008494200407191954,-0.008140592575072075,2,64
106,subject_106,1,F5,0.5,none,A3_minus_A2,-0.017058318480341228,0.0028120326995845074,-52,-1664
106,subject_106,1,F5,0.5,none,A3_minus_B4,0.032394586030193295,-0.006028990745544145,3,96
106,subject_106,1,F5,0.5,20dB,A3_minus_A2,0.0026296459459018706,0.000727319717407228,-47,-1504
106,subject_106,1,F5,0.5,20dB,A3_minus_B4,0.00389083199323359,-0.000498051643371869,-13,-416
106,subject_106,2,F0,0.2,none,A3_minus_A2,0.0034047437498010424,8.633136749267543e-05,-95,-3040
106,subject_106,2,F0,0.2,none,A3_minus_B4,0.003258084862522992,0.0029742479324340806,29,928
106,subject_106,2,F0,0.2,20dB,A3_minus_A2,2.0561064104640536e-06,0.002192354202270508,-110,-3520
106,subject_106,2,F0,0.2,20dB,A3_minus_B4,-0.0035824048863375424,0.009243369102478027,21,672
106,subject_106,2,F0,0.5,none,A3_minus_A2,0.0009426019446543421,0.00047841072082519583,-95,-3040
106,subject_106,2,F0,0.5,none,A3_minus_B4,-0.0004661878910852124,0.0014061212539672853,23,736
106,subject_106,2,F0,0.5,20dB,A3_minus_A2,-0.007144733357490551,0.0027435779571533207,-94,-3008
106,subject_106,2,F0,0.5,20dB,A3_minus_B4,-0.008154171193865523,0.004219579696655274,19,608
106,subject_106,2,F1,0.2,none,A3_minus_A2,-0.0011579440354729797,0.0008384704589843722,-79,-2528
106,subject_106,2,F1,0.2,none,A3_minus_B4,0.002547587816533081,-0.0028150081634521484,19,608
106,subject_106,2,F1,0.2,20dB,A3_minus_A2,0.0025140370387006783,-0.002609777450561526,-87,-2784
106,subject_106,2,F1,0.2,20dB,A3_minus_B4,-2.675154140163727e-05,0.001798224449157712,11,352
106,subject_106,2,F1,0.5,none,A3_minus_A2,-0.0007337432887144502,0.000769495964050293,-79,-2528
106,subject_106,2,F1,0.5,none,A3_minus_B4,-0.0007267975083529166,0.000745320320129389,19,608
106,subject_106,2,F1,0.5,20dB,A3_minus_A2,-0.00024861175713120076,0.00035712718963622214,-84,-2688
106,subject_106,2,F1,0.5,20dB,A3_minus_B4,-0.001843575012548726,0.002417612075805653,20,640
106,subject_106,2,F2,0.2,none,A3_minus_A2,-0.00279219104998063,0.005051231384277349,-96,-3072
106,subject_106,2,F2,0.2,none,A3_minus_B4,-0.0035512562388291258,0.007206344604492182,-4,-128
106,subject_106,2,F2,0.2,20dB,A3_minus_A2,-0.003073789372159297,0.0022129774093627985,-104,-3328
106,subject_106,2,F2,0.2,20dB,A3_minus_B4,0.0027013601134679988,0.0055239200592041016,9,288
106,subject_106,2,F2,0.5,none,A3_minus_A2,-3.429613980543422e-05,0.0001563549041748158,-95,-3040
106,subject_106,2,F2,0.5,none,A3_minus_B4,-2.6406231961928484e-05,0.00010793209075926624,7,224
106,subject_106,2,F2,0.5,20dB,A3_minus_A2,-0.00011508639541801813,0.00034255981445310835,-90,-2880
106,subject_106,2,F2,0.5,20dB,A3_minus_B4,-6.741974439528065e-05,0.00027754306793212336,2,64
106,subject_106,2,F3,0.2,none,A3_minus_A2,-0.05231360353927883,0.017886662483215326,-80,-2560
106,subject_106,2,F3,0.2,none,A3_minus_B4,0.09836062984130578,-0.02102928161621094,-2,-64
106,subject_106,2,F3,0.2,20dB,A3_minus_A2,-0.02576616521889008,0.02323708126620065,-89,-2848
106,subject_106,2,F3,0.2,20dB,A3_minus_B4,0.019492770996670572,-0.006602348566889904,-16,-512
106,subject_106,2,F3,0.5,none,A3_minus_A2,-0.03521361008633761,0.005601620674133306,-39,-1248
106,subject_106,2,F3,0.5,none,A3_minus_B4,0.047374706736334815,-0.004808187484741211,-5,-160
106,subject_106,2,F3,0.5,20dB,A3_minus_A2,-0.028357500054358553,0.007758498191833496,-53,-1696
106,subject_106,2,F3,0.5,20dB,A3_minus_B4,0.0362424011620579,-0.004854154586791989,-11,-352
106,subject_106,2,F4,0.2,none,A3_minus_A2,-0.05695479736334974,0.006517147465166406,-27,-864
106,subject_106,2,F4,0.2,none,A3_minus_B4,0.009967924411800055,-0.0005374198718697265,-16,-512
106,subject_106,2,F4,0.2,20dB,A3_minus_A2,-0.08757610412117955,0.022906454197109405,-42,-1344
106,subject_106,2,F4,0.2,20dB,A3_minus_B4,0.05579922202317178,-0.004849791608424026,0,0
106,subject_106,2,F4,0.5,none,A3_minus_A2,-0.019043404989494306,0.001405429840087874,-4,-128
106,subject_106,2,F4,0.5,none,A3_minus_B4,-0.019043404989494306,0.001405429840087874,-4,-128
106,subject_106,2,F4,0.5,20dB,A3_minus_A2,-0.013512705325501528,0.0014018058776855413,-5,-160
106,subject_106,2,F4,0.5,20dB,A3_minus_B4,-0.008834442739647841,0.0010917901992797963,-1,-32
106,subject_106,2,F5,0.2,none,A3_minus_A2,0.005081952799177003,0.0021310520172115044,-94,-3008
106,subject_106,2,F5,0.2,none,A3_minus_B4,0.09946653093389912,-0.02206489086151109,13,416
106,subject_106,2,F5,0.2,20dB,A3_minus_A2,-0.022054020348292624,0.010436143875121213,-96,-3072
106,subject_106,2,F5,0.2,20dB,A3_minus_B4,0.017395438526264684,-0.019201722145081673,1,32
106,subject_106,2,F5,0.5,none,A3_minus_A2,-0.017172229862101318,0.003150529861450292,-59,-1888
106,subject_106,2,F5,0.5,none,A3_minus_B4,0.03311184151011659,-0.0012287712097165879,-1,-32
106,subject_106,2,F5,0.5,20dB,A3_minus_A2,-0.0034692762996879623,0.005437684059142717,-86,-2752
106,subject_106,2,F5,0.5,20dB,A3_minus_B4,0.008955606503411317,-0.001622033119201477,25,800
107,subject_107,0,F0,0.2,none,A3_minus_A2,-0.04104993081191921,0.011017322540283203,-134,-4288
107,subject_107,0,F0,0.2,none,A3_minus_B4,-0.045903858825219856,0.014973759651184082,12,384
107,subject_107,0,F0,0.2,20dB,A3_minus_A2,0.01311068372124069,0.0029044866561889655,-134,-4288
107,subject_107,0,F0,0.2,20dB,A3_minus_B4,-0.008554539284581608,0.01347370147705078,12,384
107,subject_107,0,F0,0.5,none,A3_minus_A2,2.528947717905794e-06,1.3494491577148524e-05,-127,-4064
107,subject_107,0,F0,0.5,none,A3_minus_B4,-2.8099600186237694e-05,-6.072521209716814e-05,12,384
107,subject_107,0,F0,0.5,20dB,A3_minus_A2,5.763269630421064e-06,1.3303756713867014e-05,-130,-4160
107,subject_107,0,F0,0.5,20dB,A3_minus_B4,5.43438164513077e-06,8.845329284668055e-06,7,224
107,subject_107,0,F1,0.2,none,A3_minus_A2,-0.012634130486048889,-0.004061865806579593,-116,-3712
107,subject_107,0,F1,0.2,none,A3_minus_B4,0.2585131052169878,-0.017988491058349612,-32,-1024
107,subject_107,0,F1,0.2,20dB,A3_minus_A2,-0.008287885679010287,0.0005589962005615179,-119,-3808
107,subject_107,0,F1,0.2,20dB,A3_minus_B4,0.10394861262232524,-0.016653275489807134,-7,-224
107,subject_107,0,F1,0.5,none,A3_minus_A2,-2.821309113443249e-06,1.3017654418939761e-05,-112,-3584
107,subject_107,0,F1,0.5,none,A3_minus_B4,-3.3361821394350955e-06,1.1968612670901213e-05,7,224
107,subject_107,0,F1,0.5,20dB,A3_minus_A2,1.894274415548125e-06,3.4809112548772614e-06,-113,-3616
107,subject_107,0,F1,0.5,20dB,A3_minus_B4,3.3831779688853203e-07,2.1696090698186676e-06,3,96
107,subject_107,0,F2,0.2,none,A3_minus_A2,-0.011688200577829377,0.0007541656494140514,-117,-3744
107,subject_107,0,F2,0.2,none,A3_minus_B4,0.49631790211469706,-0.034658074378967285,-23,-736
107,subject_107,0,F2,0.2,20dB,A3_minus_A2,-0.004366378352763434,-0.0002566099166870228,-109,-3488
107,subject_107,0,F2,0.2,20dB,A3_minus_B4,0.2528184416526962,-0.027603602409362826,-3,-96
107,subject_107,0,F2,0.5,none,A3_minus_A2,0.0,0.0,-107,-3424
107,subject_107,0,F2,0.5,none,A3_minus_B4,0.0,0.0,-26,-832
107,subject_107,0,F2,0.5,20dB,A3_minus_A2,-2.3149613248563128e-07,1.1920928955078125e-06,-110,-3520
107,subject_107,0,F2,0.5,20dB,A3_minus_B4,-2.3149613248563128e-07,1.1920928955078125e-06,-23,-736
107,subject_107,0,F3,0.2,none,A3_minus_A2,-0.17424513596505165,0.038092994689941415,-112,-3584
107,subject_107,0,F3,0.2,none,A3_minus_B4,0.394230277812337,-0.03209400177001953,-36,-1152
107,subject_107,0,F3,0.2,20dB,A3_minus_A2,-0.07372574907346419,0.041937290892717846,-119,-3808
107,subject_107,0,F3,0.2,20dB,A3_minus_B4,0.1670071400325739,-0.04497090085861505,5,160
107,subject_107,0,F3,0.5,none,A3_minus_A2,-0.10598697695575154,0.014787769317626945,-71,-2272
107,subject_107,0,F3,0.5,none,A3_minus_B4,0.07228393900702557,-0.004015636444091794,-23,-736
107,subject_107,0,F3,0.5,20dB,A3_minus_A2,-0.06802740860308631,0.014864826202392573,-90,-2880
107,subject_107,0,F3,0.5,20dB,A3_minus_B4,0.01605188427360993,0.00048797130584715687,-30,-960
107,subject_107,0,F4,0.2,none,A3_minus_A2,-0.3284960820304441,0.03356554052919336,-65,-2080
107,subject_107,0,F4,0.2,none,A3_minus_B4,0.40880098328083037,-0.036758254224170894,4,128
107,subject_107,0,F4,0.2,20dB,A3_minus_A2,-0.18077077008003783,0.04509548244637632,-66,-2112
107,subject_107,0,F4,0.2,20dB,A3_minus_B4,0.07118429582805419,-0.0071582144732249,-18,-576
107,subject_107,0,F4,0.5,none,A3_minus_A2,-0.03823501420976072,0.0026412010192871094,-9,-288
107,subject_107,0,F4,0.5,none,A3_minus_B4,0.024292398677378202,-0.0014122486114502009,-2,-64
107,subject_107,0,F4,0.5,20dB,A3_minus_A2,-0.05582402953264065,0.005676198005676286,-17,-544
107,subject_107,0,F4,0.5,20dB,A3_minus_B4,0.08903008554393388,-0.0070607185363769365,3,96
107,subject_107,0,F5,0.2,none,A3_minus_A2,-0.0771506643146509,0.022719192504881032,-134,-4288
107,subject_107,0,F5,0.2,none,A3_minus_B4,-0.016384795831086763,0.005381870269775921,6,192
107,subject_107,0,F5,0.2,20dB,A3_minus_A2,-0.018164375659388554,0.009536285400389671,-116,-3712
107,subject_107,0,F5,0.2,20dB,A3_minus_B4,0.02135542099369303,-0.016379837989805593,25,800
107,subject_107,0,F5,0.5,none,A3_minus_A2,-0.06398659152313257,0.01101300239562928,-105,-3360
107,subject_107,0,F5,0.5,none,A3_minus_B4,0.09212019539215532,-0.014782233238220671,-2,-64
107,subject_107,0,F5,0.5,20dB,A3_minus_A2,-0.032500608618740046,0.0064080142974855606,-88,-2816
107,subject_107,0,F5,0.5,20dB,A3_minus_B4,0.1049942682140923,-0.010238289833068848,-4,-128
107,subject_107,1,F0,0.2,none,A3_minus_A2,-0.09697481756146331,-0.0023535251617431627,-107,-3424
107,subject_107,1,F0,0.2,none,A3_minus_B4,-0.5457437044605626,0.02515499591827393,4,128
107,subject_107,1,F0,0.2,20dB,A3_minus_A2,-0.07883230104005179,0.002333521842956543,-120,-3840
107,subject_107,1,F0,0.2,20dB,A3_minus_B4,-0.3617430256103802,0.04340393543243408,15,480
107,subject_107,1,F0,0.5,none,A3_minus_A2,0.0,0.0,-106,-3392
107,subject_107,1,F0,0.5,none,A3_minus_B4,0.0,0.0,6,192
107,subject_107,1,F0,0.5,20dB,A3_minus_A2,0.0,0.0,-116,-3712
107,subject_107,1,F0,0.5,20dB,A3_minus_B4,0.0,0.0,9,288
107,subject_107,1,F1,0.2,none,A3_minus_A2,-0.031806157963924164,0.00048613548278808594,-107,-3424
107,subject_107,1,F1,0.2,none,A3_minus_B4,0.261804314652359,-0.017723464965820307,-10,-320
107,subject_107,1,F1,0.2,20dB,A3_minus_A2,-0.07256611887938647,0.0054024457931518555,-111,-3552
107,subject_107,1,F1,0.2,20dB,A3_minus_B4,0.003526989879798492,-0.0007876157760620117,-1,-32
107,subject_107,1,F1,0.5,none,A3_minus_A2,0.0,0.0,-93,-2976
107,subject_107,1,F1,0.5,none,A3_minus_B4,0.0,0.0,0,0
107,subject_107,1,F1,0.5,20dB,A3_minus_A2,8.42951930479785e-08,5.602836608886719e-06,-105,-3360
107,subject_107,1,F1,0.5,20dB,A3_minus_B4,8.42951930479785e-08,5.602836608886719e-06,2,64
107,subject_107,1,F2,0.2,none,A3_minus_A2,0.0013318137532856156,-0.0010183811187744474,-105,-3360
107,subject_107,1,F2,0.2,none,A3_minus_B4,0.001864320300317246,-0.0075888395309448575,-9,-288
107,subject_107,1,F2,0.2,20dB,A3_minus_A2,0.0011906146171956067,0.0007347106933593417,-103,-3296
107,subject_107,1,F2,0.2,20dB,A3_minus_B4,0.0001617197525281,0.004513549804687489,-7,-224
107,subject_107,1,F2,0.5,none,A3_minus_A2,0.0,0.0,-102,-3264
107,subject_107,1,F2,0.5,none,A3_minus_B4,0.0,0.0,-9,-288
107,subject_107,1,F2,0.5,20dB,A3_minus_A2,-2.294544678704824e-07,4.768371580921027e-08,-111,-3552
107,subject_107,1,F2,0.5,20dB,A3_minus_B4,-2.294544678704824e-07,4.768371580921027e-08,-3,-96
107,subject_107,1,F3,0.2,none,A3_minus_A2,-0.05832149221031813,0.020575027623838713,-88,-2816
107,subject_107,1,F3,0.2,none,A3_minus_B4,-0.5044041929022498,0.0016474977646853406,-17,-544
107,subject_107,1,F3,0.2,20dB,A3_minus_A2,-0.02938987702679796,0.02000401453932915,-96,-3072
107,subject_107,1,F3,0.2,20dB,A3_minus_B4,0.03512396199484158,-0.03232369422912597,-8,-256
107,subject_107,1,F3,0.5,none,A3_minus_A2,-0.0688545210636633,0.009700894355773926,-63,-2016
107,subject_107,1,F3,0.5,none,A3_minus_B4,0.025817800354989373,-0.0008364200592041043,-18,-576
107,subject_107,1,F3,0.5,20dB,A3_minus_A2,-0.0448023226728278,0.011403608322143557,-79,-2528
107,subject_107,1,F3,0.5,20dB,A3_minus_B4,0.11979082604357494,-0.017017245292663574,-18,-576
107,subject_107,1,F4,0.2,none,A3_minus_A2,-0.43367814880035027,0.03741573144010041,-55,-1760
107,subject_107,1,F4,0.2,none,A3_minus_B4,-0.7062898728890907,0.04052090549486215,-16,-512
107,subject_107,1,F4,0.2,20dB,A3_minus_A2,-0.2694476068989111,0.056859448319810935,-76,-2432
107,subject_107,1,F4,0.2,20dB,A3_minus_B4,-0.24303026812285466,0.02454943571192275,-13,-416
107,subject_107,1,F4,0.5,none,A3_minus_A2,-0.0897713837603824,0.005836766418307215,-19,-608
107,subject_107,1,F4,0.5,none,A3_minus_B4,-0.06711744083315985,0.0037376100386075084,-11,-352
107,subject_107,1,F4,0.5,20dB,A3_minus_A2,-0.07029766083607214,0.006725263595581066,-17,-544
107,subject_107,1,F4,0.5,20dB,A3_minus_B4,-0.022330118886497274,0.0018090486526489147,-5,-160
107,subject_107,1,F5,0.2,none,A3_minus_A2,-0.06707266303584802,0.01578308582305947,-97,-3104
107,subject_107,1,F5,0.2,none,A3_minus_B4,-0.008037115528207295,0.003552780151366272,-14,-448
107,subject_107,1,F5,0.2,20dB,A3_minus_A2,-0.0396620234980638,0.016209473609924002,-110,-3520
107,subject_107,1,F5,0.2,20dB,A3_minus_B4,-0.0575992509452945,0.009196910858155688,20,640
107,subject_107,1,F5,0.5,none,A3_minus_A2,-0.0724143893733249,0.008507456779479491,-70,-2240
107,subject_107,1,F5,0.5,none,A3_minus_B4,0.03783474631999795,-0.001571464538571557,-18,-576
107,subject_107,1,F5,0.5,20dB,A3_minus_A2,-0.022813766651221812,0.010765042304991118,-105,-3360
107,subject_107,1,F5,0.5,20dB,A3_minus_B4,0.05720531359439107,-0.01241209983825637,-8,-256
107,subject_107,2,F0,0.2,none,A3_minus_A2,-0.023947264918657396,0.0027727365493774424,-105,-3360
107,subject_107,2,F0,0.2,none,A3_minus_B4,0.07596280573669034,-0.013838267326354979,20,640
107,subject_107,2,F0,0.2,20dB,A3_minus_A2,-0.00037045971613380857,-0.0018273830413818373,-135,-4320
107,subject_107,2,F0,0.2,20dB,A3_minus_B4,-0.0023529968908064802,-0.004141402244567872,5,160
107,subject_107,2,F0,0.5,none,A3_minus_A2,0.0,0.0,-101,-3232
107,subject_107,2,F0,0.5,none,A3_minus_B4,0.0,0.0,-6,-192
107,subject_107,2,F0,0.5,20dB,A3_minus_A2,5.280576900190681e-07,2.0027160644530383e-06,-124,-3968
107,subject_107,2,F0,0.5,20dB,A3_minus_B4,5.280576900190681e-07,2.0027160644530383e-06,-11,-352
107,subject_107,2,F1,0.2,none,A3_minus_A2,-0.05151360173681496,0.004735660552978513,-100,-3200
107,subject_107,2,F1,0.2,none,A3_minus_B4,0.13034556424029375,-0.010375833511352545,-16,-512
107,subject_107,2,F1,0.2,20dB,A3_minus_A2,0.0006420716059309939,-0.00034809112548828125,-104,-3328
107,subject_107,2,F1,0.2,20dB,A3_minus_B4,0.0036450414485535987,-0.006985569000244149,-14,-448
107,subject_107,2,F1,0.5,none,A3_minus_A2,-1.9328029310372585e-07,2.384185791015625e-07,-94,-3008
107,subject_107,2,F1,0.5,none,A3_minus_B4,-1.9328029310372585e-07,2.384185791015625e-07,-16,-512
107,subject_107,2,F1,0.5,20dB,A3_minus_A2,0.0,0.0,-107,-3424
107,subject_107,2,F1,0.5,20dB,A3_minus_B4,0.0,0.0,-13,-416
107,subject_107,2,F2,0.2,none,A3_minus_A2,0.0011537740011249298,-0.0032374143600464034,-100,-3200
107,subject_107,2,F2,0.2,none,A3_minus_B4,0.00977250464174162,-0.0029444456100463923,-19,-608
107,subject_107,2,F2,0.2,20dB,A3_minus_A2,-0.007368907231205313,0.0033454656600951926,-118,-3776
107,subject_107,2,F2,0.2,20dB,A3_minus_B4,-0.003419116394558941,0.0014219522476196234,7,224
107,subject_107,2,F2,0.5,none,A3_minus_A2,0.0,0.0,-98,-3136
107,subject_107,2,F2,0.5,none,A3_minus_B4,0.0,0.0,-17,-544
107,subject_107,2,F2,0.5,20dB,A3_minus_A2,0.0,0.0,-111,-3552
107,subject_107,2,F2,0.5,20dB,A3_minus_B4,0.0,0.0,-10,-320
107,subject_107,2,F3,0.2,none,A3_minus_A2,-0.10092726626816173,0.0196796178817749,-76,-2432
107,subject_107,2,F3,0.2,none,A3_minus_B4,0.029950521437758226,-0.0005684852600097712,-38,-1216
107,subject_107,2,F3,0.2,20dB,A3_minus_A2,-0.04066565569936387,0.03009622530898247,-107,-3424
107,subject_107,2,F3,0.2,20dB,A3_minus_B4,0.07623385112480108,-0.035171226588263674,7,224
107,subject_107,2,F3,0.5,none,A3_minus_A2,-0.03366737395413821,0.004863667488098147,-48,-1536
107,subject_107,2,F3,0.5,none,A3_minus_B4,0.0068356942456127,6.725788116455911e-05,-28,-896
107,subject_107,2,F3,0.5,20dB,A3_minus_A2,-0.026788981748067542,0.0067155881400981915,-64,-2048
107,subject_107,2,F3,0.5,20dB,A3_minus_B4,0.05200210441039488,-0.005621166658790963,-29,-928
107,subject_107,2,F4,0.2,none,A3_minus_A2,-0.229829801735292,0.02177311114510483,-35,-1120
107,subject_107,2,F4,0.2,none,A3_minus_B4,0.27099178413525493,-0.011589539726172049,-14,-448
107,subject_107,2,F4,0.2,20dB,A3_minus_A2,-0.10013564976729583,0.02641572967671646,-46,-1472
107,subject_107,2,F4,0.2,20dB,A3_minus_B4,-0.024508285744968106,0.009501981889240896,-32,-1024
107,subject_107,2,F4,0.5,none,A3_minus_A2,-0.08377221313768146,0.005022669827992626,-15,-480
107,subject_107,2,F4,0.5,none,A3_minus_B4,-0.08377221313768146,0.005022669827992626,-15,-480
107,subject_107,2,F4,0.5,20dB,A3_minus_A2,-0.08134148132498886,0.00634384254222603,-14,-448
107,subject_107,2,F4,0.5,20dB,A3_minus_B4,0.010505705712869684,-0.0011555661796977812,-7,-224
107,subject_107,2,F5,0.2,none,A3_minus_A2,-0.03797446206981192,0.00943585872650151,-88,-2816
107,subject_107,2,F5,0.2,none,A3_minus_B4,0.01620899365718742,-0.0011545896530144178,4,128
107,subject_107,2,F5,0.2,20dB,A3_minus_A2,-0.05008634870392825,0.026556134223940847,-109,-3488
107,subject_107,2,F5,0.2,20dB,A3_minus_B4,0.07956606297645763,-0.039409079551696286,4,128
107,subject_107,2,F5,0.5,none,A3_minus_A2,-0.014767885871911801,0.0009385585784901437,-74,-2368
107,subject_107,2,F5,0.5,none,A3_minus_B4,0.0287447391491078,-0.004256687164306425,-31,-992
107,subject_107,2,F5,0.5,20dB,A3_minus_A2,-0.001104521969107708,0.0003100872039787858,-76,-2432
107,subject_107,2,F5,0.5,20dB,A3_minus_B4,-0.0035673649735841195,0.0017049312591552734,-10,-320
108,subject_108,0,F0,0.2,none,A3_minus_A2,0.007403152204300767,-0.004184913635253907,-62,-1984
108,subject_108,0,F0,0.2,none,A3_minus_B4,0.0037596526949208453,-0.0031471490859985365,-7,-224
108,subject_108,0,F0,0.2,20dB,A3_minus_A2,0.004018813131924759,-0.00552663803100586,-96,-3072
108,subject_108,0,F0,0.2,20dB,A3_minus_B4,0.0012306029883113467,0.00031437873840331997,14,448
108,subject_108,0,F0,0.5,none,A3_minus_A2,0.0024037592918091377,-0.0018178701400756838,-61,-1952
108,subject_108,0,F0,0.5,none,A3_minus_B4,0.002614279478617476,-0.0014760732650756841,-9,-288
108,subject_108,0,F0,0.5,20dB,A3_minus_A2,0.004530201298944547,-0.00336301326751709,-95,-3040
108,subject_108,0,F0,0.5,20dB,A3_minus_B4,0.0019410452745560747,-0.0014842987060546872,8,256
108,subject_108,0,F1,0.2,none,A3_minus_A2,0.0015411036236692155,-0.0008286714553832897,-53,-1696
108,subject_108,0,F1,0.2,none,A3_minus_B4,0.00020956107430691873,0.00020344257354737438,-15,-480
108,subject_108,0,F1,0.2,20dB,A3_minus_A2,0.004041136487618502,-0.004978299140930176,-80,-2560
108,subject_108,0,F1,0.2,20dB,A3_minus_B4,-0.00037024822595910223,0.004732871055603036,6,192
108,subject_108,0,F1,0.5,none,A3_minus_A2,3.2588276004830163e-05,-0.0005850076675415067,-53,-1696
108,subject_108,0,F1,0.5,none,A3_minus_B4,4.936934091759326e-06,3.998279571533481e-05,-15,-480
108,subject_108,0,F1,0.5,20dB,A3_minus_A2,3.185652890458357e-05,-0.0012265205383300837,-79,-2528
108,subject_108,0,F1,0.5,20dB,A3_minus_B4,-0.0008389680270592947,0.0009377241134643499,20,640
108,subject_108,0,F2,0.2,none,A3_minus_A2,-0.000424011233395305,-0.0010029792785644642,-57,-1824
108,subject_108,0,F2,0.2,none,A3_minus_B4,-0.0004363872373218669,-0.0007806062698364202,-23,-736
108,subject_108,0,F2,0.2,20dB,A3_minus_A2,2.413581893989658e-05,-0.004241394996643083,-90,-2880
108,subject_108,0,F2,0.2,20dB,A3_minus_B4,0.0004970614436548004,0.0012333393096923828,7,224
108,subject_108,0,F2,0.5,none,A3_minus_A2,0.0002513646953019588,-0.0008925437927246038,-55,-1760
108,subject_108,0,F2,0.5,none,A3_minus_B4,-5.516076152289884e-06,3.271102905275103e-05,-30,-960
108,subject_108,0,F2,0.5,20dB,A3_minus_A2,-5.1042220302832675e-05,0.0008761644363403376,-86,-2752
108,subject_108,0,F2,0.5,20dB,A3_minus_B4,-0.00013793278944262966,0.0014991044998169112,-18,-576
108,subject_108,0,F3,0.2,none,A3_minus_A2,-0.047435359305012526,0.013345551490783703,-55,-1760
108,subject_108,0,F3,0.2,none,A3_minus_B4,0.1717461513021199,-0.026340413093566883,2,64
108,subject_108,0,F3,0.2,20dB,A3_minus_A2,-0.05278989716123306,0.030634865760803223,-76,-2432
108,subject_108,0,F3,0.2,20dB,A3_minus_B4,0.06379713003310883,-0.024820497512817383,-3,-96
108,subject_108,0,F3,0.5,none,A3_minus_A2,-0.022319661853750006,0.00418004989624024,-27,-864
108,subject_108,0,F3,0.5,none,A3_minus_B4,0.058585457733233426,-0.005869460105895993,-4,-128
108,subject_108,0,F3,0.5,20dB,A3_minus_A2,-0.035986404027664065,0.007043409347534169,-39,-1248
108,subject_108,0,F3,0.5,20dB,A3_minus_B4,0.16103990296767634,-0.019658756256103527,5,160
108,subject_108,0,F4,0.2,none,A3_minus_A2,-0.02605783077815005,0.0060671247803893436,-21,-672
108,subject_108,0,F4,0.2,none,A3_minus_B4,-0.012520888945360298,0.005337779898640149,-11,-352
108,subject_108,0,F4,0.2,20dB,A3_minus_A2,-0.02258696610716271,0.008844320060877847,-27,-864
108,subject_108,0,F4,0.2,20dB,A3_minus_B4,0.010068891415453862,0.00038457852732717845,0,0
108,subject_108,0,F4,0.5,none,A3_minus_A2,-0.03384058518787825,0.002833175659179704,-8,-256
108,subject_108,0,F4,0.5,none,A3_minus_B4,-0.018558416397420174,0.00241630216720104,2,64
108,subject_108,0,F4,0.5,20dB,A3_minus_A2,-0.049048186172877095,0.0039049322289092803,-12,-384
108,subject_108,0,F4,0.5,20dB,A3_minus_B4,0.07033411647410404,-0.002933212836868898,5,160
108,subject_108,0,F5,0.2,none,A3_minus_A2,-0.014027708486594292,0.004159426689146005,-46,-1472
108,subject_108,0,F5,0.2,none,A3_minus_B4,0.05371887225087946,-0.011612043380736563,0,0
108,subject_108,0,F5,0.2,20dB,A3_minus_A2,-0.000800761002182071,0.005397095680236677,-78,-2496
108,subject_108,0,F5,0.2,20dB,A3_minus_B4,0.01251400037737227,-0.009001379013060883,17,544
108,subject_108,0,F5,0.5,none,A3_minus_A2,-0.011092012974909693,0.005556173324585065,-47,-1504
108,subject_108,0,F5,0.5,none,A3_minus_B4,0.08910738020772868,-0.009329085350036695,0,0
108,subject_108,0,F5,0.5,20dB,A3_minus_A2,-0.020566314175461287,0.004023427963256762,-57,-1824
108,subject_108,0,F5,0.5,20dB,A3_minus_B4,0.050332367393499666,-0.0067383718490598085,6,192
108,subject_108,1,F0,0.2,none,A3_minus_A2,9.359398088548687e-06,0.0010432004928588867,-106,-3392
108,subject_108,1,F0,0.2,none,A3_minus_B4,-0.026355850071734466,-0.0005539655685424805,-10,-320
108,subject_108,1,F0,0.2,20dB,A3_minus_A2,0.006534567634698618,-0.0027136325836181648,-111,-3552
108,subject_108,1,F0,0.2,20dB,A3_minus_B4,0.010040179705683272,0.00031321048736572196,-10,-320
108,subject_108,1,F0,0.5,none,A3_minus_A2,-0.011152265337827316,0.001305603981018066,-98,-3136
108,subject_108,1,F0,0.5,none,A3_minus_B4,-0.018896803383626093,0.0034808397293090818,-2,-64
108,subject_108,1,F0,0.5,20dB,A3_minus_A2,0.0057787677578780006,0.0004630088806152335,-103,-3296
108,subject_108,1,F0,0.5,20dB,A3_minus_B4,0.010398939217274972,-0.00034513473510742326,-13,-416
108,subject_108,1,F1,0.2,none,A3_minus_A2,8.58753130970058e-05,-0.0018587112426757812,-86,-2752
108,subject_108,1,F1,0.2,none,A3_minus_B4,-0.0019645466570423764,0.0024439573287963756,-9,-288
108,subject_108,1,F1,0.2,20dB,A3_minus_A2,0.005850734806386981,-0.0009846687316894531,-102,-3264
108,subject_108,1,F1,0.2,20dB,A3_minus_B4,-0.001497842069358768,-0.003547716140747059,-24,-768
108,subject_108,1,F1,0.5,none,A3_minus_A2,-0.0006823408039053902,-0.0004677772521972656,-84,-2688
108,subject_108,1,F1,0.5,none,A3_minus_B4,-0.0006267306399969641,0.0007822036743164035,-7,-224
108,subject_108,1,F1,0.5,20dB,A3_minus_A2,-4.440856416820793e-06,-0.0009374618530273438,-85,-2720
108,subject_108,1,F1,0.5,20dB,A3_minus_B4,-0.00011761117502651075,-0.0025780200958251953,-4,-128
108,subject_108,1,F2,0.2,none,A3_minus_A2,0.0032752033938763248,-6.701946258547142e-05,-97,-3104
108,subject_108,1,F2,0.2,none,A3_minus_B4,0.14228374072929384,0.00044002532958981044,4,128
108,subject_108,1,F2,0.2,20dB,A3_minus_A2,0.004433471970024527,-0.002704572677612316,-98,-3136
108,subject_108,1,F2,0.2,20dB,A3_minus_B4,0.09899864580105344,-0.008506989479064975,3,96
108,subject_108,1,F2,0.5,none,A3_minus_A2,0.009560369891895348,-0.00014348030090333141,-92,-2944
108,subject_108,1,F2,0.5,none,A3_minus_B4,0.009752779522063548,0.0014061450958252064,5,160
108,subject_108,1,F2,0.5,20dB,A3_minus_A2,6.865646275500126e-06,0.001106643676757807,-103,-3296
108,subject_108,1,F2,0.5,20dB,A3_minus_B4,2.728505042526308e-05,-5.784034729003351e-05,7,224
108,subject_108,1,F3,0.2,none,A3_minus_A2,-0.29669153403040127,0.054375389099121096,-105,-3360
108,subject_108,1,F3,0.2,none,A3_minus_B4,0.7875214378290352,-0.09877781001630079,20,640
108,subject_108,1,F3,0.2,20dB,A3_minus_A2,-0.11577390072938698,0.06700509963963187,-110,-3520
108,subject_108,1,F3,0.2,20dB,A3_minus_B4,0.20811731522664445,-0.05321923316981639,-10,-320
108,subject_108,1,F3,0.5,none,A3_minus_A2,-0.14699199318614475,0.0175173282623291,-75,-2400
108,subject_108,1,F3,0.5,none,A3_minus_B4,0.17431755484095746,-0.015314793586730949,-17,-544
108,subject_108,1,F3,0.5,20dB,A3_minus_A2,-0.1212988871925802,0.023905515670776367,-85,-2720
108,subject_108,1,F3,0.5,20dB,A3_minus_B4,0.10279598271731949,-0.01523051261901856,-19,-608
108,subject_108,1,F4,0.2,none,A3_minus_A2,-0.3256375146183039,0.03239683673585453,-58,-1856
108,subject_108,1,F4,0.2,none,A3_minus_B4,0.2765699072265555,-0.01702814555338128,-10,-320
108,subject_108,1,F4,0.2,20dB,A3_minus_A2,-0.16416681099357788,0.042050996107084154,-71,-2272
108,subject_108,1,F4,0.2,20dB,A3_minus_B4,0.025646540353662317,0.0017292355744906729,-20,-640
108,subject_108,1,F4,0.5,none,A3_minus_A2,-0.07775672334657813,0.00424604722677302,-18,-576
108,subject_108,1,F4,0.5,none,A3_minus_B4,-0.07775672334657813,0.00424604722677302,-18,-576
108,subject_108,1,F4,0.5,20dB,A3_minus_A2,-0.06485725212437998,0.005389952659606928,-17,-544
108,subject_108,1,F4,0.5,20dB,A3_minus_B4,0.035897898921250615,-0.004918246756737965,-4,-128
108,subject_108,1,F5,0.2,none,A3_minus_A2,-0.09584317178397939,0.023262848854065682,-110,-3520
108,subject_108,1,F5,0.2,none,A3_minus_B4,-0.07601101830599077,0.008299264907837417,-18,-576
108,subject_108,1,F5,0.2,20dB,A3_minus_A2,-0.032798502533662344,0.01674895763397241,-104,-3328
108,subject_108,1,F5,0.2,20dB,A3_minus_B4,0.00797849454299282,-0.0059989452362081835,-8,-256
108,subject_108,1,F5,0.5,none,A3_minus_A2,-0.02969418330965823,0.007288951873779585,-85,-2720
108,subject_108,1,F5,0.5,none,A3_minus_B4,0.06409125376868019,-0.006543245315552157,-3,-96
108,subject_108,1,F5,0.5,20dB,A3_minus_A2,-0.036668621666224865,0.007991147041324705,-87,-2784
108,subject_108,1,F5,0.5,20dB,A3_minus_B4,0.03814899612386746,-0.0028723526001019906,-4,-128
108,subject_108,2,F0,0.2,none,A3_minus_A2,0.007449386296510596,-3.0136108398436112e-05,-48,-1536
108,subject_108,2,F0,0.2,none,A3_minus_B4,0.0068623897917170495,-0.0019743919372558587,-11,-352
108,subject_108,2,F0,0.2,20dB,A3_minus_A2,0.01070016105922278,0.0007687568664550802,-99,-3168
108,subject_108,2,F0,0.2,20dB,A3_minus_B4,-0.0004063218142533742,-0.002282619476318356,10,320
108,subject_108,2,F0,0.5,none,A3_minus_A2,0.004823250465999962,-0.0008745670318603517,-65,-2080
108,subject_108,2,F0,0.5,none,A3_minus_B4,-0.0009001270871777933,0.0006342887878417964,-23,-736
108,subject_108,2,F0,0.5,20dB,A3_minus_A2,-0.0013296700305502895,0.00054795742034912,-84,-2688
108,subject_108,2,F0,0.5,20dB,A3_minus_B4,-0.0008256954005378958,0.0008158445358276371,5,160
108,subject_108,2,F1,0.2,none,A3_minus_A2,-0.002910639385479641,0.0013309240341186634,-57,-1824
108,subject_108,2,F1,0.2,none,A3_minus_B4,-0.0049453110934436495,0.0016727924346923856,-24,-768
108,subject_108,2,F1,0.2,20dB,A3_minus_A2,-0.0006060122340194596,-0.007764220237731934,-90,-2880
108,subject_108,2,F1,0.2,20dB,A3_minus_B4,0.0044261211580867155,-0.0014336585998535045,5,160
108,subject_108,2,F1,0.5,none,A3_minus_A2,0.0006819052561954919,0.00020549297332764227,-35,-1120
108,subject_108,2,F1,0.5,none,A3_minus_B4,5.691425018561347e-05,0.0014432668685913086,-10,-320
108,subject_108,2,F1,0.5,20dB,A3_minus_A2,0.00032156049496201433,0.001824712753295904,-50,-1600
108,subject_108,2,F1,0.5,20dB,A3_minus_B4,0.00035570723475863986,0.0030615091323852595,-2,-64
108,subject_108,2,F2,0.2,none,A3_minus_A2,0.002042998275307184,0.00028691291809082586,-42,-1344
108,subject_108,2,F2,0.2,none,A3_minus_B4,-8.398361892147932e-06,0.00024816989898682196,-12,-384
108,subject_108,2,F2,0.2,20dB,A3_minus_A2,4.6440325540686445e-07,0.0011074066162109208,-69,-2208
108,subject_108,2,F2,0.2,20dB,A3_minus_B4,0.006479352444941355,-0.0038459539413452093,8,256
108,subject_108,2,F2,0.5,none,A3_minus_A2,2.772199782796747e-05,-0.0012375354766845648,-49,-1568
108,subject_108,2,F2,0.5,none,A3_minus_B4,-1.7093093489961575e-05,-0.000927352905273432,-13,-416
108,subject_108,2,F2,0.5,20dB,A3_minus_A2,0.00026801503956441763,-0.00044462680816650946,-60,-1920
108,subject_108,2,F2,0.5,20dB,A3_minus_B4,0.0011394753976841088,-0.003206324577331554,-3,-96
108,subject_108,2,F3,0.2,none,A3_minus_A2,-0.006527662560845471,0.0024554014205932645,-29,-928
108,subject_108,2,F3,0.2,none,A3_minus_B4,0.008848383722085629,0.0017928838729858315,3,96
108,subject_108,2,F3,0.2,20dB,A3_minus_A2,-0.007838891234069223,0.013109609465258062,-73,-2336
108,subject_108,2,F3,0.2,20dB,A3_minus_B4,0.024302155290047978,-0.03302452564239504,7,224
108,subject_108,2,F3,0.5,none,A3_minus_A2,-0.010784016962055887,0.0018259286880493164,-13,-416
108,subject_108,2,F3,0.5,none,A3_minus_B4,0.001249448566465361,-0.001726555824279788,4,128
108,subject_108,2,F3,0.5,20dB,A3_minus_A2,-0.008725382962246897,0.002060532569885254,-26,-832
108,subject_108,2,F3,0.5,20dB,A3_minus_B4,-0.008742895996142863,0.0023137092590332087,-12,-384
108,subject_108,2,F4,0.2,none,A3_minus_A2,-0.03802656709572716,0.008261604387488214,-14,-448
108,subject_108,2,F4,0.2,none,A3_minus_B4,0.04860955674662648,-0.009675979614257812,4,128
108,subject_108,2,F4,0.2,20dB,A3_minus_A2,-0.0622171157985818,0.02238370418548591,-29,-928
108,subject_108,2,F4,0.2,20dB,A3_minus_B4,0.058032494010898716,-0.010536465644836346,-2,-64
108,subject_108,2,F4,0.5,none,A3_minus_A2,-0.015600554495851071,0.0011215925216674638,-6,-192
108,subject_108,2,F4,0.5,none,A3_minus_B4,0.02819916075874751,-0.002117896080017112,2,64
108,subject_108,2,F4,0.5,20dB,A3_minus_A2,-0.03356637458788825,0.0030605316162109486,-7,-224
108,subject_108,2,F4,0.5,20dB,A3_minus_B4,0.0003573082008365702,-2.9802322387695312e-05,0,0
108,subject_108,2,F5,0.2,none,A3_minus_A2,0.0010002098188977016,0.0028201818466184747,-36,-1152
108,subject_108,2,F5,0.2,none,A3_minus_B4,0.013057218941888493,-0.000490922927854423,3,96
108,subject_108,2,F5,0.2,20dB,A3_minus_A2,-0.002668817500108389,0.007072849273680515,-84,-2688
108,subject_108,2,F5,0.2,20dB,A3_minus_B4,0.0053756072743915695,8.231639861958073e-05,-4,-128
108,subject_108,2,F5,0.5,none,A3_minus_A2,-0.02422952341068907,0.0033273696899414062,-24,-768
108,subject_108,2,F5,0.5,none,A3_minus_B4,-0.015719417475160924,0.002530694007873535,-10,-320
108,subject_108,2,F5,0.5,20dB,A3_minus_A2,-0.014767556137284643,0.004861922264098345,-75,-2400
108,subject_108,2,F5,0.5,20dB,A3_minus_B4,0.010601269127455737,-0.002022438049318606,7,224
109,subject_109,0,F0,0.2,none,A3_minus_A2,-0.0009344232122678875,0.0005098819732666021,-105,-3360
109,subject_109,0,F0,0.2,none,A3_minus_B4,-0.0022018637717202694,0.0023412704467773446,2,64
109,subject_109,0,F0,0.2,20dB,A3_minus_A2,-0.0005677513533903777,0.00509347915649414,-132,-4224
109,subject_109,0,F0,0.2,20dB,A3_minus_B4,0.0013248214404981695,-0.0014225959777832038,7,224
109,subject_109,0,F0,0.5,none,A3_minus_A2,0.0,0.0,-105,-3360
109,subject_109,0,F0,0.5,none,A3_minus_B4,0.0,0.0,2,64
109,subject_109,0,F0,0.5,20dB,A3_minus_A2,1.710348129790873e-08,4.768371582048597e-08,-109,-3488
109,subject_109,0,F0,0.5,20dB,A3_minus_B4,1.710348129790873e-08,4.768371582048597e-08,8,256
109,subject_109,0,F1,0.2,none,A3_minus_A2,0.00047724395285442256,-0.0009236097335815346,-99,-3168
109,subject_109,0,F1,0.2,none,A3_minus_B4,0.0014622176667167253,-0.003720998764038086,17,544
109,subject_109,0,F1,0.2,20dB,A3_minus_A2,0.00029826662424170536,0.00047211647033690296,-88,-2816
109,subject_109,0,F1,0.2,20dB,A3_minus_B4,-0.0013039491280331106,0.004751515388488767,26,832
109,subject_109,0,F1,0.5,none,A3_minus_A2,0.0,0.0,-92,-2944
109,subject_109,0,F1,0.5,none,A3_minus_B4,0.0,0.0,16,512
109,subject_109,0,F1,0.5,20dB,A3_minus_A2,-1.871056323210496e-07,4.768371582308806e-08,-109,-3488
109,subject_109,0,F1,0.5,20dB,A3_minus_B4,-1.871056323210496e-07,4.768371582308806e-08,9,288
109,subject_109,0,F2,0.2,none,A3_minus_A2,3.737285627991582e-05,-0.00024530887603757545,-104,-3328
109,subject_109,0,F2,0.2,none,A3_minus_B4,-0.00010361975161288228,0.0009922027587890847,4,128
109,subject_109,0,F2,0.2,20dB,A3_minus_A2,-0.000452226813596468,0.002890205383300787,-111,-3552
109,subject_109,0,F2,0.2,20dB,A3_minus_B4,-0.0011460346591469772,0.002675390243530279,7,224
109,subject_109,0,F2,0.5,none,A3_minus_A2,0.0,0.0,-102,-3264
109,subject_109,0,F2,0.5,none,A3_minus_B4,0.0,0.0,2,64
109,subject_109,0,F2,0.5,20dB,A3_minus_A2,0.0,0.0,-103,-3296
109,subject_109,0,F2,0.5,20dB,A3_minus_B4,0.0,0.0,8,256
109,subject_109,0,F3,0.2,none,A3_minus_A2,-0.06462856592379751,0.019467864289166914,-85,-2720
109,subject_109,0,F3,0.2,none,A3_minus_B4,0.2202117582146279,-0.03678435805655057,12,384
109,subject_109,0,F3,0.2,20dB,A3_minus_A2,-0.04458895738540747,0.02846786975860595,-96,-3072
109,subject_109,0,F3,0.2,20dB,A3_minus_B4,0.04587793255630501,-0.025256407737731926,7,224
109,subject_109,0,F3,0.5,none,A3_minus_A2,-0.008029197354009199,0.0011451005935668862,-29,-928
109,subject_109,0,F3,0.5,none,A3_minus_B4,0.07860720977481961,-0.00820682048797608,11,352
109,subject_109,0,F3,0.5,20dB,A3_minus_A2,-0.04022016911512516,0.008848619461059568,-62,-1984
109,subject_109,0,F3,0.5,20dB,A3_minus_B4,0.03477977653749953,-0.004820728302001948,-9,-288
109,subject_109,0,F4,0.2,none,A3_minus_A2,-0.15268487812588205,0.014662609380731051,-37,-1184
109,subject_109,0,F4,0.2,none,A3_minus_B4,0.06427977781686067,-0.004499088606412183,4,128
109,subject_109,0,F4,0.2,20dB,A3_minus_A2,-0.0885283640968737,0.021147297460486464,-42,-1344
109,subject_109,0,F4,0.2,20dB,A3_minus_B4,0.02370079630771471,-0.0007022558736553552,7,224
109,subject_109,0,F4,0.5,none,A3_minus_A2,-0.036230912289827444,0.0026947736740112194,-8,-256
109,subject_109,0,F4,0.5,none,A3_minus_B4,0.012077691372137878,-0.0008140087127685713,2,64
109,subject_109,0,F4,0.5,20dB,A3_minus_A2,-0.00023856085479323497,3.3974647521972656e-05,-3,-96
109,subject_109,0,F4,0.5,20dB,A3_minus_B4,0.00915888298022871,-0.0012049436569213645,3,96
109,subject_109,0,F5,0.2,none,A3_minus_A2,-0.027935624154807215,0.009404101371764104,-80,-2560
109,subject_109,0,F5,0.2,none,A3_minus_B4,0.12030618146559391,-0.02146185398101945,10,320
109,subject_109,0,F5,0.2,20dB,A3_minus_A2,-0.014711434667979972,0.009876661300657286,-109,-3488
109,subject_109,0,F5,0.2,20dB,A3_minus_B4,0.005458481185584674,-0.008187580108644718,15,480
109,subject_109,0,F5,0.5,none,A3_minus_A2,-0.11271152243722327,0.007336874008179353,-60,-1920
109,subject_109,0,F5,0.5,none,A3_minus_B4,-0.0010146148137231137,0.0024278402328484217,-1,-32
109,subject_109,0,F5,0.5,20dB,A3_minus_A2,-0.00970801235795804,0.0022205162048324484,-87,-2784
109,subject_109,0,F5,0.5,20dB,A3_minus_B4,0.032066967706338545,-0.007402129173277143,11,352
109,subject_109,1,F0,0.2,none,A3_minus_A2,0.0009856137164838685,-0.0005590200424194338,-111,-3552
109,subject_109,1,F0,0.2,none,A3_minus_B4,-0.0008295976666552463,0.0009782791137695314,26,832
109,subject_109,1,F0,0.2,20dB,A3_minus_A2,0.0012148085988741286,-0.00022912025451660156,-124,-3968
109,subject_109,1,F0,0.2,20dB,A3_minus_B4,0.0009046223231941042,-0.007029318809509277,7,224
109,subject_109,1,F0,0.5,none,A3_minus_A2,0.0,0.0,-111,-3552
109,subject_109,1,F0,0.5,none,A3_minus_B4,0.0,0.0,18,576
109,subject_109,1,F0,0.5,20dB,A3_minus_A2,0.0,0.0,-120,-3840
109,subject_109,1,F0,0.5,20dB,A3_minus_B4,0.0,0.0,5,160
109,subject_109,1,F1,0.2,none,A3_minus_A2,0.0012969127806030656,0.0015084505081176813,-101,-3232
109,subject_109,1,F1,0.2,none,A3_minus_B4,-0.0036944931546400994,0.001576113700866702,6,192
109,subject_109,1,F1,0.2,20dB,A3_minus_A2,-0.002192975602991254,0.00432982444763183,-112,-3584
109,subject_109,1,F1,0.2,20dB,A3_minus_B4,0.0036305814995891694,-0.0032224178314208957,-2,-64
109,subject_109,1,F1,0.5,none,A3_minus_A2,3.331068398892967e-07,4.768371582308806e-08,-96,-3072
109,subject_109,1,F1,0.5,none,A3_minus_B4,3.331068398892967e-07,4.768371582308806e-08,9,288
109,subject_109,1,F1,0.5,20dB,A3_minus_A2,0.0,0.0,-111,-3552
109,subject_109,1,F1,0.5,20dB,A3_minus_B4,0.0,0.0,-6,-192
109,subject_109,1,F2,0.2,none,A3_minus_A2,-0.00025076663055401127,-0.000523686408996582,-100,-3200
109,subject_109,1,F2,0.2,none,A3_minus_B4,-0.0026480690209922386,-0.0014447450637817272,1,32
109,subject_109,1,F2,0.2,20dB,A3_minus_A2,-0.0003637053496490239,-0.0022568941116332952,-105,-3360
109,subject_109,1,F2,0.2,20dB,A3_minus_B4,-0.0008012517429154542,0.0014164686203002874,-4,-128
109,subject_109,1,F2,0.5,none,A3_minus_A2,0.0,0.0,-97,-3104
109,subject_109,1,F2,0.5,none,A3_minus_B4,0.0,0.0,3,96
109,subject_109,1,F2,0.5,20dB,A3_minus_A2,0.0,0.0,-94,-3008
109,subject_109,1,F2,0.5,20dB,A3_minus_B4,0.0,0.0,-14,-448
109,subject_109,1,F3,0.2,none,A3_minus_A2,-0.0708237689667861,0.019156765937805173,-93,-2976
109,subject_109,1,F3,0.2,none,A3_minus_B4,0.2551329443815824,-0.04081597328186036,1,32
109,subject_109,1,F3,0.2,20dB,A3_minus_A2,-0.02404410090046838,0.023235058784484855,-96,-3072
109,subject_109,1,F3,0.2,20dB,A3_minus_B4,0.06648485644945623,-0.033503437042236336,4,128
109,subject_109,1,F3,0.5,none,A3_minus_A2,-0.05907549036409776,0.008228206634521493,-40,-1280
109,subject_109,1,F3,0.5,none,A3_minus_B4,0.0041476595282325945,0.0013237714767456166,-12,-384
109,subject_109,1,F3,0.5,20dB,A3_minus_A2,-0.07100861580349438,0.014137911796569813,-62,-1984
109,subject_109,1,F3,0.5,20dB,A3_minus_B4,0.04168357174921944,-0.005037236213684085,-17,-544
109,subject_109,1,F4,0.2,none,A3_minus_A2,-0.09479535704918618,0.010883254878550408,-35,-1120
109,subject_109,1,F4,0.2,none,A3_minus_B4,0.014911528967846976,0.00012116549987625791,5,160
109,subject_109,1,F4,0.2,20dB,A3_minus_A2,-0.09276399531487911,0.023417266605341824,-49,-1568
109,subject_109,1,F4,0.2,20dB,A3_minus_B4,0.05483209484803098,-0.004161151592076973,1,32
109,subject_109,1,F4,0.5,none,A3_minus_A2,0.0,0.0,0,0
109,subject_109,1,F4,0.5,none,A3_minus_B4,0.0,0.0,0,0
109,subject_109,1,F4,0.5,20dB,A3_minus_A2,-0.032363966183307724,0.00290749073028565,-7,-224
109,subject_109,1,F4,0.5,20dB,A3_minus_B4,0.06221908387199626,-0.005858540534973172,10,320
109,subject_109,1,F5,0.2,none,A3_minus_A2,-0.07292778584671566,0.010055551528928675,-90,-2880
109,subject_109,1,F5,0.2,none,A3_minus_B4,0.029310402176914607,-0.008851542472839383,21,672
109,subject_109,1,F5,0.2,20dB,A3_minus_A2,-0.00818948275878384,0.00997354507446175,-107,-3424
109,subject_109,1,F5,0.2,20dB,A3_minus_B4,0.02155753703299368,-0.013357176780702154,9,288
109,subject_109,1,F5,0.5,none,A3_minus_A2,-0.025188713250219763,0.0016437149047867083,-78,-2496
109,subject_109,1,F5,0.5,none,A3_minus_B4,0.0264506404510243,-0.004796962738035593,-3,-96
109,subject_109,1,F5,0.5,20dB,A3_minus_A2,-0.0034896023930670594,0.002304573059081251,-97,-3104
109,subject_109,1,F5,0.5,20dB,A3_minus_B4,0.01890627763420838,-0.007606825828552391,39,1248
109,subject_109,2,F0,0.2,none,A3_minus_A2,0.0009452847359057159,-0.0009274244308471683,-77,-2464
109,subject_109,2,F0,0.2,none,A3_minus_B4,0.00446044707277693,-0.0034820556640625,9,288
109,subject_109,2,F0,0.2,20dB,A3_minus_A2,0.0004885460846466572,-0.002307796478271485,-111,-3552
109,subject_109,2,F0,0.2,20dB,A3_minus_B4,0.0009046679039492744,-0.0014801740646362303,2,64
109,subject_109,2,F0,0.5,none,A3_minus_A2,-5.148205808325201e-07,4.768371582026913e-08,-77,-2464
109,subject_109,2,F0,0.5,none,A3_minus_B4,-4.5385975155909364e-07,-1.0013580322265191e-06,9,288
109,subject_109,2,F0,0.5,20dB,A3_minus_A2,0.0,0.0,-122,-3904
109,subject_109,2,F0,0.5,20dB,A3_minus_B4,0.0,0.0,15,480
109,subject_109,2,F1,0.2,none,A3_minus_A2,5.739733275333947e-07,3.3378601073386083e-07,-81,-2592
109,subject_109,2,F1,0.2,none,A3_minus_B4,1.7651596699863603e-06,-6.270408630382196e-06,-1,-32
109,subject_109,2,F1,0.2,20dB,A3_minus_A2,0.00045090366247535485,-0.0006501197814941378,-88,-2816
109,subject_109,2,F1,0.2,20dB,A3_minus_B4,0.0004543692989997794,0.00011096000671387274,22,704
109,subject_109,2,F1,0.5,none,A3_minus_A2,0.0,0.0,-76,-2432
109,subject_109,2,F1,0.5,none,A3_minus_B4,0.0,0.0,-7,-224
109,subject_109,2,F1,0.5,20dB,A3_minus_A2,-7.883763153415657e-08,4.768371582308806e-08,-105,-3360
109,subject_109,2,F1,0.5,20dB,A3_minus_B4,-5.24800825019156e-09,-4.76837158203125e-07,5,160
109,subject_109,2,F2,0.2,none,A3_minus_A2,1.988451948164993e-05,-0.0008699893951416016,-90,-2880
109,subject_109,2,F2,0.2,none,A3_minus_B4,-1.0980060217491427e-05,-0.0005323410034179799,-13,-416
109,subject_109,2,F2,0.2,20dB,A3_minus_A2,-0.00025004483270052447,-0.00012428760528565563,-107,-3424
109,subject_109,2,F2,0.2,20dB,A3_minus_B4,0.0004622835725527352,-0.002192902565002458,11,352
109,subject_109,2,F2,0.5,none,A3_minus_A2,0.0,0.0,-86,-2752
109,subject_109,2,F2,0.5,none,A3_minus_B4,0.0,0.0,-8,-256
109,subject_109,2,F2,0.5,20dB,A3_minus_A2,0.0,0.0,-99,-3168
109,subject_109,2,F2,0.5,20dB,A3_minus_B4,0.0,-2.6226043700616763e-07,9,288
109,subject_109,2,F3,0.2,none,A3_minus_A2,-0.05735005012657979,0.015108537673950206,-64,-2048
109,subject_109,2,F3,0.2,none,A3_minus_B4,0.08070815700779832,-0.014312076568603505,-5,-160
109,subject_109,2,F3,0.2,20dB,A3_minus_A2,-0.03635891115433765,0.023047900199890142,-100,-3200
109,subject_109,2,F3,0.2,20dB,A3_minus_B4,0.039190503914202424,-0.0185934944152832,-7,-224
109,subject_109,2,F3,0.5,none,A3_minus_A2,-0.04134439360665354,0.004690909385681161,-24,-768
109,subject_109,2,F3,0.5,none,A3_minus_B4,0.020923585443917148,-0.001390004158020014,-2,-64
109,subject_109,2,F3,0.5,20dB,A3_minus_A2,-0.0353955869198721,0.006894326210021978,-45,-1440
109,subject_109,2,F3,0.5,20dB,A3_minus_B4,-0.01235599603743509,0.0027834653854370145,-8,-256
109,subject_109,2,F4,0.2,none,A3_minus_A2,-0.06705124457584688,0.008676765412153314,-28,-896
109,subject_109,2,F4,0.2,none,A3_minus_B4,0.06990382685599883,-0.0028410276890786235,-6,-192
109,subject_109,2,F4,0.2,20dB,A3_minus_A2,-0.045770185122268714,0.014685159336015496,-40,-1280
109,subject_109,2,F4,0.2,20dB,A3_minus_B4,-0.010018857976284323,0.005455909343703713,-11,-352
109,subject_109,2,F4,0.5,none,A3_minus_A2,0.0,0.0,0,0
109,subject_109,2,F4,0.5,none,A3_minus_B4,-6.776155873566836e-05,1.0371208190917969e-05,2,64
109,subject_109,2,F4,0.5,20dB,A3_minus_A2,-0.012819388176577462,0.0012590408325195424,-5,-160
109,subject_109,2,F4,0.5,20dB,A3_minus_B4,0.0679000803951233,-0.005719089508056635,8,256
109,subject_109,2,F5,0.2,none,A3_minus_A2,-0.019205671802655644,0.005350637435913089,-59,-1888
109,subject_109,2,F5,0.2,none,A3_minus_B4,0.0010643273364188133,0.0025947952270508057,3,96
109,subject_109,2,F5,0.2,20dB,A3_minus_A2,-0.020018914493284967,0.01847963809967012,-111,-3552
109,subject_109,2,F5,0.2,20dB,A3_minus_B4,0.009488287763932846,-0.0058986520767183165,3,96
109,subject_109,2,F5,0.5,none,A3_minus_A2,-0.030081683490159605,0.004207172393799037,-41,-1312
109,subject_109,2,F5,0.5,none,A3_minus_B4,0.020036096249892665,-0.001396923065185976,-6,-192
109,subject_109,2,F5,0.5,20dB,A3_minus_A2,-0.02986045496446721,0.009686064720153813,-67,-2144
109,subject_109,2,F5,0.5,20dB,A3_minus_B4,0.007064593861940693,0.0016292667388908555,-11,-352
111,subject_111,0,F0,0.2,none,A3_minus_A2,-5.69477608181046e-05,-0.0006248950958251953,-98,-3136
111,subject_111,0,F0,0.2,none,A3_minus_B4,0.0,4.768371582048597e-08,1,32
111,subject_111,0,F0,0.2,20dB,A3_minus_A2,0.0012184492192091056,-0.0004332542419433587,-111,-3552
111,subject_111,0,F0,0.2,20dB,A3_minus_B4,0.0011176594018209585,0.0005342721939086918,26,832
111,subject_111,0,F0,0.5,none,A3_minus_A2,0.0,0.0,-98,-3136
111,subject_111,0,F0,0.5,none,A3_minus_B4,0.0,0.0,1,32
111,subject_111,0,F0,0.5,20dB,A3_minus_A2,0.0,0.0,-112,-3584
111,subject_111,0,F0,0.5,20dB,A3_minus_B4,0.0,0.0,9,288
111,subject_111,0,F1,0.2,none,A3_minus_A2,-0.00023318219741952362,-0.00031247138977050226,-82,-2624
111,subject_111,0,F1,0.2,none,A3_minus_B4,0.0,0.0,-6,-192
111,subject_111,0,F1,0.2,20dB,A3_minus_A2,-0.011537431149644561,-0.001558804512023934,-95,-3040
111,subject_111,0,F1,0.2,20dB,A3_minus_B4,-0.0012024569362694137,0.0011084556579589872,0,0
111,subject_111,0,F1,0.5,none,A3_minus_A2,0.0,0.0,-81,-2592
111,subject_111,0,F1,0.5,none,A3_minus_B4,0.0,0.0,-5,-160
111,subject_111,0,F1,0.5,20dB,A3_minus_A2,0.0,0.0,-89,-2848
111,subject_111,0,F1,0.5,20dB,A3_minus_B4,0.0,0.0,5,160
111,subject_111,0,F2,0.2,none,A3_minus_A2,-0.00041101233227536227,0.0008133649826049805,-86,-2752
111,subject_111,0,F2,0.2,none,A3_minus_B4,-4.2418307199199035e-05,0.0020535469055175948,0,0
111,subject_111,0,F2,0.2,20dB,A3_minus_A2,-0.0003594065177949801,0.0006216287612914873,-103,-3296
111,subject_111,0,F2,0.2,20dB,A3_minus_B4,-0.0007165880526791568,0.00013575553894040748,-11,-352
111,subject_111,0,F2,0.5,none,A3_minus_A2,0.0,0.0,-84,-2688
111,subject_111,0,F2,0.5,none,A3_minus_B4,0.0,0.0,2,64
111,subject_111,0,F2,0.5,20dB,A3_minus_A2,0.0,0.0,-96,-3072
111,subject_111,0,F2,0.5,20dB,A3_minus_B4,0.0,0.0,-7,-224
111,subject_111,0,F3,0.2,none,A3_minus_A2,-0.12205650505498511,0.032949280738830564,-90,-2880
111,subject_111,0,F3,0.2,none,A3_minus_B4,0.03904260357030864,-0.0030527114868164062,-42,-1344
111,subject_111,0,F3,0.2,20dB,A3_minus_A2,-0.040158553567565036,0.03216235637664795,-98,-3136
111,subject_111,0,F3,0.2,20dB,A3_minus_B4,0.015202888225349653,-0.004765582084655759,-37,-1184
111,subject_111,0,F3,0.5,none,A3_minus_A2,-0.02517186744093891,0.0038428306579589844,-42,-1344
111,subject_111,0,F3,0.5,none,A3_minus_B4,0.12059520513341937,-0.015346360206604001,-6,-192
111,subject_111,0,F3,0.5,20dB,A3_minus_A2,-0.04559055872028139,0.010375142097473145,-49,-1568
111,subject_111,0,F3,0.5,20dB,A3_minus_B4,0.018236588296851153,0.0006068944931030273,-18,-576
111,subject_111,0,F4,0.2,none,A3_minus_A2,-0.09469885968599101,0.013809655416759326,-35,-1120
111,subject_111,0,F4,0.2,none,A3_minus_B4,0.2250709159383142,-0.018947738471724734,-1,-32
111,subject_111,0,F4,0.2,20dB,A3_minus_A2,-0.06816594042863144,0.021525947916240018,-41,-1312
111,subject_111,0,F4,0.2,20dB,A3_minus_B4,0.09228598286558665,-0.017015089113731174,-1,-32
111,subject_111,0,F4,0.5,none,A3_minus_A2,-0.028833123747240563,0.0020636255425078576,-11,-352
111,subject_111,0,F4,0.5,none,A3_minus_B4,0.03450764861511857,-0.0018275802451508116,-4,-128
111,subject_111,0,F4,0.5,20dB,A3_minus_A2,-0.015416303421110555,0.0020384246986968613,-11,-352
111,subject_111,0,F4,0.5,20dB,A3_minus_B4,0.005861014528878883,-0.0001634900885956192,-4,-128
111,subject_111,0,F5,0.2,none,A3_minus_A2,-0.05499845778719603,0.014074096679685677,-71,-2272
111,subject_111,0,F5,0.2,none,A3_minus_B4,0.06627890293269445,-0.008741130828854984,2,64
111,subject_111,0,F5,0.2,20dB,A3_minus_A2,-0.019082285638543084,0.018067440986630774,-113,-3616
111,subject_111,0,F5,0.2,20dB,A3_minus_B4,0.0001840165846935804,-0.0027042293548591584,-34,-1088
111,subject_111,0,F5,0.5,none,A3_minus_A2,-0.08984557637955248,0.007215361595153333,-60,-1920
111,subject_111,0,F5,0.5,none,A3_minus_B4,0.054154027472868904,-0.0059763431549058055,-9,-288
111,subject_111,0,F5,0.5,20dB,A3_minus_A2,-0.010068110969363886,0.0016766834259021451,-69,-2208
111,subject_111,0,F5,0.5,20dB,A3_minus_B4,0.03898034021470309,-0.007777185440062694,10,320
111,subject_111,1,F0,0.2,none,A3_minus_A2,-0.003812537326044918,0.0006250619888305666,-118,-3776
111,subject_111,1,F0,0.2,none,A3_minus_B4,-0.004238004848648558,0.0012450218200683594,0,0
111,subject_111,1,F0,0.2,20dB,A3_minus_A2,0.0006033005353778265,-0.0010797739028930659,-120,-3840
111,subject_111,1,F0,0.2,20dB,A3_minus_B4,0.0011713080084909677,-0.00026426315307617135,-1,-32
111,subject_111,1,F0,0.5,none,A3_minus_A2,1.2554326289659912e-07,9.059906005861977e-07,-113,-3616
111,subject_111,1,F0,0.5,none,A3_minus_B4,-1.1127901338170432e-05,-1.876354217529271e-05,5,160
111,subject_111,1,F0,0.5,20dB,A3_minus_A2,-7.858398589632998e-07,1.4543533325191843e-06,-121,-3872
111,subject_111,1,F0,0.5,20dB,A3_minus_B4,7.749941033807772e-06,-2.5820732116699045e-05,18,576
111,subject_111,1,F1,0.2,none,A3_minus_A2,-0.001237381239864277,-0.0005848169326782143,-101,-3232
111,subject_111,1,F1,0.2,none,A3_minus_B4,1.1362284730864758e-06,-4.935264587405119e-06,-7,-224
111,subject_111,1,F1,0.2,20dB,A3_minus_A2,0.0003760797570038221,0.0019628763198852595,-115,-3680
111,subject_111,1,F1,0.2,20dB,A3_minus_B4,0.38079476126521783,-0.0880720853805542,14,448
111,subject_111,1,F1,0.5,none,A3_minus_A2,1.4422579219797171e-06,1.0490417480385483e-06,-92,-2944
111,subject_111,1,F1,0.5,none,A3_minus_B4,-8.455044877564433e-07,-2.2816658020022307e-05,2,64
111,subject_111,1,F1,0.5,20dB,A3_minus_A2,5.280943309315944e-07,1.478195190432463e-06,-102,-3264
111,subject_111,1,F1,0.5,20dB,A3_minus_B4,-2.2849653174006335e-06,-3.0517578125e-05,14,448
111,subject_111,1,F2,0.2,none,A3_minus_A2,-8.487153202452191e-07,4.959106445323602e-06,-97,-3104
111,subject_111,1,F2,0.2,none,A3_minus_B4,-1.0484972818858296e-05,-0.00010414123535154585,6,192
111,subject_111,1,F2,0.2,20dB,A3_minus_A2,-0.006216388645841064,-0.0033881664276123047,-117,-3744
111,subject_111,1,F2,0.2,20dB,A3_minus_B4,-0.0014385109408614483,-0.009434986114501942,5,160
111,subject_111,1,F2,0.5,none,A3_minus_A2,-4.2276476897029625e-07,2.384185791015625e-07,-94,-3008
111,subject_111,1,F2,0.5,none,A3_minus_B4,-4.2276476897029625e-07,2.384185791015625e-07,-5,-160
111,subject_111,1,F2,0.5,20dB,A3_minus_A2,0.0,0.0,-110,-3520
111,subject_111,1,F2,0.5,20dB,A3_minus_B4,0.0,0.0,-3,-96
111,subject_111,1,F3,0.2,none,A3_minus_A2,-0.22426773185959092,0.044173278808593744,-106,-3392
111,subject_111,1,F3,0.2,none,A3_minus_B4,0.08491136655339204,-0.013810567855834954,-11,-352
111,subject_111,1,F3,0.2,20dB,A3_minus_A2,-0.09279018018287388,0.05738406181335451,-123,-3936
111,subject_111,1,F3,0.2,20dB,A3_minus_B4,0.38695560780610805,-0.07901730918884275,-13,-416
111,subject_111,1,F3,0.5,none,A3_minus_A2,-0.09969374954215482,0.01250991821289063,-73,-2336
111,subject_111,1,F3,0.5,none,A3_minus_B4,0.19157519955768976,-0.015798662185668944,-2,-64
111,subject_111,1,F3,0.5,20dB,A3_minus_A2,-0.07585697198073227,0.01764090061187744,-77,-2464
111,subject_111,1,F3,0.5,20dB,A3_minus_B4,0.18590083829862536,-0.027840924263000486,4,128
111,subject_111,1,F4,0.2,none,A3_minus_A2,-0.46008718538325155,0.050857609070470766,-67,-2144
111,subject_111,1,F4,0.2,none,A3_minus_B4,0.3453960720344824,-0.027937876555603924,9,288
111,subject_111,1,F4,0.2,20dB,A3_minus_A2,-0.1788238722934281,0.04645748012392187,-73,-2336
111,subject_111,1,F4,0.2,20dB,A3_minus_B4,0.2834001846075189,-0.053697074088550345,8,256
111,subject_111,1,F4,0.5,none,A3_minus_A2,-0.07885535496134821,0.0060467539191791375,-19,-608
111,subject_111,1,F4,0.5,none,A3_minus_B4,-0.02544269399740884,0.0023262417193067875,4,128
111,subject_111,1,F4,0.5,20dB,A3_minus_A2,-0.06749402108733804,0.00670515098205976,-25,-800
111,subject_111,1,F4,0.5,20dB,A3_minus_B4,-0.011509228619372536,0.0018186050373753815,2,64
111,subject_111,1,F5,0.2,none,A3_minus_A2,-0.036952583931373795,0.007416930198668584,-102,-3264
111,subject_111,1,F5,0.2,none,A3_minus_B4,0.10040393452564089,-0.02381185531616284,-3,-96
111,subject_111,1,F5,0.2,20dB,A3_minus_A2,-0.010350906417890826,0.013263072967530216,-135,-4320
111,subject_111,1,F5,0.2,20dB,A3_minus_B4,0.012673113054567864,-0.008414478302000462,8,256
111,subject_111,1,F5,0.5,none,A3_minus_A2,-0.05098201088742016,0.007362332344054853,-91,-2912
111,subject_111,1,F5,0.5,none,A3_minus_B4,0.06259592613640308,-0.0054234027862545345,28,896
111,subject_111,1,F5,0.5,20dB,A3_minus_A2,-0.06076505782546526,0.0135335254669176,-96,-3072
111,subject_111,1,F5,0.5,20dB,A3_minus_B4,0.11475422119628931,-0.011851320266725376,4,128
111,subject_111,2,F0,0.2,none,A3_minus_A2,0.0016324014358524153,-0.0015425682067871094,-70,-2240
111,subject_111,2,F0,0.2,none,A3_minus_B4,0.0,0.0,-3,-96
111,subject_111,2,F0,0.2,20dB,A3_minus_A2,0.0005338586122469735,-0.00018987655639648472,-99,-3168
111,subject_111,2,F0,0.2,20dB,A3_minus_B4,-7.944709170715214e-05,-0.00013194084167480503,6,192
111,subject_111,2,F0,0.5,none,A3_minus_A2,0.0,0.0,-62,-1984
111,subject_111,2,F0,0.5,none,A3_minus_B4,0.0,0.0,5,160
111,subject_111,2,F0,0.5,20dB,A3_minus_A2,0.0,0.0,-99,-3168
111,subject_111,2,F0,0.5,20dB,A3_minus_B4,0.0,0.0,-38,-1216
111,subject_111,2,F1,0.2,none,A3_minus_A2,0.0018567011783261478,-0.0018429994583129827,-73,-2336
111,subject_111,2,F1,0.2,none,A3_minus_B4,4.086939281222612e-06,9.679794311517886e-06,-6,-192
111,subject_111,2,F1,0.2,20dB,A3_minus_A2,-0.009627112502769819,0.00035378932952880027,-77,-2464
111,subject_111,2,F1,0.2,20dB,A3_minus_B4,-0.009681041203997154,0.0009776830673217662,-9,-288
111,subject_111,2,F1,0.5,none,A3_minus_A2,0.0,0.0,-66,-2112
111,subject_111,2,F1,0.5,none,A3_minus_B4,0.0,0.0,1,32
111,subject_111,2,F1,0.5,20dB,A3_minus_A2,0.0,0.0,-89,-2848
111,subject_111,2,F1,0.5,20dB,A3_minus_B4,0.0,0.0,-19,-608
111,subject_111,2,F2,0.2,none,A3_minus_A2,-0.0003171419109442297,0.0007019758224487138,-84,-2688
111,subject_111,2,F2,0.2,none,A3_minus_B4,0.0010233389439733287,-0.0035491228103637917,-17,-544
111,subject_111,2,F2,0.2,20dB,A3_minus_A2,-0.0033480090532123086,-0.0005342245101928877,-93,-2976
111,subject_111,2,F2,0.2,20dB,A3_minus_B4,0.021107506022604028,-0.003339362144470226,11,352
111,subject_111,2,F2,0.5,none,A3_minus_A2,0.0,0.0,-83,-2656
111,subject_111,2,F2,0.5,none,A3_minus_B4,0.0,0.0,-16,-512
111,subject_111,2,F2,0.5,20dB,A3_minus_A2,0.0,0.0,-96,-3072
111,subject_111,2,F2,0.5,20dB,A3_minus_B4,0.0,0.0,-8,-256
111,subject_111,2,F3,0.2,none,A3_minus_A2,-0.056383969852930704,0.01972184181213378,-67,-2144
111,subject_111,2,F3,0.2,none,A3_minus_B4,0.13454033976290702,-0.030274915695190432,0,0
111,subject_111,2,F3,0.2,20dB,A3_minus_A2,-0.028528278501926962,0.025845861434936515,-99,-3168
111,subject_111,2,F3,0.2,20dB,A3_minus_B4,0.07342923849301286,-0.03820214271545409,-15,-480
111,subject_111,2,F3,0.5,none,A3_minus_A2,-0.06899245157057976,0.009958004951477042,-55,-1760
111,subject_111,2,F3,0.5,none,A3_minus_B4,0.1794494783448748,-0.012861633300781258,-12,-384
111,subject_111,2,F3,0.5,20dB,A3_minus_A2,-0.04838474772942192,0.01054394245147705,-45,-1440
111,subject_111,2,F3,0.5,20dB,A3_minus_B4,0.026841302695345348,-0.0031376361846923856,-12,-384
111,subject_111,2,F4,0.2,none,A3_minus_A2,-0.18271151534620955,0.022254061698913585,-34,-1088
111,subject_111,2,F4,0.2,none,A3_minus_B4,0.06612994964488195,-0.0017241753702211815,-3,-96
111,subject_111,2,F4,0.2,20dB,A3_minus_A2,-0.1019061546373301,0.02653409951329891,-40,-1280
111,subject_111,2,F4,0.2,20dB,A3_minus_B4,0.024699238565958126,-0.0023694149242189377,-5,-160
111,subject_111,2,F4,0.5,none,A3_minus_A2,-0.08623934619271267,0.005533647537231456,-12,-384
111,subject_111,2,F4,0.5,none,A3_minus_B4,0.0560046866123578,-0.001965594291687023,-4,-128
111,subject_111,2,F4,0.5,20dB,A3_minus_A2,-0.029085516629901775,0.003066802024841303,-13,-416
111,subject_111,2,F4,0.5,20dB,A3_minus_B4,0.02830757844262166,-0.0020254611968994196,-4,-128
111,subject_111,2,F5,0.2,none,A3_minus_A2,-0.08675441814821028,0.017278351783752297,-64,-2048
111,subject_111,2,F5,0.2,none,A3_minus_B4,0.03957180936995641,-0.0064659929275510675,-16,-512
111,subject_111,2,F5,0.2,20dB,A3_minus_A2,-0.01161166453303153,0.012239723205565933,-81,-2592
111,subject_111,2,F5,0.2,20dB,A3_minus_B4,0.011829147128185724,-0.00370450973510722,-24,-768
111,subject_111,2,F5,0.5,none,A3_minus_A2,-0.030275284957664184,0.0048639917373652225,-44,-1408
111,subject_111,2,F5,0.5,none,A3_minus_B4,0.025922565734809666,-0.0029592752456661514,-9,-288
111,subject_111,2,F5,0.5,20dB,A3_minus_A2,-0.02059449797071977,0.006231050491332914,-89,-2848
111,subject_111,2,F5,0.5,20dB,A3_minus_B4,0.027436799279126234,-0.007395915985107304,-14,-448
112,subject_112,0,F0,0.2,none,A3_minus_A2,-0.04134452694593804,0.004374980926513672,-133,-4256
112,subject_112,0,F0,0.2,none,A3_minus_B4,-0.05898076726245449,0.008437514305114746,13,416
112,subject_112,0,F0,0.2,20dB,A3_minus_A2,-0.0007989340760055086,0.0009758472442626953,-131,-4192
112,subject_112,0,F0,0.2,20dB,A3_minus_B4,-0.0028611609627873236,0.005629777908325195,15,480
112,subject_112,0,F0,0.5,none,A3_minus_A2,7.372952026685198e-08,2.384185791015625e-07,-127,-4064
112,subject_112,0,F0,0.5,none,A3_minus_B4,7.372952026685198e-08,2.384185791015625e-07,1,32
112,subject_112,0,F0,0.5,20dB,A3_minus_A2,0.0,0.0,-128,-4096
112,subject_112,0,F0,0.5,20dB,A3_minus_B4,0.0,0.0,1,32
112,subject_112,0,F1,0.2,none,A3_minus_A2,-0.09023909969157984,0.010416603088378912,-120,-3840
112,subject_112,0,F1,0.2,none,A3_minus_B4,0.76062970179564,-0.07481775283813477,3,96
112,subject_112,0,F1,0.2,20dB,A3_minus_A2,-0.024322576695489317,0.008096408843994138,-120,-3840
112,subject_112,0,F1,0.2,20dB,A3_minus_B4,0.37513527703973537,-0.07971971035003662,14,448
112,subject_112,0,F1,0.5,none,A3_minus_A2,0.0,0.0,-108,-3456
112,subject_112,0,F1,0.5,none,A3_minus_B4,0.0,0.0,3,96
112,subject_112,0,F1,0.5,20dB,A3_minus_A2,0.0,0.0,-106,-3392
112,subject_112,0,F1,0.5,20dB,A3_minus_B4,0.0,0.0,2,64
112,subject_112,0,F2,0.2,none,A3_minus_A2,-0.012232562916306478,0.0051599264144897294,-122,-3904
112,subject_112,0,F2,0.2,none,A3_minus_B4,0.9244906096115919,-0.07155888080596925,-6,-192
112,subject_112,0,F2,0.2,20dB,A3_minus_A2,-0.000528939711516685,0.0008688688278198076,-115,-3680
112,subject_112,0,F2,0.2,20dB,A3_minus_B4,0.837418344297884,-0.09402382373809814,0,0
112,subject_112,0,F2,0.5,none,A3_minus_A2,3.0204969192482167e-07,2.384185791015625e-07,-115,-3680
112,subject_112,0,F2,0.5,none,A3_minus_B4,3.0204969192482167e-07,2.384185791015625e-07,-4,-128
112,subject_112,0,F2,0.5,20dB,A3_minus_A2,0.0,0.0,-110,-3520
112,subject_112,0,F2,0.5,20dB,A3_minus_B4,0.0,0.0,-1,-32
112,subject_112,0,F3,0.2,none,A3_minus_A2,-0.1254869144625097,0.032162952423095706,-100,-3200
112,subject_112,0,F3,0.2,none,A3_minus_B4,0.9562169920627497,-0.09195286647382031,1,32
112,subject_112,0,F3,0.2,20dB,A3_minus_A2,-0.03234379887865302,0.023849724769592295,-103,-3296
112,subject_112,0,F3,0.2,20dB,A3_minus_B4,0.464016929027423,-0.1329183863224755,20,640
112,subject_112,0,F3,0.5,none,A3_minus_A2,-0.03963947394075262,0.005911469459533691,-67,-2144
112,subject_112,0,F3,0.5,none,A3_minus_B4,0.05702277553181645,-0.004842281341552734,-29,-928
112,subject_112,0,F3,0.5,20dB,A3_minus_A2,-0.04697335049095308,0.01210854053497315,-77,-2464
112,subject_112,0,F3,0.5,20dB,A3_minus_B4,0.016479997456210427,-0.00029714107513427457,-33,-1056
112,subject_112,0,F4,0.2,none,A3_minus_A2,-0.26554419119194606,0.02353366348072322,-46,-1472
112,subject_112,0,F4,0.2,none,A3_minus_B4,0.443891567784906,-0.03740439039718574,0,0
112,subject_112,0,F4,0.2,20dB,A3_minus_A2,-0.12898487487352384,0.03514679737000456,-53,-1696
112,subject_112,0,F4,0.2,20dB,A3_minus_B4,0.14742028219607306,-0.028587703831338074,3,96
112,subject_112,0,F4,0.5,none,A3_minus_A2,-0.03754211549040676,0.0026282722633940714,-15,-480
112,subject_112,0,F4,0.5,none,A3_minus_B4,0.012647637099256315,0.0001753279477459957,3,96
112,subject_112,0,F4,0.5,20dB,A3_minus_A2,-0.03506985344985303,0.004335881269032643,-16,-512
112,subject_112,0,F4,0.5,20dB,A3_minus_B4,0.00908907352605759,0.0009507679928132673,3,96
112,subject_112,0,F5,0.2,none,A3_minus_A2,-0.14807647441207905,0.01926599025726254,-114,-3648
112,subject_112,0,F5,0.2,none,A3_minus_B4,-0.04697963259424398,0.0032956981658928824,16,512
112,subject_112,0,F5,0.2,20dB,A3_minus_A2,-0.027430455942432985,0.016162471771240125,-119,-3808
112,subject_112,0,F5,0.2,20dB,A3_minus_B4,0.007276357832015634,-0.013857235908509055,17,544
112,subject_112,0,F5,0.5,none,A3_minus_A2,-0.04666568416115169,0.006197409629821848,-77,-2464
112,subject_112,0,F5,0.5,none,A3_minus_B4,0.02148826107545787,-0.00027871608734067466,-3,-96
112,subject_112,0,F5,0.5,20dB,A3_minus_A2,-0.05801127634900638,0.00988413810729974,-77,-2464
112,subject_112,0,F5,0.5,20dB,A3_minus_B4,0.05807933774842766,-0.00876980781554959,-29,-928
112,subject_112,1,F0,0.2,none,A3_minus_A2,-0.005453825927663303,-0.0005495548248291016,-105,-3360
112,subject_112,1,F0,0.2,none,A3_minus_B4,-0.02352528615814009,0.0058521747589111335,30,960
112,subject_112,1,F0,0.2,20dB,A3_minus_A2,-0.007142879984293415,0.0043244600296020504,-121,-3872
112,subject_112,1,F0,0.2,20dB,A3_minus_B4,-0.009562553824203235,0.008251023292541503,14,448
112,subject_112,1,F0,0.5,none,A3_minus_A2,-0.000874951237189947,0.0008914709091186522,-109,-3488
112,subject_112,1,F0,0.5,none,A3_minus_B4,-0.0021437132365740297,0.0015064001083374022,18,576
112,subject_112,1,F0,0.5,20dB,A3_minus_A2,0.0008031635824963246,-0.0006151437759399411,-122,-3904
112,subject_112,1,F0,0.5,20dB,A3_minus_B4,-3.9025363207656483e-07,-2.145767211917532e-07,3,96
112,subject_112,1,F1,0.2,none,A3_minus_A2,-0.014441841590471682,0.0016878843307495117,-97,-3104
112,subject_112,1,F1,0.2,none,A3_minus_B4,-0.009444107246448397,-0.004190707206726069,8,256
112,subject_112,1,F1,0.2,20dB,A3_minus_A2,0.002935342699540655,-0.0036100149154663086,-110,-3520
112,subject_112,1,F1,0.2,20dB,A3_minus_B4,-0.0005524892749555477,-0.002587437629699707,5,160
112,subject_112,1,F1,0.5,none,A3_minus_A2,-3.5276932823791185e-06,1.0871887207039577e-05,-102,-3264
112,subject_112,1,F1,0.5,none,A3_minus_B4,-2.033766792308711e-06,9.298324584960938e-06,3,96
112,subject_112,1,F1,0.5,20dB,A3_minus_A2,-0.00046686965931286295,0.0006598949432373019,-106,-3392
112,subject_112,1,F1,0.5,20dB,A3_minus_B4,-0.0006134911532775789,0.0009713172912597656,9,288
112,subject_112,1,F2,0.2,none,A3_minus_A2,-0.0014372737818639791,0.0003879308700561468,-100,-3200
112,subject_112,1,F2,0.2,none,A3_minus_B4,0.20411116990237943,-0.014767313003540061,15,480
112,subject_112,1,F2,0.2,20dB,A3_minus_A2,-0.043558755302097296,0.0119380474090576,-113,-3616
112,subject_112,1,F2,0.2,20dB,A3_minus_B4,0.2373070855762247,-0.019355130195617687,12,384
112,subject_112,1,F2,0.5,none,A3_minus_A2,0.0,0.0,-101,-3232
112,subject_112,1,F2,0.5,none,A3_minus_B4,0.0,0.0,12,384
112,subject_112,1,F2,0.5,20dB,A3_minus_A2,3.1044752617503946e-06,0.0007421493530273271,-107,-3424
112,subject_112,1,F2,0.5,20dB,A3_minus_B4,-0.00012362212152083885,0.0010525226593017523,7,224
112,subject_112,1,F3,0.2,none,A3_minus_A2,-0.07358249240405712,0.020723479840532494,-86,-2752
112,subject_112,1,F3,0.2,none,A3_minus_B4,0.07661793927888993,-0.013076812174543179,-9,-288
112,subject_112,1,F3,0.2,20dB,A3_minus_A2,-0.04694331629831083,0.03212751906147439,-117,-3744
112,subject_112,1,F3,0.2,20dB,A3_minus_B4,0.05874664615967262,-0.02661669312820651,-11,-352
112,subject_112,1,F3,0.5,none,A3_minus_A2,-0.060545386354490915,0.008762741088867182,-65,-2080
112,subject_112,1,F3,0.5,none,A3_minus_B4,0.15395990864196207,-0.013510251998901365,-9,-288
112,subject_112,1,F3,0.5,20dB,A3_minus_A2,-0.05866161839702855,0.011621570587158209,-69,-2208
112,subject_112,1,F3,0.5,20dB,A3_minus_B4,0.13319191315243017,-0.014970564842224116,-8,-256
112,subject_112,1,F4,0.2,none,A3_minus_A2,-0.2338123121374025,0.027035910015225983,-52,-1664
112,subject_112,1,F4,0.2,none,A3_minus_B4,0.175533702194695,-0.013055840921257056,-9,-288
112,subject_112,1,F4,0.2,20dB,A3_minus_A2,-0.17053398969559197,0.044267975340679167,-61,-1952
112,subject_112,1,F4,0.2,20dB,A3_minus_B4,0.03215234055729255,8.541623840302437e-05,-13,-416
112,subject_112,1,F4,0.5,none,A3_minus_A2,-0.05960144751414731,0.003962302207946772,-10,-320
112,subject_112,1,F4,0.5,none,A3_minus_B4,-0.009184331617591468,0.0002422332763671875,-3,-96
112,subject_112,1,F4,0.5,20dB,A3_minus_A2,-0.06556442992338418,0.006751227378845204,-20,-640
112,subject_112,1,F4,0.5,20dB,A3_minus_B4,0.02381427187722629,-0.0018073558807372991,-7,-224
112,subject_112,1,F5,0.2,none,A3_minus_A2,-0.014960284308280336,0.0031369686126707097,-103,-3296
112,subject_112,1,F5,0.2,none,A3_minus_B4,0.04200824575991646,-0.014037661552428922,8,256
112,subject_112,1,F5,0.2,20dB,A3_minus_A2,0.0005264011793570944,0.009851684570311998,-115,-3680
112,subject_112,1,F5,0.2,20dB,A3_minus_B4,0.0027625313475851954,-0.006602396965026007,4,128
112,subject_112,1,F5,0.5,none,A3_minus_A2,-0.03384788108671444,0.004753885269165002,-74,-2368
112,subject_112,1,F5,0.5,none,A3_minus_B4,0.057466245617973755,-0.003189940452575618,24,768
112,subject_112,1,F5,0.5,20dB,A3_minus_A2,-0.024981682806894057,0.00638184070586903,-77,-2464
112,subject_112,1,F5,0.5,20dB,A3_minus_B4,-0.007927830260822333,0.002982220649714408,-8,-256
112,subject_112,2,F0,0.2,none,A3_minus_A2,-0.00457985362145763,-0.0005297899246215834,-118,-3776
112,subject_112,2,F0,0.2,none,A3_minus_B4,-0.0040397927360835695,0.002426648139953613,19,608
112,subject_112,2,F0,0.2,20dB,A3_minus_A2,-0.002724607417523117,-0.0015904664993286136,-119,-3808
112,subject_112,2,F0,0.2,20dB,A3_minus_B4,0.002265660257890545,-0.003192496299743653,14,448
112,subject_112,2,F0,0.5,none,A3_minus_A2,-0.0001624718459822816,-0.0003115653991699217,-118,-3776
112,subject_112,2,F0,0.5,none,A3_minus_B4,5.229901169911955e-07,-4.0531158447239604e-07,19,608
112,subject_112,2,F0,0.5,20dB,A3_minus_A2,0.0003887481271647175,-0.0006216526031494144,-110,-3520
112,subject_112,2,F0,0.5,20dB,A3_minus_B4,-3.0318616985880453e-06,3.290176391601389e-06,13,416
112,subject_112,2,F1,0.2,none,A3_minus_A2,-0.0005613068427336998,-0.006672430038452151,-101,-3232
112,subject_112,2,F1,0.2,none,A3_minus_B4,0.0016166076198658175,-0.010586357116699224,-2,-64
112,subject_112,2,F1,0.2,20dB,A3_minus_A2,0.0018737865341584836,-0.0020050048828124944,-104,-3328
112,subject_112,2,F1,0.2,20dB,A3_minus_B4,0.0007080046843093157,-0.006004500389099124,20,640
112,subject_112,2,F1,0.5,none,A3_minus_A2,0.001077876773910802,-0.0015493869781494224,-98,-3136
112,subject_112,2,F1,0.5,none,A3_minus_B4,0.00017876614572820415,-0.0003127098083496177,-4,-128
112,subject_112,2,F1,0.5,20dB,A3_minus_A2,-1.751536533589615e-07,9.536743164617612e-08,-101,-3232
112,subject_112,2,F1,0.5,20dB,A3_minus_B4,-1.751536533589615e-07,9.536743164617612e-08,8,256
112,subject_112,2,F2,0.2,none,A3_minus_A2,-0.004868347243565552,-5.7864189147938117e-05,-102,-3264
112,subject_112,2,F2,0.2,none,A3_minus_B4,0.00546175168523888,-0.003464388847351063,-3,-96
112,subject_112,2,F2,0.2,20dB,A3_minus_A2,0.00015568046695690896,-0.006407642364501948,-106,-3392
112,subject_112,2,F2,0.2,20dB,A3_minus_B4,0.0031101749905264597,-0.009492802619934071,14,448
112,subject_112,2,F2,0.5,none,A3_minus_A2,0.00024239968336026152,-0.0009228706359863392,-100,-3200
112,subject_112,2,F2,0.5,none,A3_minus_B4,-2.645512426013852e-06,-1.0728836059570312e-05,-2,-64
112,subject_112,2,F2,0.5,20dB,A3_minus_A2,4.399005837996128e-05,-0.000310230255126942,-103,-3296
112,subject_112,2,F2,0.5,20dB,A3_minus_B4,-4.605456595641044e-06,-1.008510589597944e-05,8,256
112,subject_112,2,F3,0.2,none,A3_minus_A2,-0.05856045135608312,0.02456753513888134,-98,-3136
112,subject_112,2,F3,0.2,none,A3_minus_B4,0.056999115853425764,-0.012842352152705336,-16,-512
112,subject_112,2,F3,0.2,20dB,A3_minus_A2,-0.04633546698582691,0.032497512817382807,-98,-3136
112,subject_112,2,F3,0.2,20dB,A3_minus_B4,0.06546051275930154,-0.03339310342054563,5,160
112,subject_112,2,F3,0.5,none,A3_minus_A2,-0.05288668323550638,0.00876120090484618,-61,-1952
112,subject_112,2,F3,0.5,none,A3_minus_B4,0.026822628142760152,-0.005260115623474129,-1,-32
112,subject_112,2,F3,0.5,20dB,A3_minus_A2,-0.03728133163901859,0.01072750091552735,-87,-2784
112,subject_112,2,F3,0.5,20dB,A3_minus_B4,0.04365373610630918,-0.008709244728088372,-27,-864
112,subject_112,2,F4,0.2,none,A3_minus_A2,-0.17029434330274995,0.02408647367178038,-47,-1504
112,subject_112,2,F4,0.2,none,A3_minus_B4,0.0673517776847099,-0.00525795933435641,-8,-256
112,subject_112,2,F4,0.2,20dB,A3_minus_A2,-0.13419704986120706,0.036959053250694346,-63,-2016
112,subject_112,2,F4,0.2,20dB,A3_minus_B4,0.08525079530038226,-0.017198560487427406,4,128
112,subject_112,2,F4,0.5,none,A3_minus_A2,-0.025341067244140092,0.0018602848052978738,-5,-160
112,subject_112,2,F4,0.5,none,A3_minus_B4,0.02456737144228427,-0.0018877029418945257,1,32
112,subject_112,2,F4,0.5,20dB,A3_minus_A2,-0.03940085975415286,0.0033022815865142163,-12,-384
112,subject_112,2,F4,0.5,20dB,A3_minus_B4,0.015601008881818146,-0.001489288123263599,-2,-64
112,subject_112,2,F5,0.2,none,A3_minus_A2,-0.026780703384964966,0.010123877525330553,-110,-3520
112,subject_112,2,F5,0.2,none,A3_minus_B4,0.09998855270295337,-0.024075164794919945,16,512
112,subject_112,2,F5,0.2,20dB,A3_minus_A2,-0.009488958098401667,0.011514048576354505,-108,-3456
112,subject_112,2,F5,0.2,20dB,A3_minus_B4,0.04945949693681584,-0.019453678131102423,3,96
112,subject_112,2,F5,0.5,none,A3_minus_A2,-0.03260898863662831,0.00642966270446782,-86,-2752
112,subject_112,2,F5,0.5,none,A3_minus_B4,-0.009405335670717108,-1.3146400451094498e-05,-8,-256
112,subject_112,2,F5,0.5,20dB,A3_minus_A2,-0.0365180268822769,0.008632202148439905,-101,-3232
112,subject_112,2,F5,0.5,20dB,A3_minus_B4,0.00738805640407314,-0.0010282468795727862,6,192
113,subject_113,0,F0,0.2,none,A3_minus_A2,-0.00021095473265475562,-0.00018815994262695243,-27,-864
113,subject_113,0,F0,0.2,none,A3_minus_B4,0.003220959292765002,-0.007065677642822267,11,352
113,subject_113,0,F0,0.2,20dB,A3_minus_A2,0.0002965047149103839,0.0007832050323486328,-59,-1888
113,subject_113,0,F0,0.2,20dB,A3_minus_B4,0.0005702386368788837,-0.003986239433288574,-14,-448
113,subject_113,0,F0,0.5,none,A3_minus_A2,-0.00010442481772443557,0.0001537799835205078,-28,-896
113,subject_113,0,F0,0.5,none,A3_minus_B4,0.00032370766039946375,-0.000680088996887207,10,320
113,subject_113,0,F0,0.5,20dB,A3_minus_A2,-0.00041094983466649637,0.0004902839660644535,-52,-1664
113,subject_113,0,F0,0.5,20dB,A3_minus_B4,-0.0007777653579985611,0.001417994499206543,-13,-416
113,subject_113,0,F1,0.2,none,A3_minus_A2,0.0004466543257244382,-1.9073486329235223e-07,-27,-864
113,subject_113,0,F1,0.2,none,A3_minus_B4,0.0019161456572938107,-0.002554440498352059,8,256
113,subject_113,0,F1,0.2,20dB,A3_minus_A2,0.0014022455258526634,7.987022399902344e-06,-53,-1696
113,subject_113,0,F1,0.2,20dB,A3_minus_B4,0.00047594944808793116,0.002353119850158694,-13,-416
113,subject_113,0,F1,0.5,none,A3_minus_A2,0.000506748505435084,-0.0009277105331420982,-35,-1120
113,subject_113,0,F1,0.5,none,A3_minus_B4,0.0,0.0,0,0
113,subject_113,0,F1,0.5,20dB,A3_minus_A2,0.000810987507506411,-0.0011981010437011747,-46,-1472
113,subject_113,0,F1,0.5,20dB,A3_minus_B4,0.000810987507506411,-0.0011981010437011747,-39,-1248
113,subject_113,0,F2,0.2,none,A3_minus_A2,-0.00023907979765880327,-0.0010139942169189453,-61,-1952
113,subject_113,0,F2,0.2,none,A3_minus_B4,-0.0005514829603772142,0.0013175010681152344,-38,-1216
113,subject_113,0,F2,0.2,20dB,A3_minus_A2,-0.00041850263475140537,0.002145147323608404,-75,-2400
113,subject_113,0,F2,0.2,20dB,A3_minus_B4,0.0013242501330008594,-0.0014631271362304799,-7,-224
113,subject_113,0,F2,0.5,none,A3_minus_A2,4.4393006469078955e-05,-0.0006151914596557728,-62,-1984
113,subject_113,0,F2,0.5,none,A3_minus_B4,0.0,0.0,-18,-576
113,subject_113,0,F2,0.5,20dB,A3_minus_A2,1.8509303636449204e-05,-0.0005228519439697266,-70,-2240
113,subject_113,0,F2,0.5,20dB,A3_minus_B4,4.727943814231139e-07,4.291534423828125e-06,-4,-128
113,subject_113,0,F3,0.2,none,A3_minus_A2,-0.017661731488555432,0.0100063180923462,-36,-1152
113,subject_113,0,F3,0.2,none,A3_minus_B4,0.08398149189622472,-0.02464236259460449,-1,-32
113,subject_113,0,F3,0.2,20dB,A3_minus_A2,-0.017265911470055073,0.013259363174438474,-49,-1568
113,subject_113,0,F3,0.2,20dB,A3_minus_B4,0.03653760812314033,-0.02063906192779541,-10,-320
113,subject_113,0,F3,0.5,none,A3_minus_A2,-0.05477674627524465,0.00878863334655762,-24,-768
113,subject_113,0,F3,0.5,none,A3_minus_B4,0.05361940605026305,-0.0019012689590454102,-7,-224
113,subject_113,0,F3,0.5,20dB,A3_minus_A2,-0.015130683062590577,0.0035771369934081976,-24,-768
113,subject_113,0,F3,0.5,20dB,A3_minus_B4,0.029456898990845914,-0.005235171318054205,-4,-128
113,subject_113,0,F4,0.2,none,A3_minus_A2,-0.015821097616630198,0.004349603372256761,-12,-384
113,subject_113,0,F4,0.2,none,A3_minus_B4,-0.005560856528852298,0.002478565889041412,-9,-288
113,subject_113,0,F4,0.2,20dB,A3_minus_A2,-0.033659196909461286,0.009685101928900486,-26,-832
113,subject_113,0,F4,0.2,20dB,A3_minus_B4,-0.0099391217722129,0.004160055514911443,-8,-256
113,subject_113,0,F4,0.5,none,A3_minus_A2,-0.03492459003019732,0.00257718563079834,-6,-192
113,subject_113,0,F4,0.5,none,A3_minus_B4,-0.03492459003019732,0.00257718563079834,-6,-192
113,subject_113,0,F4,0.5,20dB,A3_minus_A2,0.0,0.0,0,0
113,subject_113,0,F4,0.5,20dB,A3_minus_B4,0.0,0.0,0,0
113,subject_113,0,F5,0.2,none,A3_minus_A2,-0.0059074455328023134,0.004055542945861593,-32,-1024
113,subject_113,0,F5,0.2,none,A3_minus_B4,-0.003785338082177958,-0.001566972732543609,3,96
113,subject_113,0,F5,0.2,20dB,A3_minus_A2,0.0018149944719816347,0.0016332101821900508,-49,-1568
113,subject_113,0,F5,0.2,20dB,A3_minus_B4,0.0027268307716177276,-0.0015901470184324779,-10,-320
113,subject_113,0,F5,0.5,none,A3_minus_A2,-0.002026490497897271,0.0014088773727419165,-25,-800
113,subject_113,0,F5,0.5,none,A3_minus_B4,-0.0033193916382856514,0.0029471158981301954,-10,-320
113,subject_113,0,F5,0.5,20dB,A3_minus_A2,-0.0018465725767971009,0.0015434026718139648,-35,-1120
113,subject_113,0,F5,0.5,20dB,A3_minus_B4,0.0005851756050745394,-0.00014003753662256146,2,64
113,subject_113,1,F0,0.2,none,A3_minus_A2,-0.00010885364174839651,0.001962876319885256,-65,-2080
113,subject_113,1,F0,0.2,none,A3_minus_B4,-0.0010191018859480039,0.004675269126892092,-14,-448
113,subject_113,1,F0,0.2,20dB,A3_minus_A2,0.000639444146301571,-0.0021039247512817383,-78,-2496
113,subject_113,1,F0,0.2,20dB,A3_minus_B4,0.00026796279344054597,0.0012087821960449219,-25,-800
113,subject_113,1,F0,0.5,none,A3_minus_A2,-0.001247571994777985,0.0015625953674316406,-62,-1984
113,subject_113,1,F0,0.5,none,A3_minus_B4,-0.002628841340559518,0.0031054973602294925,-11,-352
113,subject_113,1,F0,0.5,20dB,A3_minus_A2,0.00047585331265409536,-0.00108640193939209,-88,-2816
113,subject_113,1,F0,0.5,20dB,A3_minus_B4,-4.512707573844921e-05,0.0001537799835205078,-25,-800
113,subject_113,1,F1,0.2,none,A3_minus_A2,0.003150753223348346,0.002428579330444325,-51,-1632
113,subject_113,1,F1,0.2,none,A3_minus_B4,0.006507052634226795,-0.0005339622497558677,-18,-576
113,subject_113,1,F1,0.2,20dB,A3_minus_A2,0.00012112620639115335,-0.00016927719116210938,-83,-2656
113,subject_113,1,F1,0.2,20dB,A3_minus_B4,-0.00019946531280368163,0.002193236351013192,-50,-1600
113,subject_113,1,F1,0.5,none,A3_minus_A2,1.0288804652702765e-06,9.918212890619449e-06,-50,-1600
113,subject_113,1,F1,0.5,none,A3_minus_B4,1.0288804652702765e-06,9.918212890619449e-06,-17,-544
113,subject_113,1,F1,0.5,20dB,A3_minus_A2,1.5936096298574398e-05,-0.0005918979644775474,-75,-2400
113,subject_113,1,F1,0.5,20dB,A3_minus_B4,-0.0002525734848042305,0.0006092548370361245,-40,-1280
113,subject_113,1,F2,0.2,none,A3_minus_A2,0.00023540295581980786,0.0024220466613769642,-77,-2464
113,subject_113,1,F2,0.2,none,A3_minus_B4,0.0014595622264295116,-0.006272101402282709,-33,-1056
113,subject_113,1,F2,0.2,20dB,A3_minus_A2,-0.0015118786989116728,-0.0034612417221069336,-87,-2784
113,subject_113,1,F2,0.2,20dB,A3_minus_B4,0.0006867621212833797,-0.00441150665283202,-8,-256
113,subject_113,1,F2,0.5,none,A3_minus_A2,0.0003702836532379905,-0.0014728069305419977,-75,-2400
113,subject_113,1,F2,0.5,none,A3_minus_B4,0.0005129400256986827,-0.002771568298339855,-31,-992
113,subject_113,1,F2,0.5,20dB,A3_minus_A2,0.00026785502515913606,-0.0010030269622802734,-72,-2304
113,subject_113,1,F2,0.5,20dB,A3_minus_B4,3.5466110828608066e-05,-1.244544982909046e-05,-26,-832
113,subject_113,1,F3,0.2,none,A3_minus_A2,-0.0280321216548991,0.008537105560302738,-50,-1600
113,subject_113,1,F3,0.2,none,A3_minus_B4,0.14938402083173585,-0.033933111190795895,1,32
113,subject_113,1,F3,0.2,20dB,A3_minus_A2,-0.0321281696641087,0.021632718239968804,-71,-2272
113,subject_113,1,F3,0.2,20dB,A3_minus_B4,0.05227247923378542,-0.028341734298290178,-20,-640
113,subject_113,1,F3,0.5,none,A3_minus_A2,-0.036346518722975674,0.005401754379272455,-41,-1312
113,subject_113,1,F3,0.5,none,A3_minus_B4,0.04133372160557869,-0.003978085517883298,-25,-800
113,subject_113,1,F3,0.5,20dB,A3_minus_A2,-0.042958300643592295,0.008836507797241211,-33,-1056
113,subject_113,1,F3,0.5,20dB,A3_minus_B4,0.04993567773459162,-0.005885815620422369,-6,-192
113,subject_113,1,F4,0.2,none,A3_minus_A2,-0.16206749509736795,0.02081883461176326,-25,-800
113,subject_113,1,F4,0.2,none,A3_minus_B4,0.09436310346303145,0.002803265423466539,-4,-128
113,subject_113,1,F4,0.2,20dB,A3_minus_A2,-0.03620130287302459,0.015399029679843579,-26,-832
113,subject_113,1,F4,0.2,20dB,A3_minus_B4,0.03042883555488629,-0.0011358471435817252,-11,-352
113,subject_113,1,F4,0.5,none,A3_minus_A2,-0.08198691145765125,0.004869620494178328,-12,-384
113,subject_113,1,F4,0.5,none,A3_minus_B4,0.03331375030731998,-0.00262048990316055,-4,-128
113,subject_113,1,F4,0.5,20dB,A3_minus_A2,-0.056798242840200075,0.004650216409553792,-13,-416
113,subject_113,1,F4,0.5,20dB,A3_minus_B4,0.05404409170707147,-0.004216260603080502,-3,-96
113,subject_113,1,F5,0.2,none,A3_minus_A2,-0.012794883275457636,0.009744191169738056,-62,-1984
113,subject_113,1,F5,0.2,none,A3_minus_B4,0.0004982408867491017,-0.004859547615052057,-11,-352
113,subject_113,1,F5,0.2,20dB,A3_minus_A2,-0.009145310173188648,0.009624671936034085,-74,-2368
113,subject_113,1,F5,0.2,20dB,A3_minus_B4,0.005817121471082487,0.005629720687868198,-22,-704
113,subject_113,1,F5,0.5,none,A3_minus_A2,-0.0024270226758602576,0.004513211250304926,-49,-1568
113,subject_113,1,F5,0.5,none,A3_minus_B4,0.01418990088909311,0.0004736661911010631,1,32
113,subject_113,1,F5,0.5,20dB,A3_minus_A2,-0.01964040605655626,0.0026516675949105548,-45,-1440
113,subject_113,1,F5,0.5,20dB,A3_minus_B4,0.028089855301429267,-0.0025201559066772503,0,0
113,subject_113,2,F0,0.2,none,A3_minus_A2,0.000573704243812756,-0.00035228729248046667,-44,-1408
113,subject_113,2,F0,0.2,none,A3_minus_B4,0.0005363636261002114,-0.0039966344833374,-6,-192
113,subject_113,2,F0,0.2,20dB,A3_minus_A2,-0.003492763136140553,0.0019669294357299826,-71,-2272
113,subject_113,2,F0,0.2,20dB,A3_minus_B4,-0.003825106679421708,-0.007190251350402833,-20,-640
113,subject_113,2,F0,0.5,none,A3_minus_A2,-0.0005063774336377946,0.0008612394332885732,-50,-1600
113,subject_113,2,F0,0.5,none,A3_minus_B4,-0.003986032524331051,-0.0019231557846069343,-12,-384
113,subject_113,2,F0,0.5,20dB,A3_minus_A2,1.1143644291777832e-05,8.637905120849592e-05,-66,-2112
113,subject_113,2,F0,0.5,20dB,A3_minus_B4,-2.3393531218829366e-06,-0.00011913776397705095,-27,-864
113,subject_113,2,F1,0.2,none,A3_minus_A2,0.0011176933455274707,0.0005813837051391602,-45,-1440
113,subject_113,2,F1,0.2,none,A3_minus_B4,-0.0005597197049134195,0.003088188171386716,-15,-480
113,subject_113,2,F1,0.2,20dB,A3_minus_A2,-0.009037458076665672,0.0011067867279052762,-61,-1952
113,subject_113,2,F1,0.2,20dB,A3_minus_B4,-0.007661793877810297,-0.0019011497497558594,-20,-640
113,subject_113,2,F1,0.5,none,A3_minus_A2,0.0010170287728730187,-0.0011473417282104464,-45,-1440
113,subject_113,2,F1,0.5,none,A3_minus_B4,9.345916026859413e-05,5.381107330322543e-05,-15,-480
113,subject_113,2,F1,0.5,20dB,A3_minus_A2,-0.00040644827746660894,0.001168107986450187,-57,-1824
113,subject_113,2,F1,0.5,20dB,A3_minus_B4,-0.00011636807683856887,0.001134467124938962,-15,-480
113,subject_113,2,F2,0.2,none,A3_minus_A2,0.00010325773496866475,-1.3351440429631989e-06,-54,-1728
113,subject_113,2,F2,0.2,none,A3_minus_B4,-0.00019130734338546063,0.001034164428710932,-21,-672
113,subject_113,2,F2,0.2,20dB,A3_minus_A2,0.00017726944238205533,-0.00186989307403565,-80,-2560
113,subject_113,2,F2,0.2,20dB,A3_minus_B4,0.0009082272970832861,-0.0036967754364013727,-19,-608
113,subject_113,2,F2,0.5,none,A3_minus_A2,-4.213060261726298e-05,8.845329284690173e-06,-61,-1952
113,subject_113,2,F2,0.5,none,A3_minus_B4,-0.00027297297242157015,0.0009365558624267745,-28,-896
113,subject_113,2,F2,0.5,20dB,A3_minus_A2,0.00020481972090813372,-0.0012270450592041238,-68,-2176
113,subject_113,2,F2,0.5,20dB,A3_minus_B4,0.00011645594922171654,-0.0009057044982910267,-35,-1120
113,subject_113,2,F3,0.2,none,A3_minus_A2,-0.010035474098700092,0.009810874521980734,-55,-1760
113,subject_113,2,F3,0.2,none,A3_minus_B4,0.019700588470779934,-0.005378820836295636,-29,-928
113,subject_113,2,F3,0.2,20dB,A3_minus_A2,-0.00429278631451524,0.015486590449820772,-73,-2336
113,subject_113,2,F3,0.2,20dB,A3_minus_B4,0.044190505725769214,-0.03588517468689799,-11,-352
113,subject_113,2,F3,0.5,none,A3_minus_A2,-0.003270138151940216,0.0019113540649414035,-17,-544
113,subject_113,2,F3,0.5,none,A3_minus_B4,-0.003270138151940216,0.0019113540649414035,-17,-544
113,subject_113,2,F3,0.5,20dB,A3_minus_A2,-0.008828454072627778,0.0014914274215698242,-22,-704
113,subject_113,2,F3,0.5,20dB,A3_minus_B4,-0.008686947318542693,0.0014666080474853432,-20,-640
113,subject_113,2,F4,0.2,none,A3_minus_A2,-0.029983860039131116,0.008180856704711914,-18,-576
113,subject_113,2,F4,0.2,none,A3_minus_B4,0.01729597431874197,0.004360193949435348,-2,-64
113,subject_113,2,F4,0.2,20dB,A3_minus_A2,-0.00332891135532698,0.0037009954452514593,-10,-320
113,subject_113,2,F4,0.2,20dB,A3_minus_B4,-0.00332891135532698,0.0037009954452514593,-10,-320
113,subject_113,2,F4,0.5,none,A3_minus_A2,-0.01183178537218943,0.0011427640914916937,-5,-160
113,subject_113,2,F4,0.5,none,A3_minus_B4,0.0012864043867573116,-0.00013115406036376398,0,0
113,subject_113,2,F4,0.5,20dB,A3_minus_A2,-0.0067016462307165625,0.0010905742645263838,-4,-128
113,subject_113,2,F4,0.5,20dB,A3_minus_B4,0.0165170650803681,-0.0012506484985351507,-1,-32
113,subject_113,2,F5,0.2,none,A3_minus_A2,-0.005088199919295988,0.0026488542556757505,-40,-1280
113,subject_113,2,F5,0.2,none,A3_minus_B4,0.015618762850934331,-0.0011242961883533853,-2,-64
113,subject_113,2,F5,0.2,20dB,A3_minus_A2,-0.005769560308205968,0.0037698745727539062,-51,-1632
113,subject_113,2,F5,0.2,20dB,A3_minus_B4,-0.001532261664358714,0.0019207286834708598,-25,-800
113,subject_113,2,F5,0.5,none,A3_minus_A2,-0.03388756875830623,0.0030138731002805896,-18,-576
113,subject_113,2,F5,0.5,none,A3_minus_B4,-0.020284115762542854,0.0020461320877073474,-5,-160
113,subject_113,2,F5,0.5,20dB,A3_minus_A2,-0.005264686175559419,0.002506208419799809,-33,-1056
113,subject_113,2,F5,0.5,20dB,A3_minus_B4,-0.003140429138568379,0.0017018079757688681,-22,-704
114,subject_114,0,F0,0.2,none,A3_minus_A2,0.0004531873625062133,0.0021248817443847642,-47,-1504
114,subject_114,0,F0,0.2,none,A3_minus_B4,0.0004531873625062133,0.0021248817443847642,-44,-1408
114,subject_114,0,F0,0.2,20dB,A3_minus_A2,0.0006798739706397328,-0.002010726928710939,-54,-1728
114,subject_114,0,F0,0.2,20dB,A3_minus_B4,-0.002874172153255472,-0.001946973800659179,9,288
114,subject_114,0,F0,0.5,none,A3_minus_A2,1.0015099896065749e-06,1.2207031250000173e-05,-44,-1408
114,subject_114,0,F0,0.5,none,A3_minus_B4,1.0015099896065749e-06,1.2207031250000173e-05,-41,-1312
114,subject_114,0,F0,0.5,20dB,A3_minus_A2,-0.000751511543317207,0.0005437374114990231,-89,-2848
114,subject_114,0,F0,0.5,20dB,A3_minus_B4,0.005603559507202149,-0.0022642374038696293,2,64
114,subject_114,0,F1,0.2,none,A3_minus_A2,-0.000672152050636754,0.001640272140502927,-31,-992
114,subject_114,0,F1,0.2,none,A3_minus_B4,0.0017326901360945612,-0.0018835067749023438,-15,-480
114,subject_114,0,F1,0.2,20dB,A3_minus_A2,-0.0001477889708318969,0.0010264158248901312,-60,-1920
114,subject_114,0,F1,0.2,20dB,A3_minus_B4,-0.0009539667948672559,-0.004915380477905282,9,288
114,subject_114,0,F1,0.5,none,A3_minus_A2,0.0,0.0,-37,-1184
114,subject_114,0,F1,0.5,none,A3_minus_B4,0.0,0.0,-34,-1088
114,subject_114,0,F1,0.5,20dB,A3_minus_A2,-3.965812567230387e-09,7.629394531277756e-07,-54,-1728
114,subject_114,0,F1,0.5,20dB,A3_minus_B4,6.184644369966463e-07,-1.4305114745538638e-07,2,64
114,subject_114,0,F2,0.2,none,A3_minus_A2,-0.0006565265556979227,0.000262093544006331,-46,-1472
114,subject_114,0,F2,0.2,none,A3_minus_B4,0.0015047590727697013,-0.002463364601135276,-1,-32
114,subject_114,0,F2,0.2,20dB,A3_minus_A2,0.0011785220689333187,0.0015931844711303822,-58,-1856
114,subject_114,0,F2,0.2,20dB,A3_minus_B4,0.0007258964474736729,-0.0019021749496460072,6,192
114,subject_114,0,F2,0.5,none,A3_minus_A2,-9.617853400811782e-06,2.9277801513682977e-05,-45,-1440
114,subject_114,0,F2,0.5,none,A3_minus_B4,-9.617853400811782e-06,2.9277801513682977e-05,8,256
114,subject_114,0,F2,0.5,20dB,A3_minus_A2,-0.00063348789665163,0.002738857269287104,-74,-2368
114,subject_114,0,F2,0.5,20dB,A3_minus_B4,-0.0005462611823325858,0.0021653413772582952,11,352
114,subject_114,0,F3,0.2,none,A3_minus_A2,-0.01750559469539681,0.00574932098388671,-30,-960
114,subject_114,0,F3,0.2,none,A3_minus_B4,-0.01750559469539681,0.00574932098388671,-30,-960
114,subject_114,0,F3,0.2,20dB,A3_minus_A2,-0.017864929497285686,0.012467382431030266,-48,-1536
114,subject_114,0,F3,0.2,20dB,A3_minus_B4,0.023274151338956273,-0.01126636409759521,-9,-288
114,subject_114,0,F3,0.5,none,A3_minus_A2,-0.0073223549255132525,0.0014187574386596707,-6,-192
114,subject_114,0,F3,0.5,none,A3_minus_B4,-0.0049466627844800826,0.001103687286376956,-4,-128
114,subject_114,0,F3,0.5,20dB,A3_minus_A2,-0.006824345519147457,0.0031009912490844727,-28,-896
114,subject_114,0,F3,0.5,20dB,A3_minus_B4,-0.00626904950438778,0.002942252159118655,-20,-640
114,subject_114,0,F4,0.2,none,A3_minus_A2,-0.0017174400011512603,0.00013481824808456166,-6,-192
114,subject_114,0,F4,0.2,none,A3_minus_B4,-0.0017174400011512603,0.00013481824808456166,-6,-192
114,subject_114,0,F4,0.2,20dB,A3_minus_A2,-0.000992252954784334,0.0004532337188720703,-4,-128
114,subject_114,0,F4,0.2,20dB,A3_minus_B4,0.0007080880329333183,0.00013952255249022327,-3,-96
114,subject_114,0,F4,0.5,none,A3_minus_A2,0.0,0.0,0,0
114,subject_114,0,F4,0.5,none,A3_minus_B4,0.004101419196452127,-0.000332045555114735,1,32
114,subject_114,0,F4,0.5,20dB,A3_minus_A2,-0.0027583121674634725,0.000387859344482433,-3,-96
114,subject_114,0,F4,0.5,20dB,A3_minus_B4,0.004109302181172225,-0.0005447626113891657,1,32
114,subject_114,0,F5,0.2,none,A3_minus_A2,0.0011385588795178592,0.0002890110015860148,-22,-704
114,subject_114,0,F5,0.2,none,A3_minus_B4,-0.0021784542349401192,-6.829261779747742e-05,2,64
114,subject_114,0,F5,0.2,20dB,A3_minus_A2,0.0024907011134800427,0.005461640357972364,-73,-2336
114,subject_114,0,F5,0.2,20dB,A3_minus_B4,0.009652532288082938,-0.0011286306381224492,9,288
114,subject_114,0,F5,0.5,none,A3_minus_A2,-0.018166195824147024,0.0015445709228515611,-35,-1120
114,subject_114,0,F5,0.5,none,A3_minus_B4,-0.0020583630722228463,-0.0009707927703857464,-25,-800
114,subject_114,0,F5,0.5,20dB,A3_minus_A2,-0.001095829106887436,0.00038011074066179873,-34,-1088
114,subject_114,0,F5,0.5,20dB,A3_minus_B4,-0.003691660127529417,0.0004602336883545305,-15,-480
114,subject_114,1,F0,0.2,none,A3_minus_A2,0.002307906478947075,0.000976872444152831,-89,-2848
114,subject_114,1,F0,0.2,none,A3_minus_B4,0.010278969397177207,-9.152889251709019e-05,4,128
114,subject_114,1,F0,0.2,20dB,A3_minus_A2,-0.00476056334702335,0.004579830169677734,-116,-3712
114,subject_114,1,F0,0.2,20dB,A3_minus_B4,-0.01177525648771649,-0.0007233619689941406,8,256
114,subject_114,1,F0,0.5,none,A3_minus_A2,0.0,0.0,-86,-2752
114,subject_114,1,F0,0.5,none,A3_minus_B4,0.0,0.0,7,224
114,subject_114,1,F0,0.5,20dB,A3_minus_A2,0.0013105305924661081,-0.000927662849426269,-108,-3456
114,subject_114,1,F0,0.5,20dB,A3_minus_B4,0.0,4.768371582048597e-08,3,96
114,subject_114,1,F1,0.2,none,A3_minus_A2,-0.00020668357228359469,0.0035633802413940485,-60,-1920
114,subject_114,1,F1,0.2,none,A3_minus_B4,0.00012067335348220354,-0.00102970600128173,-10,-320
114,subject_114,1,F1,0.2,20dB,A3_minus_A2,0.0026506331877627076,-0.0029325723648071234,-99,-3168
114,subject_114,1,F1,0.2,20dB,A3_minus_B4,0.0032170093117258602,-0.0014286041259765625,17,544
114,subject_114,1,F1,0.5,none,A3_minus_A2,0.0,0.0,-56,-1792
114,subject_114,1,F1,0.5,none,A3_minus_B4,0.0,0.0,-7,-224
114,subject_114,1,F1,0.5,20dB,A3_minus_A2,4.903876149597863e-07,1.2636184692355057e-06,-98,-3136
114,subject_114,1,F1,0.5,20dB,A3_minus_B4,1.6782981937524255e-06,-2.932548522946443e-06,10,320
114,subject_114,1,F2,0.2,none,A3_minus_A2,-4.289657938727487e-05,0.002559971809387218,-58,-1856
114,subject_114,1,F2,0.2,none,A3_minus_B4,-0.00010915896750418597,6.775856018068072e-05,-8,-256
114,subject_114,1,F2,0.2,20dB,A3_minus_A2,-0.00046347471528740414,0.0003981113433837724,-98,-3136
114,subject_114,1,F2,0.2,20dB,A3_minus_B4,0.008973301113288201,0.00038275718688962623,13,416
114,subject_114,1,F2,0.5,none,A3_minus_A2,8.697487174913476e-08,5.245208740123353e-07,-56,-1792
114,subject_114,1,F2,0.5,none,A3_minus_B4,8.697487174913476e-08,5.245208740123353e-07,-10,-320
114,subject_114,1,F2,0.5,20dB,A3_minus_A2,0.0004396070963288423,0.0007753372192382812,-91,-2912
114,subject_114,1,F2,0.5,20dB,A3_minus_B4,-0.00034151826619321923,0.0021015882492065596,13,416
114,subject_114,1,F3,0.2,none,A3_minus_A2,-0.03506396911206622,0.015992021560668937,-53,-1696
114,subject_114,1,F3,0.2,none,A3_minus_B4,0.023561639764530184,-0.008106756210327151,3,96
114,subject_114,1,F3,0.2,20dB,A3_minus_A2,-0.03460360447031263,0.027012651035240795,-90,-2880
114,subject_114,1,F3,0.2,20dB,A3_minus_B4,0.032098487467813186,-0.02199567901931182,3,96
114,subject_114,1,F3,0.5,none,A3_minus_A2,-0.008384921935121525,0.0018384456634521484,-23,-736
114,subject_114,1,F3,0.5,none,A3_minus_B4,0.015953170728284505,-0.003894591331481942,7,224
114,subject_114,1,F3,0.5,20dB,A3_minus_A2,-0.00921054895274942,0.003135776519775396,-33,-1056
114,subject_114,1,F3,0.5,20dB,A3_minus_B4,-0.00032322997376965645,0.0012756824493408286,-2,-64
114,subject_114,1,F4,0.2,none,A3_minus_A2,-0.026831456558408462,0.003284668922424322,-11,-352
114,subject_114,1,F4,0.2,none,A3_minus_B4,0.07369990143429916,-0.006244611740112288,-1,-32
114,subject_114,1,F4,0.2,20dB,A3_minus_A2,-0.0354811786205822,0.012367398151736458,-32,-1024
114,subject_114,1,F4,0.2,20dB,A3_minus_B4,0.017751848581372798,-0.002768755025438302,2,64
114,subject_114,1,F4,0.5,none,A3_minus_A2,0.0,0.0,0,0
114,subject_114,1,F4,0.5,none,A3_minus_B4,0.0,0.0,0,0
114,subject_114,1,F4,0.5,20dB,A3_minus_A2,0.0,0.0,0,0
114,subject_114,1,F4,0.5,20dB,A3_minus_B4,0.000225540912484945,-2.5272369384765625e-05,1,32
114,subject_114,1,F5,0.2,none,A3_minus_A2,-0.01578368747131975,0.0030434083938597895,-53,-1696
114,subject_114,1,F5,0.2,none,A3_minus_B4,0.021817002100853244,-0.00507658958435063,1,32
114,subject_114,1,F5,0.2,20dB,A3_minus_A2,-0.005851931013985734,0.012996091842649792,-107,-3424
114,subject_114,1,F5,0.2,20dB,A3_minus_B4,0.015437423123959348,-0.014475417137145286,3,96
114,subject_114,1,F5,0.5,none,A3_minus_A2,-0.003622187977509128,0.000529294013976056,-35,-1120
114,subject_114,1,F5,0.5,none,A3_minus_B4,-0.010677146487324762,0.0023058414459233706,12,384
114,subject_114,1,F5,0.5,20dB,A3_minus_A2,-0.013586131865313433,0.0031469964981081094,-58,-1856
114,subject_114,1,F5,0.5,20dB,A3_minus_B4,0.051338478787645414,-0.004136381149292677,12,384
114,subject_114,2,F0,0.2,none,A3_minus_A2,0.0011669385040420366,-0.0018650293350219727,-73,-2336
114,subject_114,2,F0,0.2,none,A3_minus_B4,0.0024436952738149387,-0.002602791786193848,-1,-32
114,subject_114,2,F0,0.2,20dB,A3_minus_A2,0.006323285021245795,0.004069042205810544,-88,-2816
114,subject_114,2,F0,0.2,20dB,A3_minus_B4,0.01031195205304769,-0.0010133981704711914,40,1280
114,subject_114,2,F0,0.5,none,A3_minus_A2,-0.0002494556423862093,0.0012853145599365234,-63,-2016
114,subject_114,2,F0,0.5,none,A3_minus_B4,0.0041445687247154694,-0.0008035659790039066,-1,-32
114,subject_114,2,F0,0.5,20dB,A3_minus_A2,-0.0013886793368751427,-0.0013470411300659183,-108,-3456
114,subject_114,2,F0,0.5,20dB,A3_minus_B4,0.006304911074305863,-0.004437661170959473,5,160
114,subject_114,2,F1,0.2,none,A3_minus_A2,-0.006478675141945445,-0.0019588947296142467,-60,-1920
114,subject_114,2,F1,0.2,none,A3_minus_B4,-0.011380081121689756,-0.0017391204833984292,0,0
114,subject_114,2,F1,0.2,20dB,A3_minus_A2,0.0034387606223305056,-0.002712941169738761,-67,-2144
114,subject_114,2,F1,0.2,20dB,A3_minus_B4,0.006950693699071309,-0.006349086761474609,-3,-96
114,subject_114,2,F1,0.5,none,A3_minus_A2,0.0005196929062982747,-0.0007212877273559543,-59,-1888
114,subject_114,2,F1,0.5,none,A3_minus_B4,0.00029376427110250347,-0.0007631301879882785,0,0
114,subject_114,2,F1,0.5,20dB,A3_minus_A2,0.0015149067020772122,-0.0021278619766235407,-68,-2176
114,subject_114,2,F1,0.5,20dB,A3_minus_B4,0.002850413077219116,-0.003467178344726568,3,96
114,subject_114,2,F2,0.2,none,A3_minus_A2,0.007662575841798969,0.0012653350830078014,-75,-2400
114,subject_114,2,F2,0.2,none,A3_minus_B4,0.004291233435981923,0.0036302328109741044,-11,-352
114,subject_114,2,F2,0.2,20dB,A3_minus_A2,-0.002116074507746646,0.001302099227905279,-79,-2528
114,subject_114,2,F2,0.2,20dB,A3_minus_B4,-0.0020995811930291097,9.100437164308306e-05,21,672
114,subject_114,2,F2,0.5,none,A3_minus_A2,0.0013287133389372485,-0.002675557136535639,-75,-2400
114,subject_114,2,F2,0.5,none,A3_minus_B4,0.0009349518234653686,-0.0014378309249878096,-13,-416
114,subject_114,2,F2,0.5,20dB,A3_minus_A2,0.00034267924850439613,-0.00029399394989013117,-91,-2912
114,subject_114,2,F2,0.5,20dB,A3_minus_B4,0.00017717577549447583,-0.003098869323730463,7,224
114,subject_114,2,F3,0.2,none,A3_minus_A2,-0.039331209617497365,0.011137863462180722,-65,-2080
114,subject_114,2,F3,0.2,none,A3_minus_B4,0.03549445977299115,-0.008578804666786552,-29,-928
114,subject_114,2,F3,0.2,20dB,A3_minus_A2,-0.03217952333965002,0.02608464861893818,-81,-2592
114,subject_114,2,F3,0.2,20dB,A3_minus_B4,0.03299125007760395,-0.027775049209594727,-7,-224
114,subject_114,2,F3,0.5,none,A3_minus_A2,-0.018745983160744828,0.0034011840820312444,-15,-480
114,subject_114,2,F3,0.5,none,A3_minus_B4,-0.009670171644451386,0.0018191337585449219,-11,-352
114,subject_114,2,F3,0.5,20dB,A3_minus_A2,-0.02652641697538982,0.006203603744506833,-30,-960
114,subject_114,2,F3,0.5,20dB,A3_minus_B4,-0.012555759497466568,0.0026541948318481445,-14,-448
114,subject_114,2,F4,0.2,none,A3_minus_A2,-0.05922726436960701,0.007262158393859852,-17,-544
114,subject_114,2,F4,0.2,none,A3_minus_B4,-0.04248967433258244,0.004737806320190441,-3,-96
114,subject_114,2,F4,0.2,20dB,A3_minus_A2,-0.04304093200862269,0.013714780645033509,-34,-1088
114,subject_114,2,F4,0.2,20dB,A3_minus_B4,0.049025518422620706,-0.0057030987179572945,0,0
114,subject_114,2,F4,0.5,none,A3_minus_A2,0.0,0.0,0,0
114,subject_114,2,F4,0.5,none,A3_minus_B4,0.0,0.0,0,0
114,subject_114,2,F4,0.5,20dB,A3_minus_A2,-0.025201414890112517,0.0024203300476074163,-5,-160
114,subject_114,2,F4,0.5,20dB,A3_minus_B4,-0.025201414890112517,0.0024203300476074163,-5,-160
114,subject_114,2,F5,0.2,none,A3_minus_A2,0.0026461020607406738,0.001241278648376462,-53,-1696
114,subject_114,2,F5,0.2,none,A3_minus_B4,0.009579462066653832,-0.018723659515379867,12,384
114,subject_114,2,F5,0.2,20dB,A3_minus_A2,-0.021245502947728312,0.011771774291992373,-95,-3040
114,subject_114,2,F5,0.2,20dB,A3_minus_B4,-0.00024013259260513564,-0.010985054969786745,25,800
114,subject_114,2,F5,0.5,none,A3_minus_A2,-0.0015166273547819742,-0.00033729076385498324,-18,-576
114,subject_114,2,F5,0.5,none,A3_minus_B4,-0.0023291498747290973,-4.6372413635253906e-05,-11,-352
114,subject_114,2,F5,0.5,20dB,A3_minus_A2,-0.022525394788816655,0.00480546951293874,-50,-1600
114,subject_114,2,F5,0.5,20dB,A3_minus_B4,0.012367693009197822,-0.0018712282180796819,-20,-640
115,subject_115,0,F0,0.2,none,A3_minus_A2,1.3331243604142173e-05,-0.0006998300552368154,-72,-2304
115,subject_115,0,F0,0.2,none,A3_minus_B4,-0.0003890893014180108,0.0008781671524047859,-5,-160
115,subject_115,0,F0,0.2,20dB,A3_minus_A2,0.00038700234200206296,-0.0010761022567749023,-78,-2496
115,subject_115,0,F0,0.2,20dB,A3_minus_B4,0.0002103137484361639,-0.000984859466552735,4,128
115,subject_115,0,F0,0.5,none,A3_minus_A2,0.00013025408165567853,-0.00031247138977050747,-74,-2368
115,subject_115,0,F0,0.5,none,A3_minus_B4,0.0,0.0,6,192
115,subject_115,0,F0,0.5,20dB,A3_minus_A2,-4.841029870306102e-07,2.384185791015625e-07,-78,-2496
115,subject_115,0,F0,0.5,20dB,A3_minus_B4,-4.841029870306102e-07,2.384185791015625e-07,3,96
115,subject_115,0,F1,0.2,none,A3_minus_A2,-1.042700046838263e-05,-0.0004450082778930664,-63,-2016
115,subject_115,0,F1,0.2,none,A3_minus_B4,0.0010585969669421047,0.0012514114379882924,-8,-256
115,subject_115,0,F1,0.2,20dB,A3_minus_A2,0.00010754659487943741,-0.0016405582427978516,-65,-2080
115,subject_115,0,F1,0.2,20dB,A3_minus_B4,0.0006727041843905823,-0.005281543731689459,-6,-192
115,subject_115,0,F1,0.5,none,A3_minus_A2,0.0,0.0,-66,-2112
115,subject_115,0,F1,0.5,none,A3_minus_B4,0.0,0.0,-15,-480
115,subject_115,0,F1,0.5,20dB,A3_minus_A2,0.0,0.0,-67,-2144
115,subject_115,0,F1,0.5,20dB,A3_minus_B4,0.0,0.0,-5,-160
115,subject_115,0,F2,0.2,none,A3_minus_A2,0.0001942011186848447,-0.0006232261657714844,-68,-2176
115,subject_115,0,F2,0.2,none,A3_minus_B4,0.0007405269089524324,-0.0030816078186035323,-21,-672
115,subject_115,0,F2,0.2,20dB,A3_minus_A2,-0.00011462943858475683,0.001752829551696783,-80,-2560
115,subject_115,0,F2,0.2,20dB,A3_minus_B4,0.0016712979241546577,0.0024282693862915095,-16,-512
115,subject_115,0,F2,0.5,none,A3_minus_A2,-6.601800385830359e-05,1.2111663818370477e-05,-68,-2176
115,subject_115,0,F2,0.5,none,A3_minus_B4,-4.593107471784208e-05,-0.0006199121475219671,-17,-544
115,subject_115,0,F2,0.5,20dB,A3_minus_A2,-2.0379787830648866e-06,2.1839141845697574e-05,-76,-2432
115,subject_115,0,F2,0.5,20dB,A3_minus_B4,-2.0379787830648866e-06,2.1839141845697574e-05,-10,-320
115,subject_115,0,F3,0.2,none,A3_minus_A2,-0.010389653247667496,0.005758690834045413,-41,-1312
115,subject_115,0,F3,0.2,none,A3_minus_B4,0.030675915044184876,-0.017351007461547843,4,128
115,subject_115,0,F3,0.2,20dB,A3_minus_A2,-0.008323681518261239,0.008909344673156738,-48,-1536
115,subject_115,0,F3,0.2,20dB,A3_minus_B4,0.022582994036747905,-0.013387370109558108,-9,-288
115,subject_115,0,F3,0.5,none,A3_minus_A2,-0.0034542762566847074,0.0005597352981567411,-13,-416
115,subject_115,0,F3,0.5,none,A3_minus_B4,0.0009590462521860132,-0.0003777265548706027,-6,-192
115,subject_115,0,F3,0.5,20dB,A3_minus_A2,-0.01309519350666477,0.003929686546325681,-33,-1056
115,subject_115,0,F3,0.5,20dB,A3_minus_B4,0.028029080985866983,-0.003955721855163574,-16,-512
115,subject_115,0,F4,0.2,none,A3_minus_A2,-0.0029861147962790824,0.0020455867928130533,-11,-352
115,subject_115,0,F4,0.2,none,A3_minus_B4,-0.0011104061187658942,-0.0007148235160248373,-5,-160
115,subject_115,0,F4,0.2,20dB,A3_minus_A2,-0.012434520952727013,0.007861311169829549,-22,-704
115,subject_115,0,F4,0.2,20dB,A3_minus_B4,-0.003227808295914514,0.0026025840961600988,-13,-416
115,subject_115,0,F4,0.5,none,A3_minus_A2,0.0,0.0,0,0
115,subject_115,0,F4,0.5,none,A3_minus_B4,0.0,0.0,0,0
115,subject_115,0,F4,0.5,20dB,A3_minus_A2,0.0,0.0,0,0
115,subject_115,0,F4,0.5,20dB,A3_minus_B4,0.0,0.0,0,0
115,subject_115,0,F5,0.2,none,A3_minus_A2,0.00016900509056227975,0.0052497959136955374,-58,-1856
115,subject_115,0,F5,0.2,none,A3_minus_B4,0.0072377893003618965,0.0013099956512432273,-6,-192
115,subject_115,0,F5,0.2,20dB,A3_minus_A2,0.0005980587645062485,0.005430917739867529,-65,-2080
115,subject_115,0,F5,0.2,20dB,A3_minus_B4,0.01163933717277743,-0.005537028312681075,-5,-160
115,subject_115,0,F5,0.5,none,A3_minus_A2,-0.0026761321574451102,0.00013977527618412589,-18,-576
115,subject_115,0,F5,0.5,none,A3_minus_B4,-0.002366820218680843,3.1137466431074845e-06,-9,-288
115,subject_115,0,F5,0.5,20dB,A3_minus_A2,-0.0019255930587913639,0.0017186546325689278,-42,-1344
115,subject_115,0,F5,0.5,20dB,A3_minus_B4,-0.004313284747796686,0.00025184631347627967,-15,-480
115,subject_115,1,F0,0.2,none,A3_minus_A2,0.0007892448056061596,-0.00242321491241455,-81,-2592
115,subject_115,1,F0,0.2,none,A3_minus_B4,0.0011705371819452637,-0.005232954025268554,-26,-832
115,subject_115,1,F0,0.2,20dB,A3_minus_A2,0.00025912107704861853,-0.00041999816894531215,-93,-2976
115,subject_115,1,F0,0.2,20dB,A3_minus_B4,0.003546505355000562,-0.009171128273010254,-8,-256
115,subject_115,1,F0,0.5,none,A3_minus_A2,0.0,0.0,-79,-2528
115,subject_115,1,F0,0.5,none,A3_minus_B4,0.0,0.0,-16,-512
115,subject_115,1,F0,0.5,20dB,A3_minus_A2,0.0,0.0,-82,-2624
115,subject_115,1,F0,0.5,20dB,A3_minus_B4,0.0,0.0,6,192
115,subject_115,1,F1,0.2,none,A3_minus_A2,-8.852755950172764e-05,-0.000780940055847168,-70,-2240
115,subject_115,1,F1,0.2,none,A3_minus_B4,0.0015239156026254363,-0.0015484333038330023,-5,-160
115,subject_115,1,F1,0.2,20dB,A3_minus_A2,0.001498871382294098,0.0051115036010742215,-84,-2688
115,subject_115,1,F1,0.2,20dB,A3_minus_B4,0.0029998397727055703,-0.004349660873413083,5,160
115,subject_115,1,F1,0.5,none,A3_minus_A2,0.0,0.0,-71,-2272
115,subject_115,1,F1,0.5,none,A3_minus_B4,0.0,0.0,-6,-192
115,subject_115,1,F1,0.5,20dB,A3_minus_A2,0.0,0.0,-77,-2464
115,subject_115,1,F1,0.5,20dB,A3_minus_B4,0.0,0.0,-12,-384
115,subject_115,1,F2,0.2,none,A3_minus_A2,-9.46904398269055e-06,0.00011668205261231024,-69,-2208
115,subject_115,1,F2,0.2,none,A3_minus_B4,-8.93700719473145e-06,0.00010273456573486883,-1,-32
115,subject_115,1,F2,0.2,20dB,A3_minus_A2,0.0009592434957710338,0.0009770870208740123,-86,-2752
115,subject_115,1,F2,0.2,20dB,A3_minus_B4,0.0011448314126578651,0.0016878366470336748,-13,-416
115,subject_115,1,F2,0.5,none,A3_minus_A2,-2.4378094565236097e-07,9.5367431640625e-06,-61,-1952
115,subject_115,1,F2,0.5,none,A3_minus_B4,-2.4378094565236097e-07,9.5367431640625e-06,4,128
115,subject_115,1,F2,0.5,20dB,A3_minus_A2,-4.7187589924391204e-06,4.796981811522327e-05,-85,-2720
115,subject_115,1,F2,0.5,20dB,A3_minus_B4,-4.7985789137783286e-06,4.65393066406139e-05,-1,-32
115,subject_115,1,F3,0.2,none,A3_minus_A2,-0.014881682328194756,0.008672615051269539,-53,-1696
115,subject_115,1,F3,0.2,none,A3_minus_B4,0.0026375992257356984,-0.0015232839584350538,-23,-736
115,subject_115,1,F3,0.2,20dB,A3_minus_A2,-0.012437672198295502,0.014474463462829587,-70,-2240
115,subject_115,1,F3,0.2,20dB,A3_minus_B4,0.018483363148940057,-0.012499165534973142,-16,-512
115,subject_115,1,F3,0.5,none,A3_minus_A2,0.0,0.0,-13,-416
115,subject_115,1,F3,0.5,none,A3_minus_B4,0.0,0.0,-1,-32
115,subject_115,1,F3,0.5,20dB,A3_minus_A2,-0.014198551069320331,0.004225087165832517,-35,-1120
115,subject_115,1,F3,0.5,20dB,A3_minus_B4,-0.008387139875175365,0.002564454078674311,-18,-576
115,subject_115,1,F4,0.2,none,A3_minus_A2,-0.007548217496001541,0.003444886207580572,-13,-416
115,subject_115,1,F4,0.2,none,A3_minus_B4,-0.007559422466322019,0.0034500837326049694,-12,-384
115,subject_115,1,F4,0.2,20dB,A3_minus_A2,-0.010450463195047277,0.005619587976660567,-16,-512
115,subject_115,1,F4,0.2,20dB,A3_minus_B4,-0.005035998212333581,0.003049303464741304,-6,-192
115,subject_115,1,F4,0.5,none,A3_minus_A2,0.0,0.0,0,0
115,subject_115,1,F4,0.5,none,A3_minus_B4,0.0,0.0,0,0
115,subject_115,1,F4,0.5,20dB,A3_minus_A2,-0.004202998963870996,0.0009274244308471735,-4,-128
115,subject_115,1,F4,0.5,20dB,A3_minus_B4,-0.0042085891862715386,0.0009324312210083063,-3,-96
115,subject_115,1,F5,0.2,none,A3_minus_A2,-0.003571996062301963,0.006267991065978681,-73,-2336
115,subject_115,1,F5,0.2,none,A3_minus_B4,0.00860714250695338,-0.006608734130859509,-40,-1280
115,subject_115,1,F5,0.2,20dB,A3_minus_A2,-0.008662904625303725,0.005187067985533214,-84,-2688
115,subject_115,1,F5,0.2,20dB,A3_minus_B4,0.0017873580300307168,-0.006806149482726898,4,128
115,subject_115,1,F5,0.5,none,A3_minus_A2,-0.005377092098468594,0.0012565851211540635,-18,-576
115,subject_115,1,F5,0.5,none,A3_minus_B4,0.0011936482084298206,0.0004269123077410425,-3,-96
115,subject_115,1,F5,0.5,20dB,A3_minus_A2,-0.005917417548051418,0.0026733160018920926,-29,-928
115,subject_115,1,F5,0.5,20dB,A3_minus_B4,0.013008558910794221,-0.002993631362915042,-5,-160
115,subject_115,2,F0,0.2,none,A3_minus_A2,-2.7446341022141496e-07,6.327629089355503e-05,-70,-2240
115,subject_115,2,F0,0.2,none,A3_minus_B4,-0.0004600819586322302,-0.0007309675216674808,19,608
115,subject_115,2,F0,0.2,20dB,A3_minus_A2,-0.000564274466171355,-0.00127410888671875,-84,-2688
115,subject_115,2,F0,0.2,20dB,A3_minus_B4,-0.00027563712871447876,0.0024843931198120107,12,384
115,subject_115,2,F0,0.5,none,A3_minus_A2,0.0,0.0,-70,-2240
115,subject_115,2,F0,0.5,none,A3_minus_B4,0.0,0.0,18,576
115,subject_115,2,F0,0.5,20dB,A3_minus_A2,-1.615347500205644e-08,4.768371582048597e-08,-92,-2944
115,subject_115,2,F0,0.5,20dB,A3_minus_B4,-1.615347500205644e-08,4.768371582048597e-08,3,96
115,subject_115,2,F1,0.2,none,A3_minus_A2,3.7233758771293424e-05,-7.240772247313343e-05,-66,-2112
115,subject_115,2,F1,0.2,none,A3_minus_B4,-0.000554206612100927,-0.005680751800537107,13,416
115,subject_115,2,F1,0.2,20dB,A3_minus_A2,-0.0025420509946911807,-0.001419663429260254,-96,-3072
115,subject_115,2,F1,0.2,20dB,A3_minus_B4,0.005880508359659586,-0.00131902694702149,8,256
115,subject_115,2,F1,0.5,none,A3_minus_A2,0.0,0.0,-59,-1888
115,subject_115,2,F1,0.5,none,A3_minus_B4,0.0,0.0,19,608
115,subject_115,2,F1,0.5,20dB,A3_minus_A2,-2.3269847664764143e-05,0.00019626617431640903,-77,-2464
115,subject_115,2,F1,0.5,20dB,A3_minus_B4,0.000250341164557355,-0.0006250381469726507,10,320
115,subject_115,2,F2,0.2,none,A3_minus_A2,1.4403646170890738e-05,0.0002576589584350475,-65,-2080
115,subject_115,2,F2,0.2,none,A3_minus_B4,-0.00024577429721794886,-0.0007104635238647516,5,160
115,subject_115,2,F2,0.2,20dB,A3_minus_A2,0.00927340170059665,0.0012037992477416937,-93,-2976
115,subject_115,2,F2,0.2,20dB,A3_minus_B4,0.003469790364494685,-0.0001380681991577093,8,256
115,subject_115,2,F2,0.5,none,A3_minus_A2,-1.690429574097152e-06,3.8671493530262335e-05,-65,-2080
115,subject_115,2,F2,0.5,none,A3_minus_B4,-6.733235588285424e-05,-0.00010771751403809704,11,352
115,subject_115,2,F2,0.5,20dB,A3_minus_A2,0.0,0.0,-81,-2592
115,subject_115,2,F2,0.5,20dB,A3_minus_B4,0.0,0.0,16,512
115,subject_115,2,F3,0.2,none,A3_minus_A2,-0.03454749538854429,0.013608741760253909,-52,-1664
115,subject_115,2,F3,0.2,none,A3_minus_B4,0.0002520114632886816,0.001274490356445307,-20,-640
115,subject_115,2,F3,0.2,20dB,A3_minus_A2,-0.011559499235657356,0.01218313289495443,-61,-1952
115,subject_115,2,F3,0.2,20dB,A3_minus_B4,0.03902251981301319,-0.018012007943668626,-1,-32
115,subject_115,2,F3,0.5,none,A3_minus_A2,-0.0070894647593622295,0.001406168937683111,-10,-320
115,subject_115,2,F3,0.5,none,A3_minus_B4,0.005361484079593026,-0.0007812499999999972,4,128
115,subject_115,2,F3,0.5,20dB,A3_minus_A2,-0.011998744842626863,0.003941869735717765,-28,-896
115,subject_115,2,F3,0.5,20dB,A3_minus_B4,0.009984205151024383,-0.0010034322738647489,-9,-288
115,subject_115,2,F4,0.2,none,A3_minus_A2,-0.007990146259295727,0.0030694723129272294,-14,-448
115,subject_115,2,F4,0.2,none,A3_minus_B4,-0.006721216814931097,0.002548599243164057,-9,-288
115,subject_115,2,F4,0.2,20dB,A3_minus_A2,-0.018160151754955223,0.007061017792836549,-22,-704
115,subject_115,2,F4,0.2,20dB,A3_minus_B4,0.01587926694673847,-0.0048250438034892484,0,0
115,subject_115,2,F4,0.5,none,A3_minus_A2,0.0,0.0,0,0
115,subject_115,2,F4,0.5,none,A3_minus_B4,0.0,0.0,0,0
115,subject_115,2,F4,0.5,20dB,A3_minus_A2,0.0,0.0,0,0
115,subject_115,2,F4,0.5,20dB,A3_minus_B4,0.0,0.0,0,0
115,subject_115,2,F5,0.2,none,A3_minus_A2,-0.01237613658393144,0.0016821146011352511,-59,-1888
115,subject_115,2,F5,0.2,none,A3_minus_B4,0.0005741980346307685,9.75370407104506e-05,-9,-288
115,subject_115,2,F5,0.2,20dB,A3_minus_A2,-0.004086725152777859,0.0017920446395869732,-81,-2592
115,subject_115,2,F5,0.2,20dB,A3_minus_B4,0.006770182503441191,-0.010047721862792944,7,224
115,subject_115,2,F5,0.5,none,A3_minus_A2,-0.013634259334200038,0.0012112474441527965,-53,-1696
115,subject_115,2,F5,0.5,none,A3_minus_B4,-0.017394351461383906,0.0022397518157960747,-21,-672
115,subject_115,2,F5,0.5,20dB,A3_minus_A2,-0.017235444555010915,0.005902957916259763,-57,-1824
115,subject_115,2,F5,0.5,20dB,A3_minus_B4,-0.007681803241705865,0.0022779178619373383,24,768
116,subject_116,0,F0,0.2,none,A3_minus_A2,0.0006147056456597966,0.00041916370391845495,-93,-2976
116,subject_116,0,F0,0.2,none,A3_minus_B4,0.0010063315137358586,0.0006857395172119134,-5,-160
116,subject_116,0,F0,0.2,20dB,A3_minus_A2,0.0013087283663466565,-0.0012688636779785156,-92,-2944
116,subject_116,0,F0,0.2,20dB,A3_minus_B4,0.0019137759138807553,-0.0021867275238037116,9,288
116,subject_116,0,F0,0.5,none,A3_minus_A2,0.0,0.0,-93,-2976
116,subject_116,0,F0,0.5,none,A3_minus_B4,0.0,0.0,-5,-160
116,subject_116,0,F0,0.5,20dB,A3_minus_A2,0.0,0.0,-99,-3168
116,subject_116,0,F0,0.5,20dB,A3_minus_B4,0.0,0.0,-8,-256
116,subject_116,0,F1,0.2,none,A3_minus_A2,-0.0009388627768167623,0.002969598770141607,-72,-2304
116,subject_116,0,F1,0.2,none,A3_minus_B4,-0.01253944741770141,0.000721883773803722,-17,-544
116,subject_116,0,F1,0.2,20dB,A3_minus_A2,-0.001171778824758718,0.0003414630889892606,-84,-2688
116,subject_116,0,F1,0.2,20dB,A3_minus_B4,-0.009720093034221833,-0.007090973854064944,-2,-64
116,subject_116,0,F1,0.5,none,A3_minus_A2,0.0,0.0,-68,-2176
116,subject_116,0,F1,0.5,none,A3_minus_B4,0.0,0.0,-30,-960
116,subject_116,0,F1,0.5,20dB,A3_minus_A2,-6.839336147912434e-05,-0.0002922058105468833,-78,-2496
116,subject_116,0,F1,0.5,20dB,A3_minus_B4,-9.871932358329616e-05,-0.0003705978393554743,-16,-512
116,subject_116,0,F2,0.2,none,A3_minus_A2,-0.0035228836423613075,0.003382444381713867,-71,-2272
116,subject_116,0,F2,0.2,none,A3_minus_B4,-0.001802358159757489,-0.0015846490859985352,-23,-736
116,subject_116,0,F2,0.2,20dB,A3_minus_A2,0.0002037652385844524,-0.0015467643737792913,-84,-2688
116,subject_116,0,F2,0.2,20dB,A3_minus_B4,0.0029560550399825303,-0.008410668373107916,-7,-224
116,subject_116,0,F2,0.5,none,A3_minus_A2,-8.929282404679384e-05,0.000618886947631847,-70,-2240
116,subject_116,0,F2,0.5,none,A3_minus_B4,-8.929282404679384e-05,0.000618886947631847,-26,-832
116,subject_116,0,F2,0.5,20dB,A3_minus_A2,-8.205738885358471e-05,0.0006150960922241266,-82,-2624
116,subject_116,0,F2,0.5,20dB,A3_minus_B4,0.0025273825218086188,-0.0022109270095825306,7,224
116,subject_116,0,F3,0.2,none,A3_minus_A2,-0.04557096298003671,0.022645487430195427,-84,-2688
116,subject_116,0,F3,0.2,none,A3_minus_B4,0.04685822178710097,-0.011868129131694216,-25,-800
116,subject_116,0,F3,0.2,20dB,A3_minus_A2,-0.03473214479183895,0.03095319271087646,-89,-2848
116,subject_116,0,F3,0.2,20dB,A3_minus_B4,0.03462826946736541,-0.02382361888885498,-2,-64
116,subject_116,0,F3,0.5,none,A3_minus_A2,-0.052875526340361745,0.008591771125793457,-43,-1376
116,subject_116,0,F3,0.5,none,A3_minus_B4,0.036525145937204684,-0.006524085998535156,-3,-96
116,subject_116,0,F3,0.5,20dB,A3_minus_A2,-0.03489623944867404,0.009423947334289542,-49,-1568
116,subject_116,0,F3,0.5,20dB,A3_minus_B4,0.023033149075283532,-0.005317378044128421,-2,-64
116,subject_116,0,F4,0.2,none,A3_minus_A2,-0.02876678849879255,0.006825727705400436,-20,-640
116,subject_116,0,F4,0.2,none,A3_minus_B4,0.043238218274961326,-0.006670584285793729,0,0
116,subject_116,0,F4,0.2,20dB,A3_minus_A2,-0.03446765856740086,0.012621507485905376,-43,-1376
116,subject_116,0,F4,0.2,20dB,A3_minus_B4,0.05276754852346244,-0.010559043826332826,-6,-192
116,subject_116,0,F4,0.5,none,A3_minus_A2,-0.012966176557245745,0.001361846923828125,-7,-224
116,subject_116,0,F4,0.5,none,A3_minus_B4,-0.012966176557245745,0.001361846923828125,-7,-224
116,subject_116,0,F4,0.5,20dB,A3_minus_A2,-0.0010563870186963698,0.00010402202606202282,-4,-128
116,subject_116,0,F4,0.5,20dB,A3_minus_B4,-0.0010563870186963698,0.00010402202606202282,-4,-128
116,subject_116,0,F5,0.2,none,A3_minus_A2,-0.014797250618673985,0.004951825141908714,-91,-2912
116,subject_116,0,F5,0.2,none,A3_minus_B4,0.04879775086444482,-0.018675203323361173,9,288
116,subject_116,0,F5,0.2,20dB,A3_minus_A2,-0.02448005544186671,0.016690473556515602,-85,-2720
116,subject_116,0,F5,0.2,20dB,A3_minus_B4,-0.00823184051362702,0.003665280342102409,-1,-32
116,subject_116,0,F5,0.5,none,A3_minus_A2,-0.029081409183827844,0.004294543266296108,-65,-2080
116,subject_116,0,F5,0.5,none,A3_minus_B4,0.049027579100862084,-0.006151170730590044,-1,-32
116,subject_116,0,F5,0.5,20dB,A3_minus_A2,-0.04301864732451577,0.009110374450682454,-64,-2048
116,subject_116,0,F5,0.5,20dB,A3_minus_B4,0.03645755548151186,-0.004903120994568161,-8,-256
116,subject_116,1,F0,0.2,none,A3_minus_A2,-0.003079043129961434,0.005837917327880859,-103,-3296
116,subject_116,1,F0,0.2,none,A3_minus_B4,-0.004092272952096465,0.009449505805969238,17,544
116,subject_116,1,F0,0.2,20dB,A3_minus_A2,-0.0007183534449843876,0.0006067991256713864,-116,-3712
116,subject_116,1,F0,0.2,20dB,A3_minus_B4,-0.0019259540293070643,-0.0010389089584350586,7,224
116,subject_116,1,F0,0.5,none,A3_minus_A2,4.020424562156677e-07,4.768371582048597e-08,-105,-3360
116,subject_116,1,F0,0.5,none,A3_minus_B4,4.020424562156677e-07,4.768371582048597e-08,15,480
116,subject_116,1,F0,0.5,20dB,A3_minus_A2,-0.005216147188848552,0.0034667968750000007,-114,-3648
116,subject_116,1,F0,0.5,20dB,A3_minus_B4,-0.0058300058482014805,0.004716730117797852,11,352
116,subject_116,1,F1,0.2,none,A3_minus_A2,-0.0036266268516023104,0.005957484245300293,-99,-3168
116,subject_116,1,F1,0.2,none,A3_minus_B4,0.012978429508276434,0.006022858619689944,7,224
116,subject_116,1,F1,0.2,20dB,A3_minus_A2,-0.008326052543154105,0.0002226352691650363,-87,-2784
116,subject_116,1,F1,0.2,20dB,A3_minus_B4,-0.0018612228973360345,0.0019360303878784152,13,416
116,subject_116,1,F1,0.5,none,A3_minus_A2,0.0,0.0,-86,-2752
116,subject_116,1,F1,0.5,none,A3_minus_B4,0.0,0.0,18,576
116,subject_116,1,F1,0.5,20dB,A3_minus_A2,0.0,0.0,-87,-2784
116,subject_116,1,F1,0.5,20dB,A3_minus_B4,0.0,0.0,16,512
116,subject_116,1,F2,0.2,none,A3_minus_A2,-0.024755438779909156,-0.0005718469619750977,-93,-2976
116,subject_116,1,F2,0.2,none,A3_minus_B4,0.01031975677479835,-0.000570964813232433,10,320
116,subject_116,1,F2,0.2,20dB,A3_minus_A2,-0.001315762997922576,0.000140976905822765,-94,-3008
116,subject_116,1,F2,0.2,20dB,A3_minus_B4,-0.005377469801157275,0.002956390380859375,9,288
116,subject_116,1,F2,0.5,none,A3_minus_A2,3.259197518090673e-06,4.72068786622204e-06,-96,-3072
116,subject_116,1,F2,0.5,none,A3_minus_B4,3.1722940150302747e-06,4.196166992181949e-06,3,96
116,subject_116,1,F2,0.5,20dB,A3_minus_A2,8.755992570286253e-05,-0.00010893344879150946,-89,-2848
116,subject_116,1,F2,0.5,20dB,A3_minus_B4,-7.692367148059986e-05,0.0005062580108642634,19,608
116,subject_116,1,F3,0.2,none,A3_minus_A2,-0.02799599888503579,0.013466282466984447,-80,-2560
116,subject_116,1,F3,0.2,none,A3_minus_B4,0.09827579112932483,-0.036506871601008725,2,64
116,subject_116,1,F3,0.2,20dB,A3_minus_A2,-0.035966081438825626,0.027716827392578122,-101,-3232
116,subject_116,1,F3,0.2,20dB,A3_minus_B4,0.043372191305202534,-0.02664773464202881,-3,-96
116,subject_116,1,F3,0.5,none,A3_minus_A2,-0.04300533508160598,0.0069177389144897405,-48,-1536
116,subject_116,1,F3,0.5,none,A3_minus_B4,0.06895150716814413,-0.006966495513916024,-4,-128
116,subject_116,1,F3,0.5,20dB,A3_minus_A2,-0.03277722840824637,0.008443164825439456,-50,-1600
116,subject_116,1,F3,0.5,20dB,A3_minus_B4,0.05598879860549921,-0.008952903747558597,-1,-32
116,subject_116,1,F4,0.2,none,A3_minus_A2,-0.09852164430249388,0.017106008529663097,-27,-864
116,subject_116,1,F4,0.2,none,A3_minus_B4,0.14123386130576066,-0.018526077270507757,10,320
116,subject_116,1,F4,0.2,20dB,A3_minus_A2,-0.06296391922942846,0.02333139041667673,-44,-1408
116,subject_116,1,F4,0.2,20dB,A3_minus_B4,0.020372081237248096,-0.0048983468651225825,-8,-256
116,subject_116,1,F4,0.5,none,A3_minus_A2,-0.018109980164748407,0.0017569780349731556,-5,-160
116,subject_116,1,F4,0.5,none,A3_minus_B4,0.01222250759780863,-0.0010477781295776256,1,32
116,subject_116,1,F4,0.5,20dB,A3_minus_A2,-0.048419733969360834,0.005017518997192383,-12,-384
116,subject_116,1,F4,0.5,20dB,A3_minus_B4,-0.010798812276526348,0.0006515979766845703,-5,-160
116,subject_116,1,F5,0.2,none,A3_minus_A2,-0.01237956354286851,0.009529252052306536,-93,-2976
116,subject_116,1,F5,0.2,none,A3_minus_B4,0.0033727400077623315,-0.005899906158448501,8,256
116,subject_116,1,F5,0.2,20dB,A3_minus_A2,-0.005597250688634148,0.008959741592408935,-99,-3168
116,subject_116,1,F5,0.2,20dB,A3_minus_B4,0.01224234719382622,-0.02367611885070478,18,576
116,subject_116,1,F5,0.5,none,A3_minus_A2,-0.032313593854564004,0.006288399696349242,-55,-1760
116,subject_116,1,F5,0.5,none,A3_minus_B4,0.0306150016937643,-0.008456382751464986,12,384
116,subject_116,1,F5,0.5,20dB,A3_minus_A2,-0.00780023863394419,0.0018304014205933056,-73,-2336
116,subject_116,1,F5,0.5,20dB,A3_minus_B4,0.051133833230922576,-0.01109501838684003,6,192
116,subject_116,2,F0,0.2,none,A3_minus_A2,-0.001083146450930883,-0.00208461284637451,-95,-3040
116,subject_116,2,F0,0.2,none,A3_minus_B4,-0.022339750132687186,0.009607338905334474,9,288
116,subject_116,2,F0,0.2,20dB,A3_minus_A2,0.0009380661330560258,0.0011042356491088867,-101,-3232
116,subject_116,2,F0,0.2,20dB,A3_minus_B4,-0.025790377662225694,0.016920518875122068,19,608
116,subject_116,2,F0,0.5,none,A3_minus_A2,0.0,0.0,-84,-2688
116,subject_116,2,F0,0.5,none,A3_minus_B4,0.0,0.0,6,192
116,subject_116,2,F0,0.5,20dB,A3_minus_A2,0.0005928537225354802,0.003704833984375,-103,-3296
116,subject_116,2,F0,0.5,20dB,A3_minus_B4,-0.00014368577597423382,0.004329776763916016,5,160
116,subject_116,2,F1,0.2,none,A3_minus_A2,-0.01319366621530449,0.0008342981338500949,-72,-2304
116,subject_116,2,F1,0.2,none,A3_minus_B4,-0.01076611132207006,0.006702351570129383,5,160
116,subject_116,2,F1,0.2,20dB,A3_minus_A2,-0.00035350503184261584,-0.0016215324401855358,-90,-2880
116,subject_116,2,F1,0.2,20dB,A3_minus_B4,0.0006597253944100601,0.0011943101882934681,3,96
116,subject_116,2,F1,0.5,none,A3_minus_A2,-0.0008366375361728018,0.0030859470367431696,-74,-2368
116,subject_116,2,F1,0.5,none,A3_minus_B4,-0.0009218200309710767,0.003398418426513672,3,96
116,subject_116,2,F1,0.5,20dB,A3_minus_A2,-0.001984755885494849,0.0018498897552490234,-87,-2784
116,subject_116,2,F1,0.5,20dB,A3_minus_B4,0.0030909664330405207,-0.0018382072448730469,10,320
116,subject_116,2,F2,0.2,none,A3_minus_A2,-0.0052801714964108015,-0.0012416601181030607,-70,-2240
116,subject_116,2,F2,0.2,none,A3_minus_B4,-0.01240481405659466,0.00365567207336423,1,32
116,subject_116,2,F2,0.2,20dB,A3_minus_A2,0.002737548424684988,-0.002978634834289562,-76,-2432
116,subject_116,2,F2,0.2,20dB,A3_minus_B4,0.00016003059775293593,0.0032423734664916992,14,448
116,subject_116,2,F2,0.5,none,A3_minus_A2,5.1642292367759524e-05,2.0837783813482114e-05,-72,-2304
116,subject_116,2,F2,0.5,none,A3_minus_B4,-0.00016390006031485882,0.000946092605590837,-2,-64
116,subject_116,2,F2,0.5,20dB,A3_minus_A2,0.0022628134997386695,-0.0005663871765136941,-81,-2592
116,subject_116,2,F2,0.5,20dB,A3_minus_B4,0.0031765129779692813,0.0005101442337036022,21,672
116,subject_116,2,F3,0.2,none,A3_minus_A2,-0.018347457714792625,0.013252045854287742,-60,-1920
116,subject_116,2,F3,0.2,none,A3_minus_B4,0.0580401785392759,-0.015499361382064897,4,128
116,subject_116,2,F3,0.2,20dB,A3_minus_A2,-0.022556455070766646,0.022887450150955446,-82,-2624
116,subject_116,2,F3,0.2,20dB,A3_minus_B4,0.028059490721190627,-0.00947341274774001,-11,-352
116,subject_116,2,F3,0.5,none,A3_minus_A2,-0.009845370980389845,0.001707267761230466,-24,-768
116,subject_116,2,F3,0.5,none,A3_minus_B4,-0.006720600552633016,0.0010823249816894615,-13,-416
116,subject_116,2,F3,0.5,20dB,A3_minus_A2,-0.003703542607603083,0.0010822055100957462,-27,-864
116,subject_116,2,F3,0.5,20dB,A3_minus_B4,0.006540956635248563,-0.0012667894363403431,-6,-192
116,subject_116,2,F4,0.2,none,A3_minus_A2,-0.012897196624333418,0.0021305566159043887,-21,-672
116,subject_116,2,F4,0.2,none,A3_minus_B4,-0.037488068443892075,0.006000621850242915,1,32
116,subject_116,2,F4,0.2,20dB,A3_minus_A2,-0.038185225859248106,0.010957261665424184,-36,-1152
116,subject_116,2,F4,0.2,20dB,A3_minus_B4,-0.0401477375356869,0.012617020489462172,-15,-480
116,subject_116,2,F4,0.5,none,A3_minus_A2,0.0,0.0,0,0
116,subject_116,2,F4,0.5,none,A3_minus_B4,0.0,0.0,0,0
116,subject_116,2,F4,0.5,20dB,A3_minus_A2,0.0,0.0,0,0
116,subject_116,2,F4,0.5,20dB,A3_minus_B4,0.0,0.0,0,0
116,subject_116,2,F5,0.2,none,A3_minus_A2,-0.009528898547088716,0.0036481237411493395,-65,-2080
116,subject_116,2,F5,0.2,none,A3_minus_B4,-0.12984943052358844,0.011210746765138238,18,576
116,subject_116,2,F5,0.2,20dB,A3_minus_A2,-8.877556087227845e-05,0.011493563652036798,-98,-3136
116,subject_116,2,F5,0.2,20dB,A3_minus_B4,-0.08520394494051331,0.0258299016952524,25,800
116,subject_116,2,F5,0.5,none,A3_minus_A2,-0.009019690483469844,0.0033464193344123275,-50,-1600
116,subject_116,2,F5,0.5,none,A3_minus_B4,0.028279955218863506,-0.0036625099182128126,-3,-96
116,subject_116,2,F5,0.5,20dB,A3_minus_A2,-0.014800173507060421,0.00727265834808364,-49,-1568
116,subject_116,2,F5,0.5,20dB,A3_minus_B4,0.014391813017327948,-0.001963500976562567,-8,-256
117,subject_117,0,F0,0.2,none,A3_minus_A2,-0.0016165784511699144,0.0005595445632934574,-117,-3744
117,subject_117,0,F0,0.2,none,A3_minus_B4,-0.0011856484747596596,0.0021069526672363283,20,640
117,subject_117,0,F0,0.2,20dB,A3_minus_A2,0.00046653326709389376,-0.004225754737854004,-123,-3936
117,subject_117,0,F0,0.2,20dB,A3_minus_B4,0.0005015687022478232,-0.002816033363342285,15,480
117,subject_117,0,F0,0.5,none,A3_minus_A2,-6.286080456163745e-07,4.768371582048597e-08,-120,-3840
117,subject_117,0,F0,0.5,none,A3_minus_B4,-6.286080456163745e-07,4.768371582048597e-08,14,448
117,subject_117,0,F0,0.5,20dB,A3_minus_A2,-4.2471221739504017e-07,4.768371582005229e-08,-128,-4096
117,subject_117,0,F0,0.5,20dB,A3_minus_B4,-4.2471221739504017e-07,4.768371582005229e-08,0,0
117,subject_117,0,F1,0.2,none,A3_minus_A2,0.00024297518061899837,-0.0012206315994262723,-101,-3232
117,subject_117,0,F1,0.2,none,A3_minus_B4,0.0,4.768371582308806e-08,6,192
117,subject_117,0,F1,0.2,20dB,A3_minus_A2,0.0009713174612535624,-0.0013378381729126088,-98,-3136
117,subject_117,0,F1,0.2,20dB,A3_minus_B4,0.000836767105504066,-0.0015733957290649525,26,832
117,subject_117,0,F1,0.5,none,A3_minus_A2,1.0178960749840371e-06,4.768371582308806e-08,-98,-3136
117,subject_117,0,F1,0.5,none,A3_minus_B4,1.0178960749840371e-06,4.768371582308806e-08,9,288
117,subject_117,0,F1,0.5,20dB,A3_minus_A2,0.0,0.0,-102,-3264
117,subject_117,0,F1,0.5,20dB,A3_minus_B4,0.0,0.0,11,352
117,subject_117,0,F2,0.2,none,A3_minus_A2,0.00013252967665167148,0.0003170967102050781,-95,-3040
117,subject_117,0,F2,0.2,none,A3_minus_B4,7.059696590872022e-05,0.0009420394897460826,16,512
117,subject_117,0,F2,0.2,20dB,A3_minus_A2,-0.0006319966528316456,-0.0009111642837524581,-95,-3040
117,subject_117,0,F2,0.2,20dB,A3_minus_B4,-0.00023980289656932996,-0.0011923074722290095,13,416
117,subject_117,0,F2,0.5,none,A3_minus_A2,0.0,0.0,-85,-2720
117,subject_117,0,F2,0.5,none,A3_minus_B4,0.0,0.0,23,736
117,subject_117,0,F2,0.5,20dB,A3_minus_A2,0.0,0.0,-93,-2976
117,subject_117,0,F2,0.5,20dB,A3_minus_B4,0.0,0.0,6,192
117,subject_117,0,F3,0.2,none,A3_minus_A2,-0.06238955971341653,0.02534105777740478,-98,-3136
117,subject_117,0,F3,0.2,none,A3_minus_B4,0.1369963791247102,-0.02933788299560547,-1,-32
117,subject_117,0,F3,0.2,20dB,A3_minus_A2,-0.04151135945184947,0.035227483203320115,-108,-3456
117,subject_117,0,F3,0.2,20dB,A3_minus_B4,0.033975734813630254,-0.018543425821506837,-11,-352
117,subject_117,0,F3,0.5,none,A3_minus_A2,-0.038118947966896854,0.005637979507446295,-47,-1504
117,subject_117,0,F3,0.5,none,A3_minus_B4,0.027154608658090496,-0.0010190248489379827,-10,-320
117,subject_117,0,F3,0.5,20dB,A3_minus_A2,-0.04485456619192796,0.011190056800842285,-64,-2048
117,subject_117,0,F3,0.5,20dB,A3_minus_B4,0.06912125982919193,-0.009144163131713873,-7,-224
117,subject_117,0,F4,0.2,none,A3_minus_A2,-0.11793110150667374,0.014196680469927114,-29,-928
117,subject_117,0,F4,0.2,none,A3_minus_B4,-0.024094767700887587,0.00218398420375282,-16,-512
117,subject_117,0,F4,0.2,20dB,A3_minus_A2,-0.06352942781471782,0.019333140797351656,-42,-1344
117,subject_117,0,F4,0.2,20dB,A3_minus_B4,0.10838905402815868,-0.018192780292490773,-5,-160
117,subject_117,0,F4,0.5,none,A3_minus_A2,0.0,0.0,0,0
117,subject_117,0,F4,0.5,none,A3_minus_B4,0.0,0.0,0,0
117,subject_117,0,F4,0.5,20dB,A3_minus_A2,-0.0048848397233314245,0.0007858991622924638,-3,-96
117,subject_117,0,F4,0.5,20dB,A3_minus_B4,-0.0048848397233314245,0.0007858991622924638,-3,-96
117,subject_117,0,F5,0.2,none,A3_minus_A2,-0.02793565046640012,0.010612816810608203,-100,-3200
117,subject_117,0,F5,0.2,none,A3_minus_B4,0.032902639171840775,-0.009285259246824926,23,736
117,subject_117,0,F5,0.2,20dB,A3_minus_A2,-0.012791497504881733,0.00963065147399754,-119,-3808
117,subject_117,0,F5,0.2,20dB,A3_minus_B4,0.011156400324669136,-0.008675150871275489,9,288
117,subject_117,0,F5,0.5,none,A3_minus_A2,-0.01931385149062237,0.0029015207290644385,-41,-1312
117,subject_117,0,F5,0.5,none,A3_minus_B4,0.040484081173179476,-0.002628278732299802,12,384
117,subject_117,0,F5,0.5,20dB,A3_minus_A2,-0.031149764575973293,0.007361497879028532,-73,-2336
117,subject_117,0,F5,0.5,20dB,A3_minus_B4,-0.0024655648784328577,0.0005945873260497364,6,192
117,subject_117,1,F0,0.2,none,A3_minus_A2,-0.0006162263229150255,-0.0005888700485229496,-116,-3712
117,subject_117,1,F0,0.2,none,A3_minus_B4,0.004117551962949051,-0.0035259723663330087,25,800
117,subject_117,1,F0,0.2,20dB,A3_minus_A2,0.0019468817354031387,-0.003403711318969726,-116,-3712
117,subject_117,1,F0,0.2,20dB,A3_minus_B4,0.0012806907645916965,-0.0036151170730590824,23,736
117,subject_117,1,F0,0.5,none,A3_minus_A2,0.0,0.0,-113,-3616
117,subject_117,1,F0,0.5,none,A3_minus_B4,0.0,0.0,21,672
117,subject_117,1,F0,0.5,20dB,A3_minus_A2,0.0,0.0,-123,-3936
117,subject_117,1,F0,0.5,20dB,A3_minus_B4,0.0,-2.622604370113718e-07,13,416
117,subject_117,1,F1,0.2,none,A3_minus_A2,0.00025033204208924076,-0.0019402503967285156,-107,-3424
117,subject_117,1,F1,0.2,none,A3_minus_B4,0.001513030194619347,-0.003173232078552246,-11,-352
117,subject_117,1,F1,0.2,20dB,A3_minus_A2,-0.000734727296404003,-0.0001894950866699191,-110,-3520
117,subject_117,1,F1,0.2,20dB,A3_minus_B4,-0.0019127533917036033,0.0037086248397827093,6,192
117,subject_117,1,F1,0.5,none,A3_minus_A2,0.0,0.0,-102,-3264
117,subject_117,1,F1,0.5,none,A3_minus_B4,0.0,0.0,-8,-256
117,subject_117,1,F1,0.5,20dB,A3_minus_A2,0.0,0.0,-100,-3200
117,subject_117,1,F1,0.5,20dB,A3_minus_B4,0.0,0.0,3,96
117,subject_117,1,F2,0.2,none,A3_minus_A2,-0.00022486543298327888,-0.0018236160278320424,-90,-2880
117,subject_117,1,F2,0.2,none,A3_minus_B4,-1.740269226502278e-07,9.536743164617612e-08,-7,-224
117,subject_117,1,F2,0.2,20dB,A3_minus_A2,-0.0007566631278752567,-0.004243969917297363,-98,-3136
117,subject_117,1,F2,0.2,20dB,A3_minus_B4,-0.00011035867051134574,-0.0010071754455566462,-11,-352
117,subject_117,1,F2,0.5,none,A3_minus_A2,0.0,0.0,-89,-2848
117,subject_117,1,F2,0.5,none,A3_minus_B4,0.0,0.0,-7,-224
117,subject_117,1,F2,0.5,20dB,A3_minus_A2,0.0,0.0,-89,-2848
117,subject_117,1,F2,0.5,20dB,A3_minus_B4,0.0,0.0,3,96
117,subject_117,1,F3,0.2,none,A3_minus_A2,-0.11119249241369289,0.04064792127763456,-112,-3584
117,subject_117,1,F3,0.2,none,A3_minus_B4,0.2671695283619222,-0.05876548489556151,28,896
117,subject_117,1,F3,0.2,20dB,A3_minus_A2,-0.05212154870169172,0.0390358829720852,-109,-3488
117,subject_117,1,F3,0.2,20dB,A3_minus_B4,0.0408012710653054,-0.02217720506349831,-12,-384
117,subject_117,1,F3,0.5,none,A3_minus_A2,-0.0558021377175848,0.009065008163452154,-89,-2848
117,subject_117,1,F3,0.5,none,A3_minus_B4,0.05120277720921251,-0.008661127090454107,-37,-1184
117,subject_117,1,F3,0.5,20dB,A3_minus_A2,-0.060764292502742734,0.013077306747436526,-61,-1952
117,subject_117,1,F3,0.5,20dB,A3_minus_B4,0.007815170389584125,0.001667022705078125,-24,-768
117,subject_117,1,F4,0.2,none,A3_minus_A2,-0.09646111979786909,0.017362800026160474,-43,-1376
117,subject_117,1,F4,0.2,none,A3_minus_B4,0.0858770141230778,-0.00784745173485854,-15,-480
117,subject_117,1,F4,0.2,20dB,A3_minus_A2,-0.07707543588745125,0.02444238062837034,-57,-1824
117,subject_117,1,F4,0.2,20dB,A3_minus_B4,0.10790723589965978,-0.022710705744853232,2,64
117,subject_117,1,F4,0.5,none,A3_minus_A2,2.2188649619891976e-05,-5.197525024425165e-06,-1,-32
117,subject_117,1,F4,0.5,none,A3_minus_B4,2.2188649619891976e-05,-5.197525024425165e-06,-1,-32
117,subject_117,1,F4,0.5,20dB,A3_minus_A2,-0.0085384965753601,0.0013460159301757757,-9,-288
117,subject_117,1,F4,0.5,20dB,A3_minus_B4,-0.0085384965753601,0.0013460159301757757,-9,-288
117,subject_117,1,F5,0.2,none,A3_minus_A2,-0.021988896912706224,0.0076612758636478845,-110,-3520
117,subject_117,1,F5,0.2,none,A3_minus_B4,0.0030318373526085907,-0.005170602798460433,6,192
117,subject_117,1,F5,0.2,20dB,A3_minus_A2,-0.00484425543167788,0.004738521575927024,-109,-3488
117,subject_117,1,F5,0.2,20dB,A3_minus_B4,0.01831637989021928,-0.014860730171203325,27,864
117,subject_117,1,F5,0.5,none,A3_minus_A2,-0.04270827385006726,0.007139477729796971,-80,-2560
117,subject_117,1,F5,0.5,none,A3_minus_B4,0.003219969624751684,0.00042435646057103343,1,32
117,subject_117,1,F5,0.5,20dB,A3_minus_A2,-0.023223390849501868,0.004908032417296045,-82,-2624
117,subject_117,1,F5,0.5,20dB,A3_minus_B4,0.0040349925161393685,0.00065865039825308,-38,-1216
117,subject_117,2,F0,0.2,none,A3_minus_A2,-0.00012736978353800055,-0.0002995014190673856,-115,-3680
117,subject_117,2,F0,0.2,none,A3_minus_B4,-0.0005016405559139514,0.0009300947189331034,2,64
117,subject_117,2,F0,0.2,20dB,A3_minus_A2,0.0001730597896845154,-0.006107544898986816,-114,-3648
117,subject_117,2,F0,0.2,20dB,A3_minus_B4,0.0005615425563618714,-0.00023500919342041033,2,64
117,subject_117,2,F0,0.5,none,A3_minus_A2,0.0,0.0,-115,-3680
117,subject_117,2,F0,0.5,none,A3_minus_B4,0.0,-2.6226043701223917e-07,2,64
117,subject_117,2,F0,0.5,20dB,A3_minus_A2,-1.1666231714002606e-07,4.7683715821353334e-08,-119,-3808
117,subject_117,2,F0,0.5,20dB,A3_minus_B4,-3.042690472909726e-07,-1.2636184692372404e-06,6,192
117,subject_117,2,F1,0.2,none,A3_minus_A2,0.0012287608807923789,-0.0019967317581176675,-104,-3328
117,subject_117,2,F1,0.2,none,A3_minus_B4,-0.0015501048133259587,0.002328896522521981,6,192
117,subject_117,2,F1,0.2,20dB,A3_minus_A2,0.002623097194081936,-0.004645538330078122,-105,-3360
117,subject_117,2,F1,0.2,20dB,A3_minus_B4,-0.0013225253740145604,0.0008019208908081055,7,224
117,subject_117,2,F1,0.5,none,A3_minus_A2,7.516781401761818e-07,4.768371582308806e-08,-102,-3264
117,subject_117,2,F1,0.5,none,A3_minus_B4,-1.1039893195174955e-06,-1.2636184692355057e-06,8,256
117,subject_117,2,F1,0.5,20dB,A3_minus_A2,0.0,0.0,-107,-3424
117,subject_117,2,F1,0.5,20dB,A3_minus_B4,1.3646161480806995e-06,-2.622604370200454e-07,-1,-32
117,subject_117,2,F2,0.2,none,A3_minus_A2,-0.0003359365427542116,1.2588500976545847e-05,-81,-2592
117,subject_117,2,F2,0.2,none,A3_minus_B4,-0.00017167759406788718,0.0009362697601318359,-3,-96
117,subject_117,2,F2,0.2,20dB,A3_minus_A2,-9.42451307981429e-05,-0.0015320777893066406,-94,-3008
117,subject_117,2,F2,0.2,20dB,A3_minus_B4,0.0005820236481728358,-0.0033218622207641657,7,224
117,subject_117,2,F2,0.5,none,A3_minus_A2,0.0,0.0,-80,-2560
117,subject_117,2,F2,0.5,none,A3_minus_B4,0.0,0.0,-5,-160
117,subject_117,2,F2,0.5,20dB,A3_minus_A2,0.0,0.0,-102,-3264
117,subject_117,2,F2,0.5,20dB,A3_minus_B4,0.0,0.0,13,416
117,subject_117,2,F3,0.2,none,A3_minus_A2,-0.07417242922336698,0.027699327468872062,-87,-2784
117,subject_117,2,F3,0.2,none,A3_minus_B4,0.036386560079343155,-0.009369993209838862,-16,-512
117,subject_117,2,F3,0.2,20dB,A3_minus_A2,-0.08068253079706977,0.051849961280822754,-110,-3520
117,subject_117,2,F3,0.2,20dB,A3_minus_B4,0.0014258962612103687,0.0007311820983886552,-22,-704
117,subject_117,2,F3,0.5,none,A3_minus_A2,-0.026555499217636225,0.004576778411865226,-55,-1760
117,subject_117,2,F3,0.5,none,A3_minus_B4,0.11168445878995925,-0.013732242584228518,1,32
117,subject_117,2,F3,0.5,20dB,A3_minus_A2,-0.11417083997489108,0.020634746551513677,-57,-1824
117,subject_117,2,F3,0.5,20dB,A3_minus_B4,0.06137551681183773,-0.008125686645507807,-4,-128
117,subject_117,2,F4,0.2,none,A3_minus_A2,-0.1770614578857561,0.02421106032570791,-38,-1216
117,subject_117,2,F4,0.2,none,A3_minus_B4,0.481808032216378,-0.03499662750086269,-1,-32
117,subject_117,2,F4,0.2,20dB,A3_minus_A2,-0.07648316428478452,0.024287305256046554,-48,-1536
117,subject_117,2,F4,0.2,20dB,A3_minus_B4,0.23982391908053557,-0.03972190139812232,2,64
117,subject_117,2,F4,0.5,none,A3_minus_A2,-0.05452742311739911,0.003629064559936529,-10,-320
117,subject_117,2,F4,0.5,none,A3_minus_B4,8.121040071529251e-05,0.00022692680358885053,-4,-128
117,subject_117,2,F4,0.5,20dB,A3_minus_A2,-0.03576961088222852,0.0033187324369839677,-12,-384
117,subject_117,2,F4,0.5,20dB,A3_minus_B4,0.011026907917706552,-0.00024453746432129275,4,128
117,subject_117,2,F5,0.2,none,A3_minus_A2,-0.05193245429167703,0.022941122055051902,-102,-3264
117,subject_117,2,F5,0.2,none,A3_minus_B4,0.013262649966449658,-0.0017112255096435464,-11,-352
117,subject_117,2,F5,0.2,20dB,A3_minus_A2,-0.014358820747073509,0.012581696510309659,-120,-3840
117,subject_117,2,F5,0.2,20dB,A3_minus_B4,-0.005904856034945283,0.0018349790573122388,-2,-64
117,subject_117,2,F5,0.5,none,A3_minus_A2,-0.007014492960998098,0.0030845785141030632,-68,-2176
117,subject_117,2,F5,0.5,none,A3_minus_B4,0.007579310110330084,-0.0008286905288660065,-17,-544
117,subject_117,2,F5,0.5,20dB,A3_minus_A2,-0.007763863449119057,0.004294939041137799,-90,-2880
117,subject_117,2,F5,0.5,20dB,A3_minus_B4,0.006591026277103396,0.00028913974761940464,3,96
118,subject_118,0,F0,0.2,none,A3_minus_A2,-0.000757070686827177,0.003521347045898437,-80,-2560
118,subject_118,0,F0,0.2,none,A3_minus_B4,-0.0001278402193101158,0.003145861625671386,18,576
118,subject_118,0,F0,0.2,20dB,A3_minus_A2,-0.0007424357317447061,-0.0016093730926513682,-105,-3360
118,subject_118,0,F0,0.2,20dB,A3_minus_B4,0.00018759685209701615,-0.0016954183578491225,1,32
118,subject_118,0,F0,0.5,none,A3_minus_A2,0.0,0.0,-83,-2656
118,subject_118,0,F0,0.5,none,A3_minus_B4,0.0,0.0,11,352
118,subject_118,0,F0,0.5,20dB,A3_minus_A2,0.0,0.0,-101,-3232
118,subject_118,0,F0,0.5,20dB,A3_minus_B4,0.0,0.0,-14,-448
118,subject_118,0,F1,0.2,none,A3_minus_A2,-0.0004926577641093388,0.0006839275360107366,-69,-2208
118,subject_118,0,F1,0.2,none,A3_minus_B4,-0.00397652359805889,0.0052462577819824135,10,320
118,subject_118,0,F1,0.2,20dB,A3_minus_A2,-0.006223250431897753,0.0002619028091430664,-96,-3072
118,subject_118,0,F1,0.2,20dB,A3_minus_B4,-0.002142386022672582,-0.0017574071884155218,14,448
118,subject_118,0,F1,0.5,none,A3_minus_A2,0.0,0.0,-73,-2336
118,subject_118,0,F1,0.5,none,A3_minus_B4,0.0,0.0,6,192
118,subject_118,0,F1,0.5,20dB,A3_minus_A2,0.0,0.0,-87,-2784
118,subject_118,0,F1,0.5,20dB,A3_minus_B4,0.0,0.0,2,64
118,subject_118,0,F2,0.2,none,A3_minus_A2,0.0015453423142801626,5.373954772949774e-05,-74,-2368
118,subject_118,0,F2,0.2,none,A3_minus_B4,-0.009876486398351147,0.002817678451538075,-1,-32
118,subject_118,0,F2,0.2,20dB,A3_minus_A2,-9.492683612855046e-05,-0.004166865348815912,-95,-3040
118,subject_118,0,F2,0.2,20dB,A3_minus_B4,0.00034012120500825915,-0.0016539573669433483,2,64
118,subject_118,0,F2,0.5,none,A3_minus_A2,0.0005735061317633239,0.0005860328674316406,-76,-2432
118,subject_118,0,F2,0.5,none,A3_minus_B4,-0.010221887214125758,0.0006544113159179799,-3,-96
118,subject_118,0,F2,0.5,20dB,A3_minus_A2,0.0,0.0,-84,-2688
118,subject_118,0,F2,0.5,20dB,A3_minus_B4,0.0,0.0,3,96
118,subject_118,0,F3,0.2,none,A3_minus_A2,-0.06363020140556586,0.023645091056823733,-70,-2240
118,subject_118,0,F3,0.2,none,A3_minus_B4,0.006052067691026508,-0.0007765054702758845,-20,-640
118,subject_118,0,F3,0.2,20dB,A3_minus_A2,-0.0366945984192526,0.036603593826293954,-100,-3200
118,subject_118,0,F3,0.2,20dB,A3_minus_B4,0.0679617053974475,-0.033495712280273426,-3,-96
118,subject_118,0,F3,0.5,none,A3_minus_A2,-0.029202204382077213,0.004550027847290042,-27,-864
118,subject_118,0,F3,0.5,none,A3_minus_B4,0.10562648036374611,-0.011548852920532218,4,128
118,subject_118,0,F3,0.5,20dB,A3_minus_A2,-0.02639191598915147,0.0075906276702880915,-42,-1344
118,subject_118,0,F3,0.5,20dB,A3_minus_B4,0.0543394605446057,-0.009267830848693842,6,192
118,subject_118,0,F4,0.2,none,A3_minus_A2,-0.0928407691195261,0.013960626812708543,-36,-1152
118,subject_118,0,F4,0.2,none,A3_minus_B4,0.18806786161136557,-0.01713390171920459,4,128
118,subject_118,0,F4,0.2,20dB,A3_minus_A2,-0.08627601017225572,0.024987839300085996,-44,-1408
118,subject_118,0,F4,0.2,20dB,A3_minus_B4,0.08129558157164851,-0.012123529300521019,5,160
118,subject_118,0,F4,0.5,none,A3_minus_A2,-0.0006725084015037908,7.798671722411554e-05,-1,-32
118,subject_118,0,F4,0.5,none,A3_minus_B4,0.004724971216811369,-0.0005463361740112305,1,32
118,subject_118,0,F4,0.5,20dB,A3_minus_A2,-0.006046745837833711,0.0008489608764648271,-8,-256
118,subject_118,0,F4,0.5,20dB,A3_minus_B4,0.005541928583861377,-0.00047466754913330633,3,96
118,subject_118,0,F5,0.2,none,A3_minus_A2,-0.006890765449742986,0.0042044544219967395,-64,-2048
118,subject_118,0,F5,0.2,none,A3_minus_B4,0.056414999185896875,-0.01657738685607875,15,480
118,subject_118,0,F5,0.2,20dB,A3_minus_A2,-0.016755333767768832,0.01652759075164667,-103,-3296
118,subject_118,0,F5,0.2,20dB,A3_minus_B4,0.001110858293422723,-0.0033541536331163913,7,224
118,subject_118,0,F5,0.5,none,A3_minus_A2,-0.004601491086297926,0.0017463016510014043,-40,-1280
118,subject_118,0,F5,0.5,none,A3_minus_B4,0.014523987219099865,-0.0036682319641105493,1,32
118,subject_118,0,F5,0.5,20dB,A3_minus_A2,-0.020127504526159967,0.00671242237091043,-81,-2592
118,subject_118,0,F5,0.5,20dB,A3_minus_B4,0.030965313855972454,-0.003429408073425226,4,128
118,subject_118,1,F0,0.2,none,A3_minus_A2,0.0010696515615613578,-0.0012983798980712889,-86,-2752
118,subject_118,1,F0,0.2,none,A3_minus_B4,0.0020134275944414526,-0.0015546560287475588,-8,-256
118,subject_118,1,F0,0.2,20dB,A3_minus_A2,0.0012666410819655027,-0.0022153139114379876,-102,-3264
118,subject_118,1,F0,0.2,20dB,A3_minus_B4,-0.0012805648862901364,0.006029748916625977,13,416
118,subject_118,1,F0,0.5,none,A3_minus_A2,0.0,0.0,-85,-2720
118,subject_118,1,F0,0.5,none,A3_minus_B4,0.0,0.0,-7,-224
118,subject_118,1,F0,0.5,20dB,A3_minus_A2,1.468404919435784e-05,-0.00015625953674316398,-117,-3744
118,subject_118,1,F0,0.5,20dB,A3_minus_B4,0.0011233230596694455,-0.0007029533386230468,9,288
118,subject_118,1,F1,0.2,none,A3_minus_A2,-0.0005592999229264706,0.0009651660919189481,-81,-2592
118,subject_118,1,F1,0.2,none,A3_minus_B4,-0.002475608335185342,-2.300739288330078e-05,11,352
118,subject_118,1,F1,0.2,20dB,A3_minus_A2,0.0006834288815902312,-0.0029853343963622964,-86,-2752
118,subject_118,1,F1,0.2,20dB,A3_minus_B4,3.171489143127815e-05,0.0004717826843261691,0,0
118,subject_118,1,F1,0.5,none,A3_minus_A2,0.0,0.0,-77,-2464
118,subject_118,1,F1,0.5,none,A3_minus_B4,0.0,0.0,14,448
118,subject_118,1,F1,0.5,20dB,A3_minus_A2,2.5758926724961384e-07,5.722045898493011e-07,-86,-2752
118,subject_118,1,F1,0.5,20dB,A3_minus_B4,2.5758926724961384e-07,5.722045898493011e-07,-2,-64
118,subject_118,1,F2,0.2,none,A3_minus_A2,-0.0008275574879021974,0.002242994308471663,-82,-2624
118,subject_118,1,F2,0.2,none,A3_minus_B4,0.01052633084347221,-0.005857276916503923,11,352
118,subject_118,1,F2,0.2,20dB,A3_minus_A2,0.001656044095968312,0.002612209320068365,-95,-3040
118,subject_118,1,F2,0.2,20dB,A3_minus_B4,0.0014495981663351643,0.007654547691345215,1,32
118,subject_118,1,F2,0.5,none,A3_minus_A2,-0.0018594736972730175,0.0006053924560547042,-82,-2624
118,subject_118,1,F2,0.5,none,A3_minus_B4,-0.0010667890501405708,-0.0018426895141601396,11,352
118,subject_118,1,F2,0.5,20dB,A3_minus_A2,-0.001398896963991092,-0.00047276020050049383,-97,-3104
118,subject_118,1,F2,0.5,20dB,A3_minus_B4,-0.0018198348245537233,0.002314996719360335,15,480
118,subject_118,1,F3,0.2,none,A3_minus_A2,-0.026314709455981244,0.009850493431091317,-65,-2080
118,subject_118,1,F3,0.2,none,A3_minus_B4,-1.63300960309698e-05,-0.00031052494049071955,-36,-1152
118,subject_118,1,F3,0.2,20dB,A3_minus_A2,-0.027813823808823912,0.01987597942352294,-86,-2752
118,subject_118,1,F3,0.2,20dB,A3_minus_B4,0.048567674667797434,-0.025163555145263666,3,96
118,subject_118,1,F3,0.5,none,A3_minus_A2,-0.010494855701072225,0.001729297637939456,-19,-608
118,subject_118,1,F3,0.5,none,A3_minus_B4,-0.010126108554331381,0.0016499757766723633,-8,-256
118,subject_118,1,F3,0.5,20dB,A3_minus_A2,-0.017555278802474206,0.004291486740112302,-28,-896
118,subject_118,1,F3,0.5,20dB,A3_minus_B4,0.013437018680448887,-0.0021995544433593833,-1,-32
118,subject_118,1,F4,0.2,none,A3_minus_A2,-0.027671198426403976,0.004427385330200179,-19,-608
118,subject_118,1,F4,0.2,none,A3_minus_B4,0.0045345360787401034,-0.0007872819900512917,-11,-352
118,subject_118,1,F4,0.2,20dB,A3_minus_A2,-0.020724822698330314,0.0075917022246869414,-22,-704
118,subject_118,1,F4,0.2,20dB,A3_minus_B4,-0.01578723217269129,0.005529810668900792,-13,-416
118,subject_118,1,F4,0.5,none,A3_minus_A2,0.0,0.0,0,0
118,subject_118,1,F4,0.5,none,A3_minus_B4,0.0,0.0,0,0
118,subject_118,1,F4,0.5,20dB,A3_minus_A2,-0.0036178698448914304,0.000624322891235346,-2,-64
118,subject_118,1,F4,0.5,20dB,A3_minus_B4,6.057200037012933e-05,0.0001558065414428711,0,0
118,subject_118,1,F5,0.2,none,A3_minus_A2,-0.006203265945615044,0.004945096969603213,-65,-2080
118,subject_118,1,F5,0.2,none,A3_minus_B4,0.01571938670181794,-0.004581208229065228,4,128
118,subject_118,1,F5,0.2,20dB,A3_minus_A2,-0.0022360172954094537,0.005495009422300967,-73,-2336
118,subject_118,1,F5,0.2,20dB,A3_minus_B4,0.009013831626820235,-0.0071368217468259915,12,384
118,subject_118,1,F5,0.5,none,A3_minus_A2,-0.008141003282631232,0.00015694141387960492,-34,-1088
118,subject_118,1,F5,0.5,none,A3_minus_B4,-0.005402275201365825,1.6775131227039775e-05,-17,-544
118,subject_118,1,F5,0.5,20dB,A3_minus_A2,0.0006104469836518689,-0.0009232330322264601,-75,-2400
118,subject_118,1,F5,0.5,20dB,A3_minus_B4,0.014010312058305274,-0.003451218605041363,-4,-128
118,subject_118,2,F0,0.2,none,A3_minus_A2,-0.0011562073445681165,0.0005502223968505858,-93,-2976
118,subject_118,2,F0,0.2,none,A3_minus_B4,-0.002471003123226012,0.005354738235473633,6,192
118,subject_118,2,F0,0.2,20dB,A3_minus_A2,-0.0001582048939283709,0.0002501487731933604,-111,-3552
118,subject_118,2,F0,0.2,20dB,A3_minus_B4,0.003645738325989356,-0.002498459815979003,22,704
118,subject_118,2,F0,0.5,none,A3_minus_A2,-0.00016751994042962792,0.00019168853759765625,-93,-2976
118,subject_118,2,F0,0.5,none,A3_minus_B4,-0.00016751994042962792,0.00019168853759765625,6,192
118,subject_118,2,F0,0.5,20dB,A3_minus_A2,0.0008469260150203439,-0.0005762338638305668,-110,-3520
118,subject_118,2,F0,0.5,20dB,A3_minus_B4,0.0034293623639936044,-0.003647136688232421,16,512
118,subject_118,2,F1,0.2,none,A3_minus_A2,-0.0035715227411188266,0.0010743379592895452,-73,-2336
118,subject_118,2,F1,0.2,none,A3_minus_B4,-0.0036175625002492495,0.0011720180511474582,13,416
118,subject_118,2,F1,0.2,20dB,A3_minus_A2,-0.001016050990283901,0.0025066614151001004,-90,-2880
118,subject_118,2,F1,0.2,20dB,A3_minus_B4,-0.0006456694189438394,0.0017424345016479464,-2,-64
118,subject_118,2,F1,0.5,none,A3_minus_A2,0.0,0.0,-71,-2272
118,subject_118,2,F1,0.5,none,A3_minus_B4,0.0,0.0,-17,-544
118,subject_118,2,F1,0.5,20dB,A3_minus_A2,3.406938413874627e-05,0.00047631263732911266,-79,-2528
118,subject_118,2,F1,0.5,20dB,A3_minus_B4,3.406938413874627e-05,0.00047631263732911266,4,128
118,subject_118,2,F2,0.2,none,A3_minus_A2,1.4160999544543529e-05,-0.0014647245407104492,-74,-2368
118,subject_118,2,F2,0.2,none,A3_minus_B4,-0.0008527892323861863,-0.004080152511596685,12,384
118,subject_118,2,F2,0.2,20dB,A3_minus_A2,-0.0006214182823889303,0.0011179924011230358,-88,-2816
118,subject_118,2,F2,0.2,20dB,A3_minus_B4,-0.0005944046042785089,0.003067064285278309,-5,-160
118,subject_118,2,F2,0.5,none,A3_minus_A2,0.0,0.0,-74,-2368
118,subject_118,2,F2,0.5,none,A3_minus_B4,0.0,0.0,8,256
118,subject_118,2,F2,0.5,20dB,A3_minus_A2,0.0001526209043873905,-0.0004290342330932617,-93,-2976
118,subject_118,2,F2,0.5,20dB,A3_minus_B4,0.0005311379634047597,-0.0027565479278564287,-6,-192
118,subject_118,2,F3,0.2,none,A3_minus_A2,-0.02110092669250463,0.009938549995422374,-55,-1760
118,subject_118,2,F3,0.2,none,A3_minus_B4,-4.987658856236976e-05,0.002141976356506356,-26,-832
118,subject_118,2,F3,0.2,20dB,A3_minus_A2,-0.03058022194951704,0.024771788597106936,-84,-2688
118,subject_118,2,F3,0.2,20dB,A3_minus_B4,0.051855118531996425,-0.021697836459408315,5,160
118,subject_118,2,F3,0.5,none,A3_minus_A2,-2.7008315267806893e-05,4.887580871582031e-06,-12,-384
118,subject_118,2,F3,0.5,none,A3_minus_B4,-2.6869941784468665e-05,4.124641418454256e-06,-1,-32
118,subject_118,2,F3,0.5,20dB,A3_minus_A2,-0.004716876180783203,0.0011982917785644531,-27,-864
118,subject_118,2,F3,0.5,20dB,A3_minus_B4,0.008533733688116385,-0.0016945600509643555,0,0
118,subject_118,2,F4,0.2,none,A3_minus_A2,-0.0019214796666773282,0.0004557609558105691,-4,-128
118,subject_118,2,F4,0.2,none,A3_minus_B4,-0.0019214796666773282,0.0004557609558105691,-4,-128
118,subject_118,2,F4,0.2,20dB,A3_minus_A2,-0.033761535209571036,0.010529494285583502,-28,-896
118,subject_118,2,F4,0.2,20dB,A3_minus_B4,0.05016509376463674,-0.012012624740600608,-6,-192
118,subject_118,2,F4,0.5,none,A3_minus_A2,-0.00019218119246744436,1.9621849060069696e-05,-1,-32
118,subject_118,2,F4,0.5,none,A3_minus_B4,-0.00019218119246744436,1.9621849060069696e-05,-1,-32
118,subject_118,2,F4,0.5,20dB,A3_minus_A2,0.0,0.0,0,0
118,subject_118,2,F4,0.5,20dB,A3_minus_B4,0.0,0.0,0,0
118,subject_118,2,F5,0.2,none,A3_minus_A2,-0.009496170498668022,0.005909337997436023,-64,-2048
118,subject_118,2,F5,0.2,none,A3_minus_B4,0.002172111957563061,0.0005064773559572827,5,160
118,subject_118,2,F5,0.2,20dB,A3_minus_A2,-0.010752947919026923,0.0057499551773060945,-98,-3136
118,subject_118,2,F5,0.2,20dB,A3_minus_B4,0.01132555637481758,-0.00464863300323462,8,256
118,subject_118,2,F5,0.5,none,A3_minus_A2,0.0006664861080061257,-0.0005607175827025274,-22,-704
118,subject_118,2,F5,0.5,none,A3_minus_B4,0.00020361909537314204,0.0002691078186034118,2,64
118,subject_118,2,F5,0.5,20dB,A3_minus_A2,-0.011951376656700319,0.0012320852279660982,-43,-1376
118,subject_118,2,F5,0.5,20dB,A3_minus_B4,0.017372943383408668,-0.002765431404114699,5,160
119,subject_119,0,F0,0.2,none,A3_minus_A2,-0.0001427699433342866,0.0003629446029663058,-70,-2240
119,subject_119,0,F0,0.2,none,A3_minus_B4,-0.0001427699433342866,0.0003629446029663058,-28,-896
119,subject_119,0,F0,0.2,20dB,A3_minus_A2,0.0004172261801649313,-0.0006177902221679681,-108,-3456
119,subject_119,0,F0,0.2,20dB,A3_minus_B4,5.006235138793613e-05,0.0010766744613647464,7,224
119,subject_119,0,F0,0.5,none,A3_minus_A2,0.0,0.0,-70,-2240
119,subject_119,0,F0,0.5,none,A3_minus_B4,0.0,0.0,-28,-896
119,subject_119,0,F0,0.5,20dB,A3_minus_A2,0.0,0.0,-80,-2560
119,subject_119,0,F0,0.5,20dB,A3_minus_B4,-2.5642777146117623e-07,-2.1457672119088583e-07,17,544
119,subject_119,0,F1,0.2,none,A3_minus_A2,-5.155979876292349e-05,7.457733154296597e-05,-66,-2112
119,subject_119,0,F1,0.2,none,A3_minus_B4,0.0006970858156378767,-0.0006381988525390597,-10,-320
119,subject_119,0,F1,0.2,20dB,A3_minus_A2,0.0002727745023207717,0.0007640361785888616,-89,-2848
119,subject_119,0,F1,0.2,20dB,A3_minus_B4,0.0002704240904023436,-0.001681900024414068,10,320
119,subject_119,0,F1,0.5,none,A3_minus_A2,0.0,0.0,-65,-2080
119,subject_119,0,F1,0.5,none,A3_minus_B4,0.0,0.0,9,288
119,subject_119,0,F1,0.5,20dB,A3_minus_A2,0.0,0.0,-77,-2464
119,subject_119,0,F1,0.5,20dB,A3_minus_B4,1.0580339964150198e-06,-2.384185791015625e-07,4,128
119,subject_119,0,F2,0.2,none,A3_minus_A2,0.0003207137565688356,-0.00119814872741697,-71,-2272
119,subject_119,0,F2,0.2,none,A3_minus_B4,1.1580424583712556e-05,3.905296325684704e-05,2,64
119,subject_119,0,F2,0.2,20dB,A3_minus_A2,0.00015340640646854808,-0.0005675554275512695,-85,-2720
119,subject_119,0,F2,0.2,20dB,A3_minus_B4,0.0001757835970064292,-0.0020399808883666826,8,256
119,subject_119,0,F2,0.5,none,A3_minus_A2,0.0,0.0,-73,-2336
119,subject_119,0,F2,0.5,none,A3_minus_B4,0.0,0.0,4,128
119,subject_119,0,F2,0.5,20dB,A3_minus_A2,-2.4187401059805325e-07,5.722045898215455e-07,-83,-2656
119,subject_119,0,F2,0.5,20dB,A3_minus_B4,-2.4187401059805325e-07,5.722045898215455e-07,-12,-384
119,subject_119,0,F3,0.2,none,A3_minus_A2,-0.07192543294344134,0.014594316482543945,-55,-1760
119,subject_119,0,F3,0.2,none,A3_minus_B4,0.05221770116978419,-0.006522989273071295,-26,-832
119,subject_119,0,F3,0.2,20dB,A3_minus_A2,-0.012962876851783989,0.012128543853759763,-67,-2144
119,subject_119,0,F3,0.2,20dB,A3_minus_B4,-0.00794871468914593,0.002713274955749509,-27,-864
119,subject_119,0,F3,0.5,none,A3_minus_A2,-0.0039010919472666217,0.0007688760757446206,-19,-608
119,subject_119,0,F3,0.5,none,A3_minus_B4,-0.00374425247100163,0.0006895780563354464,-14,-448
119,subject_119,0,F3,0.5,20dB,A3_minus_A2,-0.021017502334178317,0.004501414299011228,-47,-1504
119,subject_119,0,F3,0.5,20dB,A3_minus_B4,0.05204428441289011,-0.0051081180572509766,-18,-576
119,subject_119,0,F4,0.2,none,A3_minus_A2,0.0,0.0,0,0
119,subject_119,0,F4,0.2,none,A3_minus_B4,0.001517420364070432,-0.0003173112869262473,1,32
119,subject_119,0,F4,0.2,20dB,A3_minus_A2,-0.03752086114095832,0.009641651870683055,-25,-800
119,subject_119,0,F4,0.2,20dB,A3_minus_B4,-0.03752086114095832,0.009641651870683055,-25,-800
119,subject_119,0,F4,0.5,none,A3_minus_A2,0.0,0.0,0,0
119,subject_119,0,F4,0.5,none,A3_minus_B4,0.0,0.0,0,0
119,subject_119,0,F4,0.5,20dB,A3_minus_A2,0.0,0.0,0,0
119,subject_119,0,F4,0.5,20dB,A3_minus_B4,0.0,0.0,0,0
119,subject_119,0,F5,0.2,none,A3_minus_A2,0.002804442571161303,-0.0010124635696403261,-51,-1632
119,subject_119,0,F5,0.2,none,A3_minus_B4,0.019708240662939858,-0.007818031311033022,5,160
119,subject_119,0,F5,0.2,20dB,A3_minus_A2,-0.004979563437558454,0.006602044105531141,-76,-2432
119,subject_119,0,F5,0.2,20dB,A3_minus_B4,0.004590158303283687,-6.463050842242524e-05,-17,-544
119,subject_119,0,F5,0.5,none,A3_minus_A2,-0.026661913516996094,0.002540040016174319,-25,-800
119,subject_119,0,F5,0.5,none,A3_minus_B4,-0.02714334308593891,0.0022129297256469754,-24,-768
119,subject_119,0,F5,0.5,20dB,A3_minus_A2,-0.021762222485619986,0.002364225387572985,-39,-1248
119,subject_119,0,F5,0.5,20dB,A3_minus_B4,0.04227624505346128,-0.005070290565488925,-11,-352
119,subject_119,1,F0,0.2,none,A3_minus_A2,0.0008828509087983605,-0.0006917238235473622,-78,-2496
119,subject_119,1,F0,0.2,none,A3_minus_B4,0.0001034348416126818,0.0010310173034667972,24,768
119,subject_119,1,F0,0.2,20dB,A3_minus_A2,0.0012117098054922337,-0.0009493589401245121,-103,-3296
119,subject_119,1,F0,0.2,20dB,A3_minus_B4,-0.001205237694499317,-0.0010876178741455085,2,64
119,subject_119,1,F0,0.5,none,A3_minus_A2,0.0,0.0,-83,-2656
119,subject_119,1,F0,0.5,none,A3_minus_B4,0.0,0.0,-11,-352
119,subject_119,1,F0,0.5,20dB,A3_minus_A2,0.0,0.0,-84,-2688
119,subject_119,1,F0,0.5,20dB,A3_minus_B4,0.0,0.0,-7,-224
119,subject_119,1,F1,0.2,none,A3_minus_A2,0.0003839209559615142,-0.00010247230529784879,-70,-2240
119,subject_119,1,F1,0.2,none,A3_minus_B4,3.842620377625394e-05,0.000820970535278312,-30,-960
119,subject_119,1,F1,0.2,20dB,A3_minus_A2,1.880301620005298e-05,0.0002798080444335882,-78,-2496
119,subject_119,1,F1,0.2,20dB,A3_minus_B4,-0.0008134651430609097,0.00018916130065917136,8,256
119,subject_119,1,F1,0.5,none,A3_minus_A2,0.0,0.0,-54,-1728
119,subject_119,1,F1,0.5,none,A3_minus_B4,0.0,0.0,-14,-448
119,subject_119,1,F1,0.5,20dB,A3_minus_A2,0.0,0.0,-79,-2528
119,subject_119,1,F1,0.5,20dB,A3_minus_B4,0.0,0.0,-23,-736
119,subject_119,1,F2,0.2,none,A3_minus_A2,-6.846230026269495e-05,-0.0004559278488159013,-72,-2304
119,subject_119,1,F2,0.2,none,A3_minus_B4,-3.7672874356076136e-05,0.00015926361083984375,-18,-576
119,subject_119,1,F2,0.2,20dB,A3_minus_A2,-0.0005058565078854826,0.0005019187927245983,-81,-2592
119,subject_119,1,F2,0.2,20dB,A3_minus_B4,0.0022332052442415318,-0.005367660522460932,6,192
119,subject_119,1,F2,0.5,none,A3_minus_A2,0.0,0.0,-72,-2304
119,subject_119,1,F2,0.5,none,A3_minus_B4,0.0,0.0,-19,-608
119,subject_119,1,F2,0.5,20dB,A3_minus_A2,-0.00016456776333129142,0.0006255626678466908,-77,-2464
119,subject_119,1,F2,0.5,20dB,A3_minus_B4,-0.00016456776333129142,0.0006255626678466908,-10,-320
119,subject_119,1,F3,0.2,none,A3_minus_A2,-0.03571540469045331,0.013833141326904302,-62,-1984
119,subject_119,1,F3,0.2,none,A3_minus_B4,0.02252727810834898,-0.0006980657577514704,-30,-960
119,subject_119,1,F3,0.2,20dB,A3_minus_A2,-0.01369859564190179,0.015690492274860954,-81,-2592
119,subject_119,1,F3,0.2,20dB,A3_minus_B4,0.065828789495459,-0.02912997292494611,3,96
119,subject_119,1,F3,0.5,none,A3_minus_A2,-0.015675044810517846,0.0021630525588989258,-21,-672
119,subject_119,1,F3,0.5,none,A3_minus_B4,-0.012895754404421922,0.001807785034179693,-9,-288
119,subject_119,1,F3,0.5,20dB,A3_minus_A2,-0.013009230122554172,0.003585219383239746,-43,-1376
119,subject_119,1,F3,0.5,20dB,A3_minus_B4,-0.01148439907060883,0.0032135963439941517,-31,-992
119,subject_119,1,F4,0.2,none,A3_minus_A2,-0.019186646315993983,0.002629256248474099,-10,-320
119,subject_119,1,F4,0.2,none,A3_minus_B4,-0.017476680113261978,0.002302479743957503,-7,-224
119,subject_119,1,F4,0.2,20dB,A3_minus_A2,-0.006787790205347477,0.001957838229468878,-14,-448
119,subject_119,1,F4,0.2,20dB,A3_minus_B4,-0.0050693461051949384,0.0013430520813975944,-7,-224
119,subject_119,1,F4,0.5,none,A3_minus_A2,0.0,0.0,0,0
119,subject_119,1,F4,0.5,none,A3_minus_B4,0.0,0.0,0,0
119,subject_119,1,F4,0.5,20dB,A3_minus_A2,0.0,0.0,0,0
119,subject_119,1,F4,0.5,20dB,A3_minus_B4,0.0,0.0,0,0
119,subject_119,1,F5,0.2,none,A3_minus_A2,-0.014925789121683408,0.004229202270506251,-76,-2432
119,subject_119,1,F5,0.2,none,A3_minus_B4,0.013408574042948374,-0.00882806301117043,-3,-96
119,subject_119,1,F5,0.2,20dB,A3_minus_A2,-0.00017140781714175546,0.003155646324157692,-76,-2432
119,subject_119,1,F5,0.2,20dB,A3_minus_B4,0.0011637534090205293,-0.004682478904724792,-12,-384
119,subject_119,1,F5,0.5,none,A3_minus_A2,-0.010385960843830588,0.0006219148635864258,-50,-1600
119,subject_119,1,F5,0.5,none,A3_minus_B4,-0.004962597430125726,0.000297112464905068,-5,-160
119,subject_119,1,F5,0.5,20dB,A3_minus_A2,-0.02103906351606888,0.003907938003539967,-67,-2144
119,subject_119,1,F5,0.5,20dB,A3_minus_B4,-0.0035770793584735117,0.003609228134155984,-20,-640
119,subject_119,2,F0,0.2,none,A3_minus_A2,0.00021779411298084028,0.00033500194549560686,-71,-2272
119,subject_119,2,F0,0.2,none,A3_minus_B4,0.003726602007194657,-0.004679608345031738,-14,-448
119,subject_119,2,F0,0.2,20dB,A3_minus_A2,0.0004513219125890089,-0.001085662841796873,-71,-2272
119,subject_119,2,F0,0.2,20dB,A3_minus_B4,0.0013448027332678691,0.004048299789428712,-13,-416
119,subject_119,2,F0,0.5,none,A3_minus_A2,0.0003294682632528634,-0.00015926361083984375,-72,-2304
119,subject_119,2,F0,0.5,none,A3_minus_B4,-4.6211200427137555e-05,0.00015320777893066458,-14,-448
119,subject_119,2,F0,0.5,20dB,A3_minus_A2,0.001246794462668177,-0.0009772300720214846,-78,-2496
119,subject_119,2,F0,0.5,20dB,A3_minus_B4,0.0021052895137056993,-0.003186106681823731,-15,-480
119,subject_119,2,F1,0.2,none,A3_minus_A2,-0.002417353947617329,0.000996661186218259,-68,-2176
119,subject_119,2,F1,0.2,none,A3_minus_B4,-0.00047739110323519185,-0.0007602453231811551,-11,-352
119,subject_119,2,F1,0.2,20dB,A3_minus_A2,-0.0014968934892110042,0.003113818168640134,-75,-2400
119,subject_119,2,F1,0.2,20dB,A3_minus_B4,0.01097800470526522,0.0003955841064453153,6,192
119,subject_119,2,F1,0.5,none,A3_minus_A2,-1.1540482772076643e-05,0.00015563964843749722,-64,-2048
119,subject_119,2,F1,0.5,none,A3_minus_B4,0.0005144206128768758,-0.0004889965057373047,3,96
119,subject_119,2,F1,0.5,20dB,A3_minus_A2,-0.00020090846758691328,-0.0004975318908691378,-66,-2112
119,subject_119,2,F1,0.5,20dB,A3_minus_B4,0.0027068428641907616,-0.0038075208663940346,10,320
119,subject_119,2,F2,0.2,none,A3_minus_A2,-0.0001720310094626143,0.001415848731994629,-71,-2272
119,subject_119,2,F2,0.2,none,A3_minus_B4,-0.0019913424347706155,-0.001775765419006342,-5,-160
119,subject_119,2,F2,0.2,20dB,A3_minus_A2,-0.0012732807571431692,0.0024447202682494895,-72,-2304
119,subject_119,2,F2,0.2,20dB,A3_minus_B4,-0.000874259281259171,-0.0005612373352050781,1,32
119,subject_119,2,F2,0.5,none,A3_minus_A2,-4.349452588314762e-05,0.00023746490478515625,-69,-2208
119,subject_119,2,F2,0.5,none,A3_minus_B4,0.0007115081800730394,-0.0037699699401855524,-2,-64
119,subject_119,2,F2,0.5,20dB,A3_minus_A2,-1.1776842399058296e-06,5.121231079102673e-05,-66,-2112
119,subject_119,2,F2,0.5,20dB,A3_minus_B4,-1.1776842399058296e-06,5.121231079102673e-05,-11,-352
119,subject_119,2,F3,0.2,none,A3_minus_A2,-0.02624300255450862,0.009790873527526847,-46,-1472
119,subject_119,2,F3,0.2,none,A3_minus_B4,0.06711848773579732,-0.016320800781250006,-1,-32
119,subject_119,2,F3,0.2,20dB,A3_minus_A2,-0.007709466278932098,0.013903796511702718,-74,-2368
119,subject_119,2,F3,0.2,20dB,A3_minus_B4,0.018664964973915232,-0.008416211766190354,-30,-960
119,subject_119,2,F3,0.5,none,A3_minus_A2,-0.04345489702343386,0.006961727142333979,-28,-896
119,subject_119,2,F3,0.5,none,A3_minus_B4,0.03477598511769742,-0.0027285099029541043,-4,-128
119,subject_119,2,F3,0.5,20dB,A3_minus_A2,-0.010712747206452988,0.0030892848968505776,-34,-1088
119,subject_119,2,F3,0.5,20dB,A3_minus_B4,0.022368676767507978,-0.0030166864395141657,-17,-544
119,subject_119,2,F4,0.2,none,A3_minus_A2,-0.03437329970101999,0.00869354638853545,-21,-672
119,subject_119,2,F4,0.2,none,A3_minus_B4,0.09820675343188512,-0.014940517155117017,-1,-32
119,subject_119,2,F4,0.2,20dB,A3_minus_A2,-0.015133944538504807,0.006101171664527477,-14,-448
119,subject_119,2,F4,0.2,20dB,A3_minus_B4,0.062083301275990266,-0.019638742537212983,6,192
119,subject_119,2,F4,0.5,none,A3_minus_A2,0.0,0.0,0,0
119,subject_119,2,F4,0.5,none,A3_minus_B4,0.0,0.0,0,0
119,subject_119,2,F4,0.5,20dB,A3_minus_A2,0.0,0.0,0,0
119,subject_119,2,F4,0.5,20dB,A3_minus_B4,0.0,0.0,0,0
119,subject_119,2,F5,0.2,none,A3_minus_A2,-0.0015082794508494146,0.003113455772399472,-50,-1600
119,subject_119,2,F5,0.2,none,A3_minus_B4,0.03800054580704071,-0.009130311012268605,-11,-352
119,subject_119,2,F5,0.2,20dB,A3_minus_A2,0.004235836608614818,-0.001620612144471248,-69,-2208
119,subject_119,2,F5,0.2,20dB,A3_minus_B4,0.0021014069966724946,-0.007462062835692146,0,0
119,subject_119,2,F5,0.5,none,A3_minus_A2,-0.011153877068114326,0.0015245199203491253,-29,-928
119,subject_119,2,F5,0.5,none,A3_minus_B4,0.045871887957474655,-0.004057669639587584,0,0
119,subject_119,2,F5,0.5,20dB,A3_minus_A2,-0.009661857749211578,0.001646375656127741,-50,-1600
119,subject_119,2,F5,0.5,20dB,A3_minus_B4,0.007447225666339818,-0.0008369922637939398,-3,-96
121,subject_121,0,F0,0.2,none,A3_minus_A2,0.00016785398569396648,-0.0009264707565307621,-114,-3648
121,subject_121,0,F0,0.2,none,A3_minus_B4,3.279079905382787e-07,1.2397766113274311e-06,5,160
121,subject_121,0,F0,0.2,20dB,A3_minus_A2,0.0006945125623616377,-0.0018471717834472657,-126,-4032
121,subject_121,0,F0,0.2,20dB,A3_minus_B4,-1.1371887737254838e-05,-8.120536804199227e-05,5,160
121,subject_121,0,F0,0.5,none,A3_minus_A2,0.0,4.768371582026913e-08,-113,-3616
121,subject_121,0,F0,0.5,none,A3_minus_B4,0.0,4.768371582026913e-08,6,192
121,subject_121,0,F0,0.5,20dB,A3_minus_A2,5.262516822313046e-08,2.384185791015625e-07,-113,-3616
121,subject_121,0,F0,0.5,20dB,A3_minus_B4,5.262516822313046e-08,2.384185791015625e-07,-41,-1312
121,subject_121,0,F1,0.2,none,A3_minus_A2,-0.02766306972351984,0.0006410360336303739,-105,-3360
121,subject_121,0,F1,0.2,none,A3_minus_B4,-4.2775280206797106e-08,1.475811004639227e-05,4,128
121,subject_121,0,F1,0.2,20dB,A3_minus_A2,-0.012160599009714446,-1.0395050048822574e-05,-121,-3872
121,subject_121,0,F1,0.2,20dB,A3_minus_B4,-0.006975169854364083,0.0017866849899292048,8,256
121,subject_121,0,F1,0.5,none,A3_minus_A2,0.0,0.0,-90,-2880
121,subject_121,0,F1,0.5,none,A3_minus_B4,0.0,0.0,15,480
121,subject_121,0,F1,0.5,20dB,A3_minus_A2,0.0,0.0,-104,-3328
121,subject_121,0,F1,0.5,20dB,A3_minus_B4,0.0,0.0,-13,-416
121,subject_121,0,F2,0.2,none,A3_minus_A2,6.286135785771307e-05,-0.0015136003494262695,-111,-3552
121,subject_121,0,F2,0.2,none,A3_minus_B4,0.0,4.768371580921027e-08,-18,-576
121,subject_121,0,F2,0.2,20dB,A3_minus_A2,-7.229903580530106e-05,-0.0012011528015136719,-106,-3392
121,subject_121,0,F2,0.2,20dB,A3_minus_B4,-7.83087550360051e-09,-1.0490417480246705e-06,-3,-96
121,subject_121,0,F2,0.5,none,A3_minus_A2,0.0,0.0,-102,-3264
121,subject_121,0,F2,0.5,none,A3_minus_B4,0.0,0.0,-24,-768
121,subject_121,0,F2,0.5,20dB,A3_minus_A2,0.0,0.0,-102,-3264
121,subject_121,0,F2,0.5,20dB,A3_minus_B4,0.0,0.0,-13,-416
121,subject_121,0,F3,0.2,none,A3_minus_A2,-0.1570938646297293,0.030163575172424323,-97,-3104
121,subject_121,0,F3,0.2,none,A3_minus_B4,0.07705479025245054,-0.00755026245117188,-49,-1568
121,subject_121,0,F3,0.2,20dB,A3_minus_A2,-0.05697179554772447,0.03601601123809814,-103,-3296
121,subject_121,0,F3,0.2,20dB,A3_minus_B4,0.06991892674842859,-0.03513920307159424,2,64
121,subject_121,0,F3,0.5,none,A3_minus_A2,-0.06017545099204469,0.00764012336730957,-41,-1312
121,subject_121,0,F3,0.5,none,A3_minus_B4,0.15701857011812237,-0.009820175170898435,-19,-608
121,subject_121,0,F3,0.5,20dB,A3_minus_A2,-0.14962599525586207,0.022212171554565424,-55,-1760
121,subject_121,0,F3,0.5,20dB,A3_minus_B4,-0.022049076342263163,0.00495345592498779,-29,-928
121,subject_121,0,F4,0.2,none,A3_minus_A2,-0.15677868394604033,0.012983179246418675,-24,-768
121,subject_121,0,F4,0.2,none,A3_minus_B4,0.5526250471507481,-0.028190374220378178,-2,-64
121,subject_121,0,F4,0.2,20dB,A3_minus_A2,-0.13308186945319278,0.029823996436688677,-51,-1632
121,subject_121,0,F4,0.2,20dB,A3_minus_B4,0.1430283532294503,-0.01197926818123124,-30,-960
121,subject_121,0,F4,0.5,none,A3_minus_A2,-0.22775520423719442,0.010347437858581526,-14,-448
121,subject_121,0,F4,0.5,none,A3_minus_B4,0.16432441666547248,-0.006508874893188493,1,32
121,subject_121,0,F4,0.5,20dB,A3_minus_A2,-0.13986242776503843,0.010335373878478993,-14,-448
121,subject_121,0,F4,0.5,20dB,A3_minus_B4,0.10937427444343051,-0.0063011884689331,1,32
121,subject_121,0,F5,0.2,none,A3_minus_A2,-0.017313227624214278,0.007939276695251428,-113,-3616
121,subject_121,0,F5,0.2,none,A3_minus_B4,0.04594741727423113,-0.011698489189145712,6,192
121,subject_121,0,F5,0.2,20dB,A3_minus_A2,-0.005416418934228062,0.006835680007934997,-110,-3520
121,subject_121,0,F5,0.2,20dB,A3_minus_B4,0.0021483804460409317,0.00041519641876151814,-56,-1792
121,subject_121,0,F5,0.5,none,A3_minus_A2,-0.06707243056514756,0.006319174766538524,-59,-1888
121,subject_121,0,F5,0.5,none,A3_minus_B4,0.04823747594638306,-0.003749775886536355,-22,-704
121,subject_121,0,F5,0.5,20dB,A3_minus_A2,-0.03144644239442229,0.00611618041992211,-65,-2080
121,subject_121,0,F5,0.5,20dB,A3_minus_B4,-0.011289596859569428,0.00270162105560362,-36,-1152
121,subject_121,1,F0,0.2,none,A3_minus_A2,-0.00023470053558583004,0.0008210420608520518,-74,-2368
121,subject_121,1,F0,0.2,none,A3_minus_B4,-0.002837516558201969,0.0017577409744262695,20,640
121,subject_121,1,F0,0.2,20dB,A3_minus_A2,0.0009630984898265638,0.0004952192306518551,-93,-2976
121,subject_121,1,F0,0.2,20dB,A3_minus_B4,0.0009556200729221587,-0.0034686088562011722,14,448
121,subject_121,1,F0,0.5,none,A3_minus_A2,0.0,0.0,-75,-2400
121,subject_121,1,F0,0.5,none,A3_minus_B4,0.0,0.0,22,704
121,subject_121,1,F0,0.5,20dB,A3_minus_A2,-2.3637106494334148e-08,9.536743164097194e-08,-85,-2720
121,subject_121,1,F0,0.5,20dB,A3_minus_B4,-2.3637106494334148e-08,9.536743164097194e-08,-11,-352
121,subject_121,1,F1,0.2,none,A3_minus_A2,3.119645089810774e-06,7.629394531277756e-07,-61,-1952
121,subject_121,1,F1,0.2,none,A3_minus_B4,3.119645089810774e-06,7.629394531277756e-07,-25,-800
121,subject_121,1,F1,0.2,20dB,A3_minus_A2,-5.694806954537057e-05,-0.0027682065963745145,-79,-2528
121,subject_121,1,F1,0.2,20dB,A3_minus_B4,-4.268493124826023e-05,-0.0007243394851684515,9,288
121,subject_121,1,F1,0.5,none,A3_minus_A2,0.0,0.0,-57,-1824
121,subject_121,1,F1,0.5,none,A3_minus_B4,0.0,0.0,-21,-672
121,subject_121,1,F1,0.5,20dB,A3_minus_A2,0.0,0.0,-58,-1856
121,subject_121,1,F1,0.5,20dB,A3_minus_B4,0.0,0.0,1,32
121,subject_121,1,F2,0.2,none,A3_minus_A2,0.0,0.0,-61,-1952
121,subject_121,1,F2,0.2,none,A3_minus_B4,0.0,0.0,11,352
121,subject_121,1,F2,0.2,20dB,A3_minus_A2,5.797504192806002e-05,0.0019837141036987416,-58,-1856
121,subject_121,1,F2,0.2,20dB,A3_minus_B4,0.0016943420780872742,0.0009041070938110574,6,192
121,subject_121,1,F2,0.5,none,A3_minus_A2,0.0,0.0,-59,-1888
121,subject_121,1,F2,0.5,none,A3_minus_B4,0.0,0.0,8,256
121,subject_121,1,F2,0.5,20dB,A3_minus_A2,0.0,0.0,-72,-2304
121,subject_121,1,F2,0.5,20dB,A3_minus_B4,0.0,0.0,2,64
121,subject_121,1,F3,0.2,none,A3_minus_A2,-0.03883915427491047,0.012102863311767575,-59,-1888
121,subject_121,1,F3,0.2,none,A3_minus_B4,0.02968714875341405,0.0027636241912841752,-39,-1248
121,subject_121,1,F3,0.2,20dB,A3_minus_A2,-0.02336643633475788,0.018407368659973153,-78,-2496
121,subject_121,1,F3,0.2,20dB,A3_minus_B4,0.021211691503236096,-0.006716103553771974,-15,-480
121,subject_121,1,F3,0.5,none,A3_minus_A2,-0.01599553121552688,0.0026373147964477567,-20,-640
121,subject_121,1,F3,0.5,none,A3_minus_B4,-0.01599553121552688,0.0026373147964477567,-17,-544
121,subject_121,1,F3,0.5,20dB,A3_minus_A2,-0.015571797833692003,0.004067778587341309,-28,-896
121,subject_121,1,F3,0.5,20dB,A3_minus_B4,-0.009431099572823953,0.0003822565078735324,-16,-512
121,subject_121,1,F4,0.2,none,A3_minus_A2,-0.01758751302378414,0.002655458450317366,-16,-512
121,subject_121,1,F4,0.2,none,A3_minus_B4,0.005751440284772258,-0.00011775493621826727,-10,-320
121,subject_121,1,F4,0.2,20dB,A3_minus_A2,-0.012664657025670323,0.003948177140370712,-17,-544
121,subject_121,1,F4,0.2,20dB,A3_minus_B4,-0.008277158156513309,0.0023561370784200286,-15,-480
121,subject_121,1,F4,0.5,none,A3_minus_A2,0.0,0.0,0,0
121,subject_121,1,F4,0.5,none,A3_minus_B4,0.0,0.0,0,0
121,subject_121,1,F4,0.5,20dB,A3_minus_A2,0.0,0.0,0,0
121,subject_121,1,F4,0.5,20dB,A3_minus_B4,0.0,0.0,0,0
121,subject_121,1,F5,0.2,none,A3_minus_A2,-0.006948830970003428,0.0047040939331051135,-66,-2112
121,subject_121,1,F5,0.2,none,A3_minus_B4,-0.020871841073144992,0.0012095880508425638,-29,-928
121,subject_121,1,F5,0.2,20dB,A3_minus_A2,-0.014197838521333495,0.012623171806333912,-77,-2464
121,subject_121,1,F5,0.2,20dB,A3_minus_B4,0.011940307710851528,-0.0020781898498514195,1,32
121,subject_121,1,F5,0.5,none,A3_minus_A2,-0.029017709400299907,0.004372596740722663,-31,-992
121,subject_121,1,F5,0.5,none,A3_minus_B4,0.0469707762833842,-0.0012448549270629855,-17,-544
121,subject_121,1,F5,0.5,20dB,A3_minus_A2,-0.019853331788898032,0.004284949302673265,-58,-1856
121,subject_121,1,F5,0.5,20dB,A3_minus_B4,0.024587349308578865,-0.00638669490814206,21,672
121,subject_121,2,F0,0.2,none,A3_minus_A2,-0.0015770539867325795,0.0013293743133544929,-122,-3904
121,subject_121,2,F0,0.2,none,A3_minus_B4,-0.0015770539867325795,0.0013293743133544929,4,128
121,subject_121,2,F0,0.2,20dB,A3_minus_A2,-0.0016025442347569196,0.00248699188232422,-121,-3872
121,subject_121,2,F0,0.2,20dB,A3_minus_B4,-0.0008627600049351258,0.004937028884887696,5,160
121,subject_121,2,F0,0.5,none,A3_minus_A2,0.0,0.0,-117,-3744
121,subject_121,2,F0,0.5,none,A3_minus_B4,0.0,0.0,9,288
121,subject_121,2,F0,0.5,20dB,A3_minus_A2,0.0,0.0,-109,-3488
121,subject_121,2,F0,0.5,20dB,A3_minus_B4,0.0,0.0,-19,-608
121,subject_121,2,F1,0.2,none,A3_minus_A2,-2.5469262336486054e-05,5.660057067871649e-05,-101,-3232
121,subject_121,2,F1,0.2,none,A3_minus_B4,0.026021735419927694,-0.0005683660507202065,9,288
121,subject_121,2,F1,0.2,20dB,A3_minus_A2,-0.011088659115284116,0.0033021211624145452,-108,-3456
121,subject_121,2,F1,0.2,20dB,A3_minus_B4,-0.0003445819880099066,0.0011115550994873075,-3,-96
121,subject_121,2,F1,0.5,none,A3_minus_A2,0.0,0.0,-90,-2880
121,subject_121,2,F1,0.5,none,A3_minus_B4,0.0,0.0,14,448
121,subject_121,2,F1,0.5,20dB,A3_minus_A2,0.0,0.0,-98,-3136
121,subject_121,2,F1,0.5,20dB,A3_minus_B4,0.0,0.0,11,352
121,subject_121,2,F2,0.2,none,A3_minus_A2,0.0,0.0,-105,-3360
121,subject_121,2,F2,0.2,none,A3_minus_B4,0.0,0.0,3,96
121,subject_121,2,F2,0.2,20dB,A3_minus_A2,-9.80151932896689e-05,0.0003795862197875921,-120,-3840
121,subject_121,2,F2,0.2,20dB,A3_minus_B4,-0.00030058641057273405,0.0012545824050903265,-3,-96
121,subject_121,2,F2,0.5,none,A3_minus_A2,0.0,0.0,-102,-3264
121,subject_121,2,F2,0.5,none,A3_minus_B4,0.0,0.0,6,192
121,subject_121,2,F2,0.5,20dB,A3_minus_A2,0.0,0.0,-105,-3360
121,subject_121,2,F2,0.5,20dB,A3_minus_B4,0.0,0.0,3,96
121,subject_121,2,F3,0.2,none,A3_minus_A2,-0.2104981535064887,0.04049069881439209,-101,-3232
121,subject_121,2,F3,0.2,none,A3_minus_B4,0.0952094271678483,-0.011433959007263197,-34,-1088
121,subject_121,2,F3,0.2,20dB,A3_minus_A2,-0.06742705738447441,0.038282880070090675,-106,-3392
121,subject_121,2,F3,0.2,20dB,A3_minus_B4,0.05642346880057403,-0.02228778910410366,-32,-1024
121,subject_121,2,F3,0.5,none,A3_minus_A2,-0.12545163644616508,0.013408303260803223,-71,-2272
121,subject_121,2,F3,0.5,none,A3_minus_B4,0.06959391621726496,-0.001278948783874509,-49,-1568
121,subject_121,2,F3,0.5,20dB,A3_minus_A2,-0.05958853573650025,0.013051223754882824,-71,-2272
121,subject_121,2,F3,0.5,20dB,A3_minus_B4,0.05196488965271939,-0.0032182455062866183,-45,-1440
121,subject_121,2,F4,0.2,none,A3_minus_A2,-0.3527773851981273,0.03314195958953081,-59,-1888
121,subject_121,2,F4,0.2,none,A3_minus_B4,-0.08944665806573227,0.013485992830802818,-40,-1280
121,subject_121,2,F4,0.2,20dB,A3_minus_A2,-0.19860891704145445,0.04785850955972648,-72,-2304
121,subject_121,2,F4,0.2,20dB,A3_minus_B4,-0.01561117622016539,0.01386961562698219,-29,-928
121,subject_121,2,F4,0.5,none,A3_minus_A2,-0.09864709272753913,0.005490446090698237,-22,-704
121,subject_121,2,F4,0.5,none,A3_minus_B4,-0.09257128858195784,0.004969620704650873,-17,-544
121,subject_121,2,F4,0.5,20dB,A3_minus_A2,-0.08584389184679608,0.006597631661282299,-24,-768
121,subject_121,2,F4,0.5,20dB,A3_minus_B4,-0.08172239841728945,0.006076758591519099,-19,-608
121,subject_121,2,F5,0.2,none,A3_minus_A2,-0.039653070819941405,0.011318917274475024,-114,-3648
121,subject_121,2,F5,0.2,none,A3_minus_B4,0.03170287338663158,-0.014176068305968154,5,160
121,subject_121,2,F5,0.2,20dB,A3_minus_A2,-0.02557917195174042,0.01902722358703616,-121,-3872
121,subject_121,2,F5,0.2,20dB,A3_minus_B4,0.016418400876315076,-0.010423717498778726,5,160
121,subject_121,2,F5,0.5,none,A3_minus_A2,-0.03613276524013642,0.0042188358306885845,-91,-2912
121,subject_121,2,F5,0.5,none,A3_minus_B4,0.08862509057165724,-0.011563825607299613,-10,-320
121,subject_121,2,F5,0.5,20dB,A3_minus_A2,-0.05123267353656402,0.009338188171385833,-77,-2464
121,subject_121,2,F5,0.5,20dB,A3_minus_B4,0.0005087038142512768,-0.0008730554580697603,-28,-896
122,subject_122,0,F0,0.2,none,A3_minus_A2,-0.0017378036796635854,0.002274656295776367,-86,-2752
122,subject_122,0,F0,0.2,none,A3_minus_B4,-0.003555347987312274,0.005730867385864258,7,224
122,subject_122,0,F0,0.2,20dB,A3_minus_A2,0.001858430573133063,0.001410841941833496,-105,-3360
122,subject_122,0,F0,0.2,20dB,A3_minus_B4,-0.0015737110275644284,-0.00394129753112793,17,544
122,subject_122,0,F0,0.5,none,A3_minus_A2,0.0,0.0,-85,-2720
122,subject_122,0,F0,0.5,none,A3_minus_B4,0.0,0.0,8,256
122,subject_122,0,F0,0.5,20dB,A3_minus_A2,0.0,0.0,-114,-3648
122,subject_122,0,F0,0.5,20dB,A3_minus_B4,0.0,0.0,21,672
122,subject_122,0,F1,0.2,none,A3_minus_A2,-0.0034402545255147743,0.0010542392730713002,-76,-2432
122,subject_122,0,F1,0.2,none,A3_minus_B4,0.0008170087115217939,0.0033392906188964844,5,160
122,subject_122,0,F1,0.2,20dB,A3_minus_A2,-0.00041262516539930516,-0.0017374515533447182,-80,-2560
122,subject_122,0,F1,0.2,20dB,A3_minus_B4,0.0005729731217485323,-0.001572895050048817,7,224
122,subject_122,0,F1,0.5,none,A3_minus_A2,0.0,0.0,-76,-2432
122,subject_122,0,F1,0.5,none,A3_minus_B4,0.0,0.0,2,64
122,subject_122,0,F1,0.5,20dB,A3_minus_A2,0.0,0.0,-94,-3008
122,subject_122,0,F1,0.5,20dB,A3_minus_B4,0.0,0.0,11,352
122,subject_122,0,F2,0.2,none,A3_minus_A2,0.0022674863044400695,0.0007741451263427734,-72,-2304
122,subject_122,0,F2,0.2,none,A3_minus_B4,-0.0041628593355227395,-0.002268576622009272,-3,-96
122,subject_122,0,F2,0.2,20dB,A3_minus_A2,0.002974215713999584,0.004093575477600114,-90,-2880
122,subject_122,0,F2,0.2,20dB,A3_minus_B4,0.001075648551017494,0.0048362493515014815,18,576
122,subject_122,0,F2,0.5,none,A3_minus_A2,0.0,0.0,-72,-2304
122,subject_122,0,F2,0.5,none,A3_minus_B4,0.0,0.0,-3,-96
122,subject_122,0,F2,0.5,20dB,A3_minus_A2,6.555983685530009e-05,-0.00031247138977050226,-81,-2592
122,subject_122,0,F2,0.5,20dB,A3_minus_B4,0.0,0.0,6,192
122,subject_122,0,F3,0.2,none,A3_minus_A2,-0.03573485592886172,0.010663755019598556,-58,-1856
122,subject_122,0,F3,0.2,none,A3_minus_B4,0.1045460760225545,-0.025485508362359452,2,64
122,subject_122,0,F3,0.2,20dB,A3_minus_A2,-0.053060550135302975,0.03428940773010254,-87,-2784
122,subject_122,0,F3,0.2,20dB,A3_minus_B4,0.054206300877361,-0.027713370323181163,-7,-224
122,subject_122,0,F3,0.5,none,A3_minus_A2,-0.023359976881163647,0.004500794410705569,-26,-832
122,subject_122,0,F3,0.5,none,A3_minus_B4,0.05198651200165827,-0.005172204971313474,-3,-96
122,subject_122,0,F3,0.5,20dB,A3_minus_A2,-0.023892961586556183,0.006141638755798345,-44,-1408
122,subject_122,0,F3,0.5,20dB,A3_minus_B4,0.022559821840751226,-0.0063235044479370145,-7,-224
122,subject_122,0,F4,0.2,none,A3_minus_A2,-0.10984151616725057,0.011765007736161542,-28,-896
122,subject_122,0,F4,0.2,none,A3_minus_B4,-0.03880157505495774,0.003403477432206481,-16,-512
122,subject_122,0,F4,0.2,20dB,A3_minus_A2,-0.042039281740439804,0.012533491771477695,-36,-1152
122,subject_122,0,F4,0.2,20dB,A3_minus_B4,0.1294641998121513,-0.02179012280802156,6,192
122,subject_122,0,F4,0.5,none,A3_minus_A2,-0.08291219800049632,0.004893827438354481,-10,-320
122,subject_122,0,F4,0.5,none,A3_minus_B4,0.251643133716998,-0.010049724578857444,0,0
122,subject_122,0,F4,0.5,20dB,A3_minus_A2,-0.062269889312307924,0.005110740661621094,-11,-352
122,subject_122,0,F4,0.5,20dB,A3_minus_B4,0.12133876562753265,-0.008614873886108404,4,128
122,subject_122,0,F5,0.2,none,A3_minus_A2,-0.07085930312378608,0.020817785263061765,-80,-2560
122,subject_122,0,F5,0.2,none,A3_minus_B4,0.03204085356901132,-0.0076394796371468815,6,192
122,subject_122,0,F5,0.2,20dB,A3_minus_A2,-0.01560287496119983,0.014904570579530055,-106,-3392
122,subject_122,0,F5,0.2,20dB,A3_minus_B4,0.0012771992589506453,0.00390521526336797,-4,-128
122,subject_122,0,F5,0.5,none,A3_minus_A2,-0.034715946828576705,0.0052707862854004875,-34,-1088
122,subject_122,0,F5,0.5,none,A3_minus_B4,-0.006406689646638597,0.0013815307617189576,-5,-160
122,subject_122,0,F5,0.5,20dB,A3_minus_A2,-0.02628794710961202,0.0068081617355343,-65,-2080
122,subject_122,0,F5,0.5,20dB,A3_minus_B4,0.002173354872923028,-0.0012895774841304303,-8,-256
122,subject_122,1,F0,0.2,none,A3_minus_A2,0.002733956623252709,0.0017724275588989263,-116,-3712
122,subject_122,1,F0,0.2,none,A3_minus_B4,0.004770022748886049,0.0008788585662841799,16,512
122,subject_122,1,F0,0.2,20dB,A3_minus_A2,-0.001245933587512127,0.0004202604293823235,-117,-3744
122,subject_122,1,F0,0.2,20dB,A3_minus_B4,0.00264960351301724,0.0019315242767333988,15,480
122,subject_122,1,F0,0.5,none,A3_minus_A2,0.0,0.0,-116,-3712
122,subject_122,1,F0,0.5,none,A3_minus_B4,0.0,0.0,16,512
122,subject_122,1,F0,0.5,20dB,A3_minus_A2,0.0,0.0,-115,-3680
122,subject_122,1,F0,0.5,20dB,A3_minus_B4,0.0,0.0,17,544
122,subject_122,1,F1,0.2,none,A3_minus_A2,0.0029059857984563564,-0.0007204294204711942,-98,-3136
122,subject_122,1,F1,0.2,none,A3_minus_B4,-0.004344732151281505,-0.0006257057189941462,18,576
122,subject_122,1,F1,0.2,20dB,A3_minus_A2,-0.007985008403402105,-0.003976345062255859,-97,-3104
122,subject_122,1,F1,0.2,20dB,A3_minus_B4,-0.005358608007970389,0.0011766195297241294,21,672
122,subject_122,1,F1,0.5,none,A3_minus_A2,0.0,0.0,-101,-3232
122,subject_122,1,F1,0.5,none,A3_minus_B4,0.0,0.0,14,448
122,subject_122,1,F1,0.5,20dB,A3_minus_A2,0.00021777176731951897,-0.00031247138977050226,-97,-3104
122,subject_122,1,F1,0.5,20dB,A3_minus_B4,0.0,0.0,13,416
122,subject_122,1,F2,0.2,none,A3_minus_A2,0.003857793567174639,0.0009469985961914062,-98,-3136
122,subject_122,1,F2,0.2,none,A3_minus_B4,0.005744486627985879,-0.002564239501953114,16,512
122,subject_122,1,F2,0.2,20dB,A3_minus_A2,-0.0021253856974823293,-0.0007849216461181807,-106,-3392
122,subject_122,1,F2,0.2,20dB,A3_minus_B4,0.006459851582976128,-0.0014543294906616266,4,128
122,subject_122,1,F2,0.5,none,A3_minus_A2,0.0,0.0,-97,-3104
122,subject_122,1,F2,0.5,none,A3_minus_B4,0.0,0.0,17,544
122,subject_122,1,F2,0.5,20dB,A3_minus_A2,4.060411671957809e-05,-0.00031247138977050226,-97,-3104
122,subject_122,1,F2,0.5,20dB,A3_minus_B4,0.0,0.0,15,480
122,subject_122,1,F3,0.2,none,A3_minus_A2,-0.05700574737536712,0.01898500208783932,-92,-2944
122,subject_122,1,F3,0.2,none,A3_minus_B4,0.10754225902991621,-0.02940357780456543,-6,-192
122,subject_122,1,F3,0.2,20dB,A3_minus_A2,-0.041377513626013496,0.026413321495056152,-99,-3168
122,subject_122,1,F3,0.2,20dB,A3_minus_B4,0.10592587888505633,-0.04827058315277101,17,544
122,subject_122,1,F3,0.5,none,A3_minus_A2,-0.038877709314142805,0.005041646957397464,-30,-960
122,subject_122,1,F3,0.5,none,A3_minus_B4,0.0314151753850922,-0.003936648368835449,15,480
122,subject_122,1,F3,0.5,20dB,A3_minus_A2,-0.03393479135032962,0.007615923881530762,-64,-2048
122,subject_122,1,F3,0.5,20dB,A3_minus_B4,0.059894389904336265,-0.007342314720153814,-14,-448
122,subject_122,1,F4,0.2,none,A3_minus_A2,-0.06624372088501929,0.006369162595326605,-18,-576
122,subject_122,1,F4,0.2,none,A3_minus_B4,0.08413001631529227,-0.0067704135848478675,13,416
122,subject_122,1,F4,0.2,20dB,A3_minus_A2,-0.04809942704079617,0.012647764543515072,-40,-1280
122,subject_122,1,F4,0.2,20dB,A3_minus_B4,0.04617969628738905,-0.006421342027873006,8,256
122,subject_122,1,F4,0.5,none,A3_minus_A2,0.0,0.0,0,0
122,subject_122,1,F4,0.5,none,A3_minus_B4,0.0,0.0,0,0
122,subject_122,1,F4,0.5,20dB,A3_minus_A2,0.0,0.0,0,0
122,subject_122,1,F4,0.5,20dB,A3_minus_B4,0.008837508524113247,-0.0012489795684814398,3,96
122,subject_122,1,F5,0.2,none,A3_minus_A2,-0.044142821486552464,0.014004368782044821,-93,-2976
122,subject_122,1,F5,0.2,none,A3_minus_B4,0.07631555300770998,-0.01759441852569682,13,416
122,subject_122,1,F5,0.2,20dB,A3_minus_A2,-0.004088311128604971,0.003009681701659342,-112,-3584
122,subject_122,1,F5,0.2,20dB,A3_minus_B4,-0.004660746542484162,0.0006721258163471661,12,384
122,subject_122,1,F5,0.5,none,A3_minus_A2,-0.03352611358990032,0.005672717094421388,-50,-1600
122,subject_122,1,F5,0.5,none,A3_minus_B4,0.032593474447836,-0.0012620353698729048,17,544
122,subject_122,1,F5,0.5,20dB,A3_minus_A2,-0.02751015870401652,0.008297891616821214,-103,-3296
122,subject_122,1,F5,0.5,20dB,A3_minus_B4,0.0016178073997981102,0.003335371017456623,18,576
122,subject_122,2,F0,0.2,none,A3_minus_A2,-0.002320566825972037,0.000510096549987793,-111,-3552
122,subject_122,2,F0,0.2,none,A3_minus_B4,-0.004830689265318711,0.002635478973388672,21,672
122,subject_122,2,F0,0.2,20dB,A3_minus_A2,-0.00020052716142870963,-0.0021302938461303725,-116,-3712
122,subject_122,2,F0,0.2,20dB,A3_minus_B4,-0.0015016861447740837,-0.000820255279541016,16,512
122,subject_122,2,F0,0.5,none,A3_minus_A2,0.0,0.0,-111,-3552
122,subject_122,2,F0,0.5,none,A3_minus_B4,0.0,0.0,21,672
122,subject_122,2,F0,0.5,20dB,A3_minus_A2,6.742071253285076e-05,-0.00031247138977050747,-118,-3776
122,subject_122,2,F0,0.5,20dB,A3_minus_B4,0.0014484886999941438,-0.0037494182586669915,10,320
122,subject_122,2,F1,0.2,none,A3_minus_A2,0.0010052442895087665,8.64744186401395e-05,-86,-2752
122,subject_122,2,F1,0.2,none,A3_minus_B4,0.00282204977333933,0.00040800571441650113,11,352
122,subject_122,2,F1,0.2,20dB,A3_minus_A2,-0.011291474961748094,-0.0030204057693481445,-105,-3360
122,subject_122,2,F1,0.2,20dB,A3_minus_B4,-4.753441485405574e-05,-0.002652716636657726,-6,-192
122,subject_122,2,F1,0.5,none,A3_minus_A2,0.0,0.0,-79,-2528
122,subject_122,2,F1,0.5,none,A3_minus_B4,0.0,0.0,12,384
122,subject_122,2,F1,0.5,20dB,A3_minus_A2,0.0,0.0,-88,-2816
122,subject_122,2,F1,0.5,20dB,A3_minus_B4,0.0,0.0,22,704
122,subject_122,2,F2,0.2,none,A3_minus_A2,0.0006198135680719474,-0.0030164718627929688,-84,-2688
122,subject_122,2,F2,0.2,none,A3_minus_B4,0.007849676301990627,-0.0028821706771850475,-5,-160
122,subject_122,2,F2,0.2,20dB,A3_minus_A2,0.0016328172051114365,0.00012569427490233265,-107,-3424
122,subject_122,2,F2,0.2,20dB,A3_minus_B4,0.0017914963574146014,-0.0022795438766479437,-7,-224
122,subject_122,2,F2,0.5,none,A3_minus_A2,0.0,0.0,-83,-2656
122,subject_122,2,F2,0.5,none,A3_minus_B4,0.0,0.0,-4,-128
122,subject_122,2,F2,0.5,20dB,A3_minus_A2,7.491967747341732e-05,-0.0006151914596557728,-102,-3264
122,subject_122,2,F2,0.5,20dB,A3_minus_B4,0.0,0.0,4,128
122,subject_122,2,F3,0.2,none,A3_minus_A2,-0.07761090733042408,0.02404513359069825,-76,-2432
122,subject_122,2,F3,0.2,none,A3_minus_B4,0.1356067400272032,-0.02771957111358643,4,128
122,subject_122,2,F3,0.2,20dB,A3_minus_A2,-0.037673823762826686,0.02842140483856201,-98,-3136
122,subject_122,2,F3,0.2,20dB,A3_minus_B4,0.13257159474277103,-0.0590199203491211,1,32
122,subject_122,2,F3,0.5,none,A3_minus_A2,-0.06529963093488789,0.009444522857666005,-58,-1856
122,subject_122,2,F3,0.5,none,A3_minus_B4,0.04545797140681884,-0.003591513633728033,-20,-640
122,subject_122,2,F3,0.5,20dB,A3_minus_A2,-0.045354435027563866,0.010687828063964844,-74,-2368
122,subject_122,2,F3,0.5,20dB,A3_minus_B4,-0.0035563926702515403,0.001723003387451169,-30,-960
122,subject_122,2,F4,0.2,none,A3_minus_A2,-0.08645135689108585,0.010187652794705127,-26,-832
122,subject_122,2,F4,0.2,none,A3_minus_B4,-0.05312573913897367,0.006188393285880778,-8,-256
122,subject_122,2,F4,0.2,20dB,A3_minus_A2,-0.06936586555403679,0.02144942632394739,-44,-1408
122,subject_122,2,F4,0.2,20dB,A3_minus_B4,0.021924292879845098,-0.0031388957521595318,-8,-256
122,subject_122,2,F4,0.5,none,A3_minus_A2,-0.030222244962086364,0.0023795366287231445,-6,-192
122,subject_122,2,F4,0.5,none,A3_minus_B4,0.0024961043722449006,0.00011398792266845148,-2,-64
122,subject_122,2,F4,0.5,20dB,A3_minus_A2,-0.021604269207037063,0.0023795366287231445,-6,-192
122,subject_122,2,F4,0.5,20dB,A3_minus_B4,0.0020721555816756165,-0.000398015975952154,1,32
122,subject_122,2,F5,0.2,none,A3_minus_A2,-0.038941656488621135,0.014964814186095236,-92,-2944
122,subject_122,2,F5,0.2,none,A3_minus_B4,0.0036467128408936844,-0.001322507858277977,5,160
122,subject_122,2,F5,0.2,20dB,A3_minus_A2,-0.023818734697087507,0.01854249954223358,-98,-3136
122,subject_122,2,F5,0.2,20dB,A3_minus_B4,0.03278865074075199,-0.0228702211379984,18,576
122,subject_122,2,F5,0.5,none,A3_minus_A2,-0.030449270889484126,0.006665010452270435,-64,-2048
122,subject_122,2,F5,0.5,none,A3_minus_B4,0.051443996801801006,-0.005761585235595848,-13,-416
122,subject_122,2,F5,0.5,20dB,A3_minus_A2,-0.025150150155255346,0.007664680480956858,-83,-2656
122,subject_122,2,F5,0.5,20dB,A3_minus_B4,0.03570334903674244,-0.011198143959045656,6,192
123,subject_123,0,F0,0.2,none,A3_minus_A2,0.0008722624567170101,-0.002014946937561034,-115,-3680
123,subject_123,0,F0,0.2,none,A3_minus_B4,0.001053598280101653,0.00032608509063720807,11,352
123,subject_123,0,F0,0.2,20dB,A3_minus_A2,-0.002026349545587891,0.0021008729934692385,-120,-3840
123,subject_123,0,F0,0.2,20dB,A3_minus_B4,-0.002747290785912071,0.007808113098144531,10,320
123,subject_123,0,F0,0.5,none,A3_minus_A2,0.0,0.0,-117,-3744
123,subject_123,0,F0,0.5,none,A3_minus_B4,0.0,0.0,-2,-64
123,subject_123,0,F0,0.5,20dB,A3_minus_A2,0.0,0.0,-116,-3712
123,subject_123,0,F0,0.5,20dB,A3_minus_B4,0.0,-2.622604370118055e-07,12,384
123,subject_123,0,F1,0.2,none,A3_minus_A2,0.0015011247489660207,0.000492095947265625,-104,-3328
123,subject_123,0,F1,0.2,none,A3_minus_B4,-0.0041024969525480515,-0.003674745559692383,0,0
123,subject_123,0,F1,0.2,20dB,A3_minus_A2,0.002344567570407463,0.002659440040588379,-102,-3264
123,subject_123,0,F1,0.2,20dB,A3_minus_B4,0.002587023296607427,0.006417322158813479,11,352
123,subject_123,0,F1,0.5,none,A3_minus_A2,-0.00018466735868116757,0.0006250381469726646,-96,-3072
123,subject_123,0,F1,0.5,none,A3_minus_B4,-0.00013297933885247915,0.0009375095367431668,11,352
123,subject_123,0,F1,0.5,20dB,A3_minus_A2,0.0,0.0,-104,-3328
123,subject_123,0,F1,0.5,20dB,A3_minus_B4,0.0,0.0,0,0
123,subject_123,0,F2,0.2,none,A3_minus_A2,0.0014485557558323592,0.00011553764343261164,-97,-3104
123,subject_123,0,F2,0.2,none,A3_minus_B4,0.006772831302731319,0.0004152297973632757,10,320
123,subject_123,0,F2,0.2,20dB,A3_minus_A2,0.002338231347259523,-0.0022969484329223577,-101,-3232
123,subject_123,0,F2,0.2,20dB,A3_minus_B4,-0.003495413120479185,-0.0035866022109985185,6,192
123,subject_123,0,F2,0.5,none,A3_minus_A2,-3.110595628896817e-05,0.0006799697875976562,-87,-2784
123,subject_123,0,F2,0.5,none,A3_minus_B4,-0.00014513841383134718,0.0013401746749877874,19,608
123,subject_123,0,F2,0.5,20dB,A3_minus_A2,-0.0021344835281684738,0.0008164882659912331,-98,-3136
123,subject_123,0,F2,0.5,20dB,A3_minus_B4,-0.0022757688788495045,0.0016878604888916071,-3,-96
123,subject_123,0,F3,0.2,none,A3_minus_A2,-0.027711952552230912,0.014744536797112878,-86,-2752
123,subject_123,0,F3,0.2,none,A3_minus_B4,0.13284073528060247,-0.043653090079718196,-5,-160
123,subject_123,0,F3,0.2,20dB,A3_minus_A2,-0.03583708019935017,0.02933312626873817,-104,-3328
123,subject_123,0,F3,0.2,20dB,A3_minus_B4,0.06653700426956277,-0.04963347757711155,13,416
123,subject_123,0,F3,0.5,none,A3_minus_A2,-0.02846148865698339,0.006138610839843753,-42,-1344
123,subject_123,0,F3,0.5,none,A3_minus_B4,0.05328272232181064,-0.006649231910705572,-17,-544
123,subject_123,0,F3,0.5,20dB,A3_minus_A2,-0.050590511277619044,0.012013649940490714,-61,-1952
123,subject_123,0,F3,0.5,20dB,A3_minus_B4,0.021301536562013723,0.00038678646087646207,-33,-1056
123,subject_123,0,F4,0.2,none,A3_minus_A2,-0.06928275983056054,0.012125770824441023,-42,-1344
123,subject_123,0,F4,0.2,none,A3_minus_B4,0.03267495671745735,-0.00384735644664308,-12,-384
123,subject_123,0,F4,0.2,20dB,A3_minus_A2,-0.040228507619318066,0.01677443519734642,-43,-1376
123,subject_123,0,F4,0.2,20dB,A3_minus_B4,0.016373746612597273,-0.003141056801597375,-7,-224
123,subject_123,0,F4,0.5,none,A3_minus_A2,-0.007738104265767376,0.0009672880172729437,-7,-224
123,subject_123,0,F4,0.5,none,A3_minus_B4,-0.00269822906511763,0.0003032684326171875,-5,-160
123,subject_123,0,F4,0.5,20dB,A3_minus_A2,-0.0055696498978008435,0.0006684541702270674,-7,-224
123,subject_123,0,F4,0.5,20dB,A3_minus_B4,0.007962822864154617,-0.0011713743209838812,3,96
123,subject_123,0,F5,0.2,none,A3_minus_A2,-0.016427302863537108,0.0029992341995230265,-92,-2944
123,subject_123,0,F5,0.2,none,A3_minus_B4,0.02198235778366353,-0.006472315788269081,15,480
123,subject_123,0,F5,0.2,20dB,A3_minus_A2,-0.014390223336555152,0.013727140426634685,-109,-3488
123,subject_123,0,F5,0.2,20dB,A3_minus_B4,0.020500952352865198,-0.012687325477599737,15,480
123,subject_123,0,F5,0.5,none,A3_minus_A2,-0.010648951365393344,0.00355508327484131,-59,-1888
123,subject_123,0,F5,0.5,none,A3_minus_B4,0.0009361961845364419,0.0018710660934448953,-10,-320
123,subject_123,0,F5,0.5,20dB,A3_minus_A2,-0.011055609909126574,0.0022882032394406365,-61,-1952
123,subject_123,0,F5,0.5,20dB,A3_minus_B4,0.012679743902452856,-0.0029130935668947103,1,32
123,subject_123,1,F0,0.2,none,A3_minus_A2,-1.3084928255580053e-05,-0.002633881568908692,-108,-3456
123,subject_123,1,F0,0.2,none,A3_minus_B4,-0.05169913225116218,0.014495563507080079,24,768
123,subject_123,1,F0,0.2,20dB,A3_minus_A2,0.0009323818381403726,-0.0020030975341796854,-108,-3456
123,subject_123,1,F0,0.2,20dB,A3_minus_B4,-0.02361085273883745,0.008662438392639162,38,1216
123,subject_123,1,F0,0.5,none,A3_minus_A2,0.0,0.0,-107,-3424
123,subject_123,1,F0,0.5,none,A3_minus_B4,0.0,0.0,12,384
123,subject_123,1,F0,0.5,20dB,A3_minus_A2,0.000529434697597253,-0.0006151914596557615,-117,-3744
123,subject_123,1,F0,0.5,20dB,A3_minus_B4,0.0,0.0,4,128
123,subject_123,1,F1,0.2,none,A3_minus_A2,0.0024384673742794405,-0.002414178848266599,-90,-2880
123,subject_123,1,F1,0.2,none,A3_minus_B4,0.010760738292120209,-0.009154629707336423,4,128
123,subject_123,1,F1,0.2,20dB,A3_minus_A2,-0.003669185822857912,-0.00038557052612304965,-94,-3008
123,subject_123,1,F1,0.2,20dB,A3_minus_B4,0.001418982677996894,-0.008220338821411127,-3,-96
123,subject_123,1,F1,0.5,none,A3_minus_A2,0.0,0.0,-97,-3104
123,subject_123,1,F1,0.5,none,A3_minus_B4,0.0,0.0,-9,-288
123,subject_123,1,F1,0.5,20dB,A3_minus_A2,-3.740289908726879e-05,0.00046248435974120816,-98,-3136
123,subject_123,1,F1,0.5,20dB,A3_minus_B4,-0.0001635839590825583,0.0010874748229980358,1,32
123,subject_123,1,F2,0.2,none,A3_minus_A2,0.0004613733770710837,-0.0003355741500854492,-94,-3008
123,subject_123,1,F2,0.2,none,A3_minus_B4,0.1780926213103058,-0.014831066131591797,4,128
123,subject_123,1,F2,0.2,20dB,A3_minus_A2,0.005992174441944442,0.001250624656677246,-91,-2912
123,subject_123,1,F2,0.2,20dB,A3_minus_B4,0.12089900347684335,-0.017049312591552762,10,320
123,subject_123,1,F2,0.5,none,A3_minus_A2,0.00013198698806959897,0.000355887413024919,-86,-2752
123,subject_123,1,F2,0.5,none,A3_minus_B4,-5.453066803440265e-05,0.001517701148986833,11,352
123,subject_123,1,F2,0.5,20dB,A3_minus_A2,0.00014544967760166116,-9.429454803466797e-05,-94,-3008
123,subject_123,1,F2,0.5,20dB,A3_minus_B4,0.0010389031372319835,-0.002005171775817882,0,0
123,subject_123,1,F3,0.2,none,A3_minus_A2,-0.028087778412821507,0.018044233322143555,-82,-2624
123,subject_123,1,F3,0.2,none,A3_minus_B4,0.06151757357590526,-0.012231945991516113,-26,-832
123,subject_123,1,F3,0.2,20dB,A3_minus_A2,-0.04894245374379835,0.03665885925292968,-107,-3424
123,subject_123,1,F3,0.2,20dB,A3_minus_B4,0.08044516857931683,-0.0349210023880005,-6,-192
123,subject_123,1,F3,0.5,none,A3_minus_A2,-0.020655613258970362,0.0046541690826416016,-36,-1152
123,subject_123,1,F3,0.5,none,A3_minus_B4,0.015247280204633284,-0.0022561788558959905,-10,-320
123,subject_123,1,F3,0.5,20dB,A3_minus_A2,-0.017770140245433552,0.005275845527648926,-40,-1280
123,subject_123,1,F3,0.5,20dB,A3_minus_B4,0.022913956832031346,-0.006614804267883301,4,128
123,subject_123,1,F4,0.2,none,A3_minus_A2,-0.03630304928666561,0.007828927040100075,-33,-1056
123,subject_123,1,F4,0.2,none,A3_minus_B4,0.023208637931446674,-0.005605435371398931,-5,-160
123,subject_123,1,F4,0.2,20dB,A3_minus_A2,-0.03567042669874887,0.010640935614745023,-32,-1024
123,subject_123,1,F4,0.2,20dB,A3_minus_B4,0.011305485455901376,-0.007913325800492588,1,32
123,subject_123,1,F4,0.5,none,A3_minus_A2,-0.0022554810625106114,0.0004642009735107422,-5,-160
123,subject_123,1,F4,0.5,none,A3_minus_B4,0.002121510161654072,-8.039474487303577e-05,-1,-32
123,subject_123,1,F4,0.5,20dB,A3_minus_A2,-0.008257508949935044,0.0013286113739013894,-9,-288
123,subject_123,1,F4,0.5,20dB,A3_minus_B4,0.0076226464554167706,-0.0006921529769897405,-1,-32
123,subject_123,1,F5,0.2,none,A3_minus_A2,-0.03601268740606045,0.016784658432008465,-106,-3392
123,subject_123,1,F5,0.2,none,A3_minus_B4,0.023278185368102555,-0.008216252326963422,4,128
123,subject_123,1,F5,0.2,20dB,A3_minus_A2,-0.027768971201950876,0.02277461528778027,-105,-3360
123,subject_123,1,F5,0.2,20dB,A3_minus_B4,0.007210995131082143,-0.007958989143371661,21,672
123,subject_123,1,F5,0.5,none,A3_minus_A2,-0.015858830729023055,0.003935461044311403,-56,-1792
123,subject_123,1,F5,0.5,none,A3_minus_B4,0.0018028592781611508,0.0005364990234380113,-4,-128
123,subject_123,1,F5,0.5,20dB,A3_minus_A2,-0.016586717627282255,0.003767166137695628,-86,-2752
123,subject_123,1,F5,0.5,20dB,A3_minus_B4,0.01559692579362526,-0.002404270172119284,10,320
123,subject_123,2,F0,0.2,none,A3_minus_A2,0.0011834761138622696,-0.002312374114990234,-112,-3584
123,subject_123,2,F0,0.2,none,A3_minus_B4,0.001528835509461146,-0.004622769355773926,20,640
123,subject_123,2,F0,0.2,20dB,A3_minus_A2,-0.0004433215537069657,0.0015629291534423832,-116,-3712
123,subject_123,2,F0,0.2,20dB,A3_minus_B4,-0.001357515140981036,0.0013309955596923833,6,192
123,subject_123,2,F0,0.5,none,A3_minus_A2,0.0,0.0,-110,-3520
123,subject_123,2,F0,0.5,none,A3_minus_B4,0.0,0.0,22,704
123,subject_123,2,F0,0.5,20dB,A3_minus_A2,-1.8283462495105596e-06,4.959106445312543e-06,-110,-3520
123,subject_123,2,F0,0.5,20dB,A3_minus_B4,-1.399112757560772e-05,-4.85420227050781e-05,5,160
123,subject_123,2,F1,0.2,none,A3_minus_A2,-0.0002673230888738942,-0.00014619827270506702,-77,-2464
123,subject_123,2,F1,0.2,none,A3_minus_B4,0.0017524248644988916,-0.0037549734115600586,0,0
123,subject_123,2,F1,0.2,20dB,A3_minus_A2,-0.002179387680854461,0.001995611190795901,-100,-3200
123,subject_123,2,F1,0.2,20dB,A3_minus_B4,5.148943748523038e-05,-0.0006732463836669894,16,512
123,subject_123,2,F1,0.5,none,A3_minus_A2,0.0,0.0,-76,-2432
123,subject_123,2,F1,0.5,none,A3_minus_B4,0.0,0.0,20,640
123,subject_123,2,F1,0.5,20dB,A3_minus_A2,0.0,0.0,-79,-2528
123,subject_123,2,F1,0.5,20dB,A3_minus_B4,0.0,0.0,23,736
123,subject_123,2,F2,0.2,none,A3_minus_A2,0.00031014298561693465,0.0013447999954223633,-86,-2752
123,subject_123,2,F2,0.2,none,A3_minus_B4,-0.00011443415210798946,0.002917814254760759,0,0
123,subject_123,2,F2,0.2,20dB,A3_minus_A2,0.0003633980728601216,0.0005707740783691406,-92,-2944
123,subject_123,2,F2,0.2,20dB,A3_minus_B4,0.00021539742259690797,0.004600596427917492,9,288
123,subject_123,2,F2,0.5,none,A3_minus_A2,0.0,0.0,-86,-2752
123,subject_123,2,F2,0.5,none,A3_minus_B4,0.0,0.0,8,256
123,subject_123,2,F2,0.5,20dB,A3_minus_A2,3.9540079086464175e-06,-0.00031247138977050226,-94,-3008
123,subject_123,2,F2,0.5,20dB,A3_minus_B4,0.0,0.0,6,192
123,subject_123,2,F3,0.2,none,A3_minus_A2,-0.04387581269389074,0.020423674583435053,-58,-1856
123,subject_123,2,F3,0.2,none,A3_minus_B4,0.03974682905170823,-0.016655394554138184,14,448
123,subject_123,2,F3,0.2,20dB,A3_minus_A2,-0.02514967269485524,0.021563158988952627,-79,-2528
123,subject_123,2,F3,0.2,20dB,A3_minus_B4,0.04739516426361945,-0.030135927200317394,7,224
123,subject_123,2,F3,0.5,none,A3_minus_A2,-0.022764961424805108,0.00481781959533692,-42,-1344
123,subject_123,2,F3,0.5,none,A3_minus_B4,0.024981735785516435,-0.006286692619323728,2,64
123,subject_123,2,F3,0.5,20dB,A3_minus_A2,-0.03187152586982478,0.00939972400665283,-47,-1504
123,subject_123,2,F3,0.5,20dB,A3_minus_B4,0.009020581052377352,0.0009017467498779186,-13,-416
123,subject_123,2,F4,0.2,none,A3_minus_A2,-0.06977239690903403,0.016758694789998668,-32,-1024
123,subject_123,2,F4,0.2,none,A3_minus_B4,0.014857747228912643,-0.0005482369568386436,-5,-160
123,subject_123,2,F4,0.2,20dB,A3_minus_A2,-0.043074595763819445,0.017241736131388324,-50,-1600
123,subject_123,2,F4,0.2,20dB,A3_minus_B4,0.027817377570613644,-0.00865360118303532,8,256
123,subject_123,2,F4,0.5,none,A3_minus_A2,0.0009987008934437824,-0.00018761157989499733,-3,-96
123,subject_123,2,F4,0.5,none,A3_minus_B4,0.0009987008934437824,-0.00018761157989499733,-3,-96
123,subject_123,2,F4,0.5,20dB,A3_minus_A2,0.00046691343337634805,-0.00017943382263183039,-3,-96
123,subject_123,2,F4,0.5,20dB,A3_minus_B4,0.00046691343337634805,-0.00017943382263183039,-3,-96
123,subject_123,2,F5,0.2,none,A3_minus_A2,-0.010306711420629,0.015797452926635987,-93,-2976
123,subject_123,2,F5,0.2,none,A3_minus_B4,0.03221168655982609,-0.011838541030882499,3,96
123,subject_123,2,F5,0.2,20dB,A3_minus_A2,-0.007275112553664087,0.011071515083311036,-92,-2944
123,subject_123,2,F5,0.2,20dB,A3_minus_B4,0.016557298863855152,-0.025522480010985574,18,576
123,subject_123,2,F5,0.5,none,A3_minus_A2,-0.024499192585338392,0.00411162376403737,-46,-1472
123,subject_123,2,F5,0.5,none,A3_minus_B4,0.018401977864442642,-0.0026660203933705218,-5,-160
123,subject_123,2,F5,0.5,20dB,A3_minus_A2,-0.01031113057017663,0.004319329261779886,-81,-2592
123,subject_123,2,F5,0.5,20dB,A3_minus_B4,0.0003541396197448421,-0.0002527666091912961,7,224
124,subject_124,0,F0,0.2,none,A3_minus_A2,0.0,0.0,-103,-3296
124,subject_124,0,F0,0.2,none,A3_minus_B4,0.0,0.0,-6,-192
124,subject_124,0,F0,0.2,20dB,A3_minus_A2,-0.0009219489141543136,0.0028244018554687503,-124,-3968
124,subject_124,0,F0,0.2,20dB,A3_minus_B4,-0.0010283839735016898,0.003749656677246094,-26,-832
124,subject_124,0,F0,0.5,none,A3_minus_A2,0.0,0.0,-100,-3200
124,subject_124,0,F0,0.5,none,A3_minus_B4,0.0,0.0,-3,-96
124,subject_124,0,F0,0.5,20dB,A3_minus_A2,0.0,0.0,-100,-3200
124,subject_124,0,F0,0.5,20dB,A3_minus_B4,0.0,0.0,-3,-96
124,subject_124,0,F1,0.2,none,A3_minus_A2,4.850865309435903e-08,9.5367431640625e-07,-93,-2976
124,subject_124,0,F1,0.2,none,A3_minus_B4,4.850865309435903e-08,9.5367431640625e-07,-19,-608
124,subject_124,0,F1,0.2,20dB,A3_minus_A2,-5.2535722367963444e-05,0.00029795169830321155,-114,-3648
124,subject_124,0,F1,0.2,20dB,A3_minus_B4,-0.0003417968108756497,0.00016379356384277344,-24,-768
124,subject_124,0,F1,0.5,none,A3_minus_A2,0.0,0.0,-89,-2848
124,subject_124,0,F1,0.5,none,A3_minus_B4,0.0,0.0,-15,-480
124,subject_124,0,F1,0.5,20dB,A3_minus_A2,0.0,0.0,-88,-2816
124,subject_124,0,F1,0.5,20dB,A3_minus_B4,0.0,0.0,-15,-480
124,subject_124,0,F2,0.2,none,A3_minus_A2,0.0,0.0,-108,-3456
124,subject_124,0,F2,0.2,none,A3_minus_B4,0.0,0.0,-26,-832
124,subject_124,0,F2,0.2,20dB,A3_minus_A2,0.0009086736293983932,-0.0031101465225219505,-108,-3456
124,subject_124,0,F2,0.2,20dB,A3_minus_B4,8.16789501332238e-05,-0.0006224393844604381,-7,-224
124,subject_124,0,F2,0.5,none,A3_minus_A2,0.0,0.0,-103,-3296
124,subject_124,0,F2,0.5,none,A3_minus_B4,0.0,0.0,-24,-768
124,subject_124,0,F2,0.5,20dB,A3_minus_A2,0.0,0.0,-105,-3360
124,subject_124,0,F2,0.5,20dB,A3_minus_B4,0.0,0.0,-28,-896
124,subject_124,0,F3,0.2,none,A3_minus_A2,-0.11643739349773696,0.02588057518005371,-82,-2624
124,subject_124,0,F3,0.2,none,A3_minus_B4,0.0911864803484903,-0.011117386817932118,-31,-992
124,subject_124,0,F3,0.2,20dB,A3_minus_A2,-0.03594168217293969,0.026514911651611323,-102,-3264
124,subject_124,0,F3,0.2,20dB,A3_minus_B4,0.12559993590252816,-0.054803657531738284,-9,-288
124,subject_124,0,F3,0.5,none,A3_minus_A2,-0.18131562084314012,0.021609449386596674,-74,-2368
124,subject_124,0,F3,0.5,none,A3_minus_B4,-0.08113298765841037,0.013198208808898923,-48,-1536
124,subject_124,0,F3,0.5,20dB,A3_minus_A2,-0.10037439620454336,0.020359516143798828,-74,-2368
124,subject_124,0,F3,0.5,20dB,A3_minus_B4,0.014945266622607534,0.003554487228393563,-38,-1216
124,subject_124,0,F4,0.2,none,A3_minus_A2,-0.3923911128451394,0.0310230823999236,-54,-1728
124,subject_124,0,F4,0.2,none,A3_minus_B4,0.0513789805246212,-0.0019707743775947417,-26,-832
124,subject_124,0,F4,0.2,20dB,A3_minus_A2,-0.21712340516202744,0.050534720699286606,-77,-2464
124,subject_124,0,F4,0.2,20dB,A3_minus_B4,-0.054495631723931126,0.016670246402716804,-35,-1120
124,subject_124,0,F4,0.5,none,A3_minus_A2,-0.06180340795762618,0.004494190216064453,-15,-480
124,subject_124,0,F4,0.5,none,A3_minus_B4,0.0014563856235874084,0.0004407644271850475,-8,-256
124,subject_124,0,F4,0.5,20dB,A3_minus_A2,-0.05450293112799898,0.005157685279846197,-17,-544
124,subject_124,0,F4,0.5,20dB,A3_minus_B4,-0.011162743888931459,0.001104283332824696,-10,-320
124,subject_124,0,F5,0.2,none,A3_minus_A2,-0.0184451376071344,0.0054023694992066384,-94,-3008
124,subject_124,0,F5,0.2,none,A3_minus_B4,0.07311341945178285,-0.015360231399535351,-43,-1376
124,subject_124,0,F5,0.2,20dB,A3_minus_A2,-0.008895753452243582,0.007363162040709886,-100,-3200
124,subject_124,0,F5,0.2,20dB,A3_minus_B4,0.010319749640757436,-0.007798032760618766,-5,-160
124,subject_124,0,F5,0.5,none,A3_minus_A2,-0.057955697517943605,0.0067116451263423485,-76,-2432
124,subject_124,0,F5,0.5,none,A3_minus_B4,0.017093156752046923,0.0018278026580812665,-43,-1376
124,subject_124,0,F5,0.5,20dB,A3_minus_A2,-0.01640458249798371,0.0032371568679799637,-90,-2880
124,subject_124,0,F5,0.5,20dB,A3_minus_B4,0.017976600752668048,-0.0032936525344847978,6,192
124,subject_124,1,F0,0.2,none,A3_minus_A2,0.00021096605917847455,-0.0003124713897705092,-92,-2944
124,subject_124,1,F0,0.2,none,A3_minus_B4,0.0,0.0,-35,-1120
124,subject_124,1,F0,0.2,20dB,A3_minus_A2,0.0006345513804291159,-0.002384614944458005,-111,-3552
124,subject_124,1,F0,0.2,20dB,A3_minus_B4,0.000510693967161302,-0.0024063110351562472,-8,-256
124,subject_124,1,F0,0.5,none,A3_minus_A2,0.0,0.0,-89,-2848
124,subject_124,1,F0,0.5,none,A3_minus_B4,0.0,0.0,-32,-1024
124,subject_124,1,F0,0.5,20dB,A3_minus_A2,0.0,4.768371582048597e-08,-109,-3488
124,subject_124,1,F0,0.5,20dB,A3_minus_B4,0.0,4.768371582048597e-08,9,288
124,subject_124,1,F1,0.2,none,A3_minus_A2,0.0,0.0,-81,-2592
124,subject_124,1,F1,0.2,none,A3_minus_B4,0.0,0.0,-27,-864
124,subject_124,1,F1,0.2,20dB,A3_minus_A2,4.206894638869585e-05,-0.0010534048080444308,-99,-3168
124,subject_124,1,F1,0.2,20dB,A3_minus_B4,0.01111414125021426,-0.0023947000503539984,-1,-32
124,subject_124,1,F1,0.5,none,A3_minus_A2,0.0,0.0,-79,-2528
124,subject_124,1,F1,0.5,none,A3_minus_B4,0.0,0.0,-25,-800
124,subject_124,1,F1,0.5,20dB,A3_minus_A2,6.297779631125877e-07,2.384185791015625e-07,-96,-3072
124,subject_124,1,F1,0.5,20dB,A3_minus_B4,-5.51600185971779e-07,-5.793571472165193e-06,23,736
124,subject_124,1,F2,0.2,none,A3_minus_A2,-0.002928946149214795,-0.00015630722045895107,-88,-2816
124,subject_124,1,F2,0.2,none,A3_minus_B4,-0.0034237338302673948,0.00108389854431154,-22,-704
124,subject_124,1,F2,0.2,20dB,A3_minus_A2,-8.916565352024008e-05,-0.0005465030670165905,-89,-2848
124,subject_124,1,F2,0.2,20dB,A3_minus_B4,-0.00047524939402165955,0.0016365766525268666,5,160
124,subject_124,1,F2,0.5,none,A3_minus_A2,0.0,0.0,-86,-2752
124,subject_124,1,F2,0.5,none,A3_minus_B4,0.0,0.0,-21,-672
124,subject_124,1,F2,0.5,20dB,A3_minus_A2,0.0,0.0,-99,-3168
124,subject_124,1,F2,0.5,20dB,A3_minus_B4,0.0,0.0,-1,-32
124,subject_124,1,F3,0.2,none,A3_minus_A2,-0.03618564200753127,0.010408067703247065,-56,-1792
124,subject_124,1,F3,0.2,none,A3_minus_B4,-0.0013342614817588583,0.002593135833740226,-38,-1216
124,subject_124,1,F3,0.2,20dB,A3_minus_A2,-0.01832917517666033,0.01658562590110539,-97,-3104
124,subject_124,1,F3,0.2,20dB,A3_minus_B4,0.09237177126464857,-0.04056767056953668,-16,-512
124,subject_124,1,F3,0.5,none,A3_minus_A2,0.0,0.0,-7,-224
124,subject_124,1,F3,0.5,none,A3_minus_B4,0.0,0.0,2,64
124,subject_124,1,F3,0.5,20dB,A3_minus_A2,-0.002776936141803077,0.0010908842086791992,-33,-1056
124,subject_124,1,F3,0.5,20dB,A3_minus_B4,0.02687115409749552,-0.0045077085494995145,1,32
124,subject_124,1,F4,0.2,none,A3_minus_A2,-0.002999265304662657,0.0006559848785400446,-5,-160
124,subject_124,1,F4,0.2,none,A3_minus_B4,-0.0016024015067266362,0.0005310773849487305,1,32
124,subject_124,1,F4,0.2,20dB,A3_minus_A2,-0.05410200933183873,0.0134728910078932,-30,-960
124,subject_124,1,F4,0.2,20dB,A3_minus_B4,0.049394610889457624,-0.006543803061015485,-10,-320
124,subject_124,1,F4,0.5,none,A3_minus_A2,6.338918228721013e-05,-9.965896606456415e-06,-2,-64
124,subject_124,1,F4,0.5,none,A3_minus_B4,0.00255809686229469,-0.0003075122833252064,1,32
124,subject_124,1,F4,0.5,20dB,A3_minus_A2,-0.0017061946712164655,0.00029964447021485485,-4,-128
124,subject_124,1,F4,0.5,20dB,A3_minus_B4,0.00011987756951370443,-1.0251998901367188e-05,-2,-64
124,subject_124,1,F5,0.2,none,A3_minus_A2,-0.003824783717711,0.002906727790831967,-76,-2432
124,subject_124,1,F5,0.2,none,A3_minus_B4,0.07948846090851802,-0.021971092224120012,-3,-96
124,subject_124,1,F5,0.2,20dB,A3_minus_A2,0.0006833818027551786,0.006111512184141243,-112,-3584
124,subject_124,1,F5,0.2,20dB,A3_minus_B4,0.004664651101251138,-0.002272648811338665,21,672
124,subject_124,1,F5,0.5,none,A3_minus_A2,0.0004230576901207428,-0.00016489982604976638,-48,-1536
124,subject_124,1,F5,0.5,none,A3_minus_B4,-0.007889282420556754,0.0009714746475220082,-25,-800
124,subject_124,1,F5,0.5,20dB,A3_minus_A2,-0.02103974020050181,0.0036150074005135563,-59,-1888
124,subject_124,1,F5,0.5,20dB,A3_minus_B4,0.032379415201683415,-0.003111128807067043,-15,-480
124,subject_124,2,F0,0.2,none,A3_minus_A2,0.0,0.0,-105,-3360
124,subject_124,2,F0,0.2,none,A3_minus_B4,0.000683776251221957,0.0003026962280273434,-9,-288
124,subject_124,2,F0,0.2,20dB,A3_minus_A2,-0.0002786300626205218,0.0019153594970703139,-98,-3136
124,subject_124,2,F0,0.2,20dB,A3_minus_B4,0.00309242388694031,-0.007055354118347165,16,512
124,subject_124,2,F0,0.5,none,A3_minus_A2,0.0,0.0,-103,-3296
124,subject_124,2,F0,0.5,none,A3_minus_B4,0.0,0.0,-7,-224
124,subject_124,2,F0,0.5,20dB,A3_minus_A2,0.0,0.0,-117,-3744
124,subject_124,2,F0,0.5,20dB,A3_minus_B4,0.0,0.0,19,608
124,subject_124,2,F1,0.2,none,A3_minus_A2,0.0005954784920518819,-0.0006249904632568415,-95,-3040
124,subject_124,2,F1,0.2,none,A3_minus_B4,0.0,0.0,1,32
124,subject_124,2,F1,0.2,20dB,A3_minus_A2,-0.007131632420325218,0.0001615524291992132,-97,-3104
124,subject_124,2,F1,0.2,20dB,A3_minus_B4,0.0009395222990242758,-0.0011267662048339844,-3,-96
124,subject_124,2,F1,0.5,none,A3_minus_A2,0.0,0.0,-95,-3040
124,subject_124,2,F1,0.5,none,A3_minus_B4,0.0,0.0,-2,-64
124,subject_124,2,F1,0.5,20dB,A3_minus_A2,0.0,0.0,-98,-3136
124,subject_124,2,F1,0.5,20dB,A3_minus_B4,0.0,0.0,-1,-32
124,subject_124,2,F2,0.2,none,A3_minus_A2,-8.837537777139914e-05,-0.00031247138977050226,-102,-3264
124,subject_124,2,F2,0.2,none,A3_minus_B4,0.0,0.0,-8,-256
124,subject_124,2,F2,0.2,20dB,A3_minus_A2,-0.0005754031524602965,0.0031222820281982533,-91,-2912
124,subject_124,2,F2,0.2,20dB,A3_minus_B4,-0.0005226253636685385,0.004583334922790533,2,64
124,subject_124,2,F2,0.5,none,A3_minus_A2,0.0,0.0,-102,-3264
124,subject_124,2,F2,0.5,none,A3_minus_B4,0.0,0.0,-8,-256
124,subject_124,2,F2,0.5,20dB,A3_minus_A2,0.0,0.0,-95,-3040
124,subject_124,2,F2,0.5,20dB,A3_minus_B4,0.0,0.0,-1,-32
124,subject_124,2,F3,0.2,none,A3_minus_A2,-0.04450240445917686,0.01666991710662842,-53,-1696
124,subject_124,2,F3,0.2,none,A3_minus_B4,-0.020503488475217324,0.010222053527832037,-32,-1024
124,subject_124,2,F3,0.2,20dB,A3_minus_A2,-0.0451291460931138,0.03627293109893799,-90,-2880
124,subject_124,2,F3,0.2,20dB,A3_minus_B4,0.01380211835346401,-0.004153585433959953,-22,-704
124,subject_124,2,F3,0.5,none,A3_minus_A2,-0.010797225592082071,0.0010634660720825195,-22,-704
124,subject_124,2,F3,0.5,none,A3_minus_B4,-0.010797225592082071,0.0010634660720825195,-17,-544
124,subject_124,2,F3,0.5,20dB,A3_minus_A2,-0.03085484810422301,0.006217145919799799,-37,-1184
124,subject_124,2,F3,0.5,20dB,A3_minus_B4,-0.029327801901885664,0.005899715423583987,-31,-992
124,subject_124,2,F4,0.2,none,A3_minus_A2,-0.06472361510262203,0.007621379709281978,-22,-704
124,subject_124,2,F4,0.2,none,A3_minus_B4,-0.02649154219890093,0.0047439311135435425,-10,-320
124,subject_124,2,F4,0.2,20dB,A3_minus_A2,-0.0509164025655231,0.013461465192438654,-38,-1216
124,subject_124,2,F4,0.2,20dB,A3_minus_B4,0.018211044971195633,-0.002123894499119705,-12,-384
124,subject_124,2,F4,0.5,none,A3_minus_A2,-0.032780431876616944,0.0020109653472900335,-5,-160
124,subject_124,2,F4,0.5,none,A3_minus_B4,-0.019765420830665903,0.0007619857788085938,-2,-64
124,subject_124,2,F4,0.5,20dB,A3_minus_A2,-0.022207544637064203,0.0020109653472900613,-5,-160
124,subject_124,2,F4,0.5,20dB,A3_minus_B4,0.025842515008875466,-0.001641130447387673,0,0
124,subject_124,2,F5,0.2,none,A3_minus_A2,-0.03471904647806667,0.009731426239012825,-78,-2496
124,subject_124,2,F5,0.2,none,A3_minus_B4,-0.024564295021175298,0.007926692962646524,0,0
124,subject_124,2,F5,0.2,20dB,A3_minus_A2,-0.000586837643030691,0.004558911323547049,-119,-3808
124,subject_124,2,F5,0.2,20dB,A3_minus_B4,0.009780974935562625,-0.012521467208862616,0,0
124,subject_124,2,F5,0.5,none,A3_minus_A2,-0.0009832843815757997,-2.9230117797492128e-05,-21,-672
124,subject_124,2,F5,0.5,none,A3_minus_B4,0.008509003726267395,-0.0003982019424434158,0,0
124,subject_124,2,F5,0.5,20dB,A3_minus_A2,-0.02881855134809541,0.007770876884460695,-69,-2208
124,subject_124,2,F5,0.5,20dB,A3_minus_B4,-0.004269446763228046,0.003241949081421676,-20,-640
200,subject_200,0,F0,0.2,none,A3_minus_A2,-0.0006007714330955594,-0.0018922567367553704,-56,-1792
200,subject_200,0,F0,0.2,none,A3_minus_B4,0.007594365888742516,-0.004877066612243651,4,128
200,subject_200,0,F0,0.2,20dB,A3_minus_A2,0.0036341394787946513,-0.0028085470199584964,-83,-2656
200,subject_200,0,F0,0.2,20dB,A3_minus_B4,0.0008320750544008604,-0.004996275901794434,8,256
200,subject_200,0,F0,0.5,none,A3_minus_A2,0.0,0.0,-56,-1792
200,subject_200,0,F0,0.5,none,A3_minus_B4,0.0021030151815075726,0.00030272006988525365,4,128
200,subject_200,0,F0,0.5,20dB,A3_minus_A2,0.0007927483889780262,-0.00039591789245605434,-83,-2656
200,subject_200,0,F0,0.5,20dB,A3_minus_B4,0.0007353569315373676,-0.00043196678161621076,-6,-192
200,subject_200,0,F1,0.2,none,A3_minus_A2,-0.014978845637351412,0.0012801170349120983,-47,-1504
200,subject_200,0,F1,0.2,none,A3_minus_B4,-0.003935854599383504,-0.0018190860748291127,1,32
200,subject_200,0,F1,0.2,20dB,A3_minus_A2,-0.03350319934912349,0.00032124519348145086,-60,-1920
200,subject_200,0,F1,0.2,20dB,A3_minus_B4,0.023662047885064652,-0.0020604372024536077,5,160
200,subject_200,0,F1,0.5,none,A3_minus_A2,0.0,0.0,-43,-1376
200,subject_200,0,F1,0.5,none,A3_minus_B4,0.0,0.0,3,96
200,subject_200,0,F1,0.5,20dB,A3_minus_A2,0.0,0.0,-44,-1408
200,subject_200,0,F1,0.5,20dB,A3_minus_B4,0.0,0.0,8,256
200,subject_200,0,F2,0.2,none,A3_minus_A2,0.00633693125552881,0.0011636495590210127,-60,-1920
200,subject_200,0,F2,0.2,none,A3_minus_B4,0.006651401466442053,-0.00025670528411864124,1,32
200,subject_200,0,F2,0.2,20dB,A3_minus_A2,0.0011675529344170599,-0.00023224353790282648,-68,-2176
200,subject_200,0,F2,0.2,20dB,A3_minus_B4,0.0008946454097795709,-0.002091097831726063,-6,-192
200,subject_200,0,F2,0.5,none,A3_minus_A2,0.00048211279841581245,0.000469207763671875,-59,-1888
200,subject_200,0,F2,0.5,none,A3_minus_B4,0.0005424298013405604,0.0007816791534423773,-1,-32
200,subject_200,0,F2,0.5,20dB,A3_minus_A2,-0.0007310339593740167,-0.0003026723861694336,-71,-2272
200,subject_200,0,F2,0.5,20dB,A3_minus_B4,-0.0007310986258346475,-0.00030288696289063055,-3,-96
200,subject_200,0,F3,0.2,none,A3_minus_A2,-0.025802526562735295,0.011753463745117196,-39,-1248
200,subject_200,0,F3,0.2,none,A3_minus_B4,-0.001742745632192566,-0.003520965576171875,-10,-320
200,subject_200,0,F3,0.2,20dB,A3_minus_A2,-0.016781804600476846,0.01774783134460449,-58,-1856
200,subject_200,0,F3,0.2,20dB,A3_minus_B4,0.02491317208947308,-0.010945796966552734,-16,-512
200,subject_200,0,F3,0.5,none,A3_minus_A2,-0.01678576824148692,0.002222728729248044,-13,-416
200,subject_200,0,F3,0.5,none,A3_minus_B4,0.03978268858239531,-0.003870892524719241,0,0
200,subject_200,0,F3,0.5,20dB,A3_minus_A2,-0.007337087619760041,0.002494978904724124,-16,-512
200,subject_200,0,F3,0.5,20dB,A3_minus_B4,0.03977967371399593,-0.006685042381286629,1,32
200,subject_200,0,F4,0.2,none,A3_minus_A2,-0.04263269157397431,0.006681299209594732,-13,-416
200,subject_200,0,F4,0.2,none,A3_minus_B4,-0.0023875976820662004,0.00039317607879638117,-1,-32
200,subject_200,0,F4,0.2,20dB,A3_minus_A2,-0.014924004620176845,0.004736938092697346,-14,-448
200,subject_200,0,F4,0.2,20dB,A3_minus_B4,0.0337620770080278,-0.007176647570144468,-6,-192
200,subject_200,0,F4,0.5,none,A3_minus_A2,0.0,0.0,0,0
200,subject_200,0,F4,0.5,none,A3_minus_B4,0.0,0.0,0,0
200,subject_200,0,F4,0.5,20dB,A3_minus_A2,-0.031301392705893605,0.002551960945129411,-4,-128
200,subject_200,0,F4,0.5,20dB,A3_minus_B4,-0.031301392705893605,0.002551960945129411,-4,-128
200,subject_200,0,F5,0.2,none,A3_minus_A2,-0.00540844744876523,0.002564001083374026,-49,-1568
200,subject_200,0,F5,0.2,none,A3_minus_B4,0.0010597778398171442,-0.001567597389221298,-2,-64
200,subject_200,0,F5,0.2,20dB,A3_minus_A2,-0.0022157614387126046,0.006199321746824901,-54,-1728
200,subject_200,0,F5,0.2,20dB,A3_minus_B4,0.003407351975379669,-0.006335840225220032,-3,-96
200,subject_200,0,F5,0.5,none,A3_minus_A2,-0.013915680558405086,0.0022847175598144503,-13,-416
200,subject_200,0,F5,0.5,none,A3_minus_B4,0.01323988610033311,-0.0020610809326171847,-3,-96
200,subject_200,0,F5,0.5,20dB,A3_minus_A2,0.0010826434728716805,0.0012402296066280627,-26,-832
200,subject_200,0,F5,0.5,20dB,A3_minus_B4,0.011569145901646039,-0.004281048774719132,13,416
200,subject_200,1,F0,0.2,none,A3_minus_A2,-0.14433164924476927,0.009477329254150388,-50,-1600
200,subject_200,1,F0,0.2,none,A3_minus_B4,-0.27196865701732165,0.02182736396789551,8,256
200,subject_200,1,F0,0.2,20dB,A3_minus_A2,-0.2774326358912358,0.02112045288085937,-42,-1344
200,subject_200,1,F0,0.2,20dB,A3_minus_B4,-0.7495940089742046,0.09040358066558837,30,960
200,subject_200,1,F0,0.5,none,A3_minus_A2,-6.871601465618937e-05,-0.00031247138977050573,-41,-1312
200,subject_200,1,F0,0.5,none,A3_minus_B4,0.0,0.0,-13,-416
200,subject_200,1,F0,0.5,20dB,A3_minus_A2,-0.0008811775117951726,-1.4305114746232528e-07,-55,-1760
200,subject_200,1,F0,0.5,20dB,A3_minus_B4,-0.0009059542491858252,0.0006248474121093757,-2,-64
200,subject_200,1,F1,0.2,none,A3_minus_A2,-0.2930447368542417,0.015066194534301774,-36,-1152
200,subject_200,1,F1,0.2,none,A3_minus_B4,-0.5022196884456633,0.032241678237915045,4,128
200,subject_200,1,F1,0.2,20dB,A3_minus_A2,-0.11383233043040519,0.014391350746154802,-53,-1696
200,subject_200,1,F1,0.2,20dB,A3_minus_B4,-0.08258874707130559,0.012122154235839844,14,448
200,subject_200,1,F1,0.5,none,A3_minus_A2,7.81547495734003e-05,0.00023436546325683594,-41,-1312
200,subject_200,1,F1,0.5,none,A3_minus_B4,-0.0002892707938979555,0.0005468368530273521,-5,-160
200,subject_200,1,F1,0.5,20dB,A3_minus_A2,0.0,0.0,-57,-1824
200,subject_200,1,F1,0.5,20dB,A3_minus_B4,0.0,0.0,-8,-256
200,subject_200,1,F2,0.2,none,A3_minus_A2,-0.017519941598273192,0.012126159667968761,-58,-1856
200,subject_200,1,F2,0.2,none,A3_minus_B4,0.6911870156749771,-0.056592464447021484,-20,-640
200,subject_200,1,F2,0.2,20dB,A3_minus_A2,-0.016252522085887122,0.003085446357727062,-50,-1600
200,subject_200,1,F2,0.2,20dB,A3_minus_B4,0.4716335338759805,-0.04013307094573976,0,0
200,subject_200,1,F2,0.5,none,A3_minus_A2,0.0007555114798112328,-0.0005646705627441462,-39,-1248
200,subject_200,1,F2,0.5,none,A3_minus_B4,0.0007247769756695277,-0.0002521991729736439,-5,-160
200,subject_200,1,F2,0.5,20dB,A3_minus_A2,-0.0006122560730634774,0.0007570266723632701,-51,-1632
200,subject_200,1,F2,0.5,20dB,A3_minus_B4,-0.0006122560730634774,0.0007570266723632701,3,96
200,subject_200,1,F3,0.2,none,A3_minus_A2,-0.2978611036719627,0.02308771610260009,-30,-960
200,subject_200,1,F3,0.2,none,A3_minus_B4,-0.43392100571651326,0.02648675441741942,-9,-288
200,subject_200,1,F3,0.2,20dB,A3_minus_A2,-0.1108430771689406,0.024249691602169915,-48,-1536
200,subject_200,1,F3,0.2,20dB,A3_minus_B4,-0.056895488151674556,-0.006419525146484362,3,96
200,subject_200,1,F3,0.5,none,A3_minus_A2,-0.011614452898699668,0.0031622648239135742,-24,-768
200,subject_200,1,F3,0.5,none,A3_minus_B4,0.006303297882340075,-0.0011558055877685658,-11,-352
200,subject_200,1,F3,0.5,20dB,A3_minus_A2,-0.007856041916307177,0.003385567665100092,-28,-896
200,subject_200,1,F3,0.5,20dB,A3_minus_B4,0.003183633733248925,-0.0002763509750366294,-15,-480
200,subject_200,1,F4,0.2,none,A3_minus_A2,-0.299972533787944,0.022394537925720215,-18,-576
200,subject_200,1,F4,0.2,none,A3_minus_B4,-0.7497038896762973,0.02778470822146506,7,224
200,subject_200,1,F4,0.2,20dB,A3_minus_A2,-0.06383072028716086,0.017775159350913672,-36,-1152
200,subject_200,1,F4,0.2,20dB,A3_minus_B4,0.04570217965926915,-0.010736071321501228,-2,-64
200,subject_200,1,F4,0.5,none,A3_minus_A2,-0.004973637601294101,0.0007810354232788141,-2,-64
200,subject_200,1,F4,0.5,none,A3_minus_B4,-0.004973637601294101,0.0007810354232788141,-2,-64
200,subject_200,1,F4,0.5,20dB,A3_minus_A2,-0.06930258504522868,0.006051087379455589,-14,-448
200,subject_200,1,F4,0.5,20dB,A3_minus_B4,0.030217313908066146,-0.001304578781127913,2,64
200,subject_200,1,F5,0.2,none,A3_minus_A2,-0.13847835763941418,0.00956338882446292,-32,-1024
200,subject_200,1,F5,0.2,none,A3_minus_B4,-0.5573397079010114,0.04602467060089149,17,544
200,subject_200,1,F5,0.2,20dB,A3_minus_A2,-0.1793441209213107,0.015128884315490518,-48,-1536
200,subject_200,1,F5,0.2,20dB,A3_minus_B4,-0.6182092163369717,0.057008538246154934,31,992
200,subject_200,1,F5,0.5,none,A3_minus_A2,-0.012154904354627405,0.0012506532669064457,-26,-832
200,subject_200,1,F5,0.5,none,A3_minus_B4,-0.0034742894657142642,0.0006605672836293708,-7,-224
200,subject_200,1,F5,0.5,20dB,A3_minus_A2,-0.011928864882564838,0.002213926315307896,-32,-1024
200,subject_200,1,F5,0.5,20dB,A3_minus_B4,0.00022789976169157455,-0.0017062520980836438,7,224
200,subject_200,2,F0,0.2,none,A3_minus_A2,0.002812496165585543,-0.0036888360977172865,-93,-2976
200,subject_200,2,F0,0.2,none,A3_minus_B4,-1.2044345764140374,0.03874926567077636,21,672
200,subject_200,2,F0,0.2,20dB,A3_minus_A2,-0.0021642765999274616,0.004861974716186523,-129,-4128
200,subject_200,2,F0,0.2,20dB,A3_minus_B4,-0.0023277598054569637,0.00396888256072998,17,544
200,subject_200,2,F0,0.5,none,A3_minus_A2,-0.028741580972393876,0.0028033733367919924,-102,-3264
200,subject_200,2,F0,0.5,none,A3_minus_B4,-0.04950756901395437,0.005615830421447754,12,384
200,subject_200,2,F0,0.5,20dB,A3_minus_A2,-0.0010058564176027573,0.0010033130645751953,-128,-4096
200,subject_200,2,F0,0.5,20dB,A3_minus_B4,-0.0012482075549051785,0.001940774917602539,14,448
200,subject_200,2,F1,0.2,none,A3_minus_A2,-0.5860243546150308,0.02677333354949951,-79,-2528
200,subject_200,2,F1,0.2,none,A3_minus_B4,-0.31288649031288074,0.009191155433654785,17,544
200,subject_200,2,F1,0.2,20dB,A3_minus_A2,-0.012918697035338766,0.009400486946105957,-107,-3424
200,subject_200,2,F1,0.2,20dB,A3_minus_B4,0.18214559960967946,-0.019103598594665525,-1,-32
200,subject_200,2,F1,0.5,none,A3_minus_A2,0.0,0.0,-76,-2432
200,subject_200,2,F1,0.5,none,A3_minus_B4,0.0,0.0,15,480
200,subject_200,2,F1,0.5,20dB,A3_minus_A2,1.0791007714061607e-06,3.814697265569489e-07,-103,-3296
200,subject_200,2,F1,0.5,20dB,A3_minus_B4,0.0741343017870193,-0.003752207756042486,10,320
200,subject_200,2,F2,0.2,none,A3_minus_A2,0.008984320222360509,-0.0012633562088012473,-79,-2528
200,subject_200,2,F2,0.2,none,A3_minus_B4,0.06916504775563226,-0.0025761842727661244,11,352
200,subject_200,2,F2,0.2,20dB,A3_minus_A2,-0.0024866749593570603,0.0022387742996215765,-106,-3392
200,subject_200,2,F2,0.2,20dB,A3_minus_B4,0.1916792926479438,-0.02324771881103513,14,448
200,subject_200,2,F2,0.5,none,A3_minus_A2,0.0,0.0,-80,-2560
200,subject_200,2,F2,0.5,none,A3_minus_B4,0.0,0.0,9,288
200,subject_200,2,F2,0.5,20dB,A3_minus_A2,-2.0117260213226018e-07,4.768371580921027e-08,-109,-3488
200,subject_200,2,F2,0.5,20dB,A3_minus_B4,0.30568995376153296,-0.021249890327453613,7,224
200,subject_200,2,F3,0.2,none,A3_minus_A2,-0.04535303605736729,0.0128735065460205,-49,-1568
200,subject_200,2,F3,0.2,none,A3_minus_B4,0.7002049022967078,-0.039284300804138195,-13,-416
200,subject_200,2,F3,0.2,20dB,A3_minus_A2,-0.1015179974919036,0.04280375576019288,-101,-3232
200,subject_200,2,F3,0.2,20dB,A3_minus_B4,0.13683497649550347,-0.020849164962768563,-27,-864
200,subject_200,2,F3,0.5,none,A3_minus_A2,-0.003848126970083854,0.0007138967514038058,-16,-512
200,subject_200,2,F3,0.5,none,A3_minus_B4,0.011975581130567292,-0.0020291805267333984,-2,-64
200,subject_200,2,F3,0.5,20dB,A3_minus_A2,-0.014734712756967028,0.004296972274780278,-39,-1248
200,subject_200,2,F3,0.5,20dB,A3_minus_B4,0.0022686613278981582,7.488250732422264e-05,-14,-448
200,subject_200,2,F4,0.2,none,A3_minus_A2,-0.0431216445200171,0.00445354631117989,-11,-352
200,subject_200,2,F4,0.2,none,A3_minus_B4,-0.615316795886816,0.01980984857253243,3,96
200,subject_200,2,F4,0.2,20dB,A3_minus_A2,-0.22785898385021142,0.021207127331653114,-36,-1152
200,subject_200,2,F4,0.2,20dB,A3_minus_B4,-0.3552260814237158,0.03245691459333286,-23,-736
200,subject_200,2,F4,0.5,none,A3_minus_A2,-0.12618308538219125,0.005507707595825195,-4,-128
200,subject_200,2,F4,0.5,none,A3_minus_B4,-0.08099708539486983,0.003945183753967296,2,64
200,subject_200,2,F4,0.5,20dB,A3_minus_A2,-0.00976315330861155,0.0009680747985839622,-3,-96
200,subject_200,2,F4,0.5,20dB,A3_minus_B4,-0.005647009438657591,0.0005566358566284069,-2,-64
200,subject_200,2,F5,0.2,none,A3_minus_A2,-0.015832137243577904,0.004249830245970365,-57,-1824
200,subject_200,2,F5,0.2,none,A3_minus_B4,0.005530753144515899,-0.00616247177124158,3,96
200,subject_200,2,F5,0.2,20dB,A3_minus_A2,-0.008469400306953645,0.008178310394287,-112,-3584
200,subject_200,2,F5,0.2,20dB,A3_minus_B4,-0.00464302563745278,0.0012223243713382487,16,512
200,subject_200,2,F5,0.5,none,A3_minus_A2,-0.009899643292623495,0.0008117294311523054,-31,-992
200,subject_200,2,F5,0.5,none,A3_minus_B4,-0.07308388970378132,0.0047388172149657876,-10,-320
200,subject_200,2,F5,0.5,20dB,A3_minus_A2,-0.005342754613621992,0.0019686555862413954,-58,-1856
200,subject_200,2,F5,0.5,20dB,A3_minus_B4,-0.09958672256450996,0.006558895111084505,-1,-32
201,subject_201_202,0,F0,0.2,none,A3_minus_A2,-0.0006071924065622625,-0.0010128498077392571,-60,-1920
201,subject_201_202,0,F0,0.2,none,A3_minus_B4,-0.006831337696361572,-0.002446579933166503,13,416
201,subject_201_202,0,F0,0.2,20dB,A3_minus_A2,-0.00209749842963447,0.0023893356323242184,-85,-2720
201,subject_201_202,0,F0,0.2,20dB,A3_minus_B4,-0.00044757612534951363,0.004307413101196289,14,448
201,subject_201_202,0,F0,0.5,none,A3_minus_A2,0.0,0.0,-57,-1824
201,subject_201_202,0,F0,0.5,none,A3_minus_B4,0.0,0.0,6,192
201,subject_201_202,0,F0,0.5,20dB,A3_minus_A2,0.0,0.0,-78,-2496
201,subject_201_202,0,F0,0.5,20dB,A3_minus_B4,0.0,0.0,4,128
201,subject_201_202,0,F1,0.2,none,A3_minus_A2,-0.01979422788368268,-0.0005202770233154325,-56,-1792
201,subject_201_202,0,F1,0.2,none,A3_minus_B4,-0.01443832220063257,-0.0004194736480712946,4,128
201,subject_201_202,0,F1,0.2,20dB,A3_minus_A2,0.0005793460575453935,-0.003107571601867684,-71,-2272
201,subject_201_202,0,F1,0.2,20dB,A3_minus_B4,0.000405378144570534,0.0009336233139038003,27,864
201,subject_201_202,0,F1,0.5,none,A3_minus_A2,0.0,0.0,-30,-960
201,subject_201_202,0,F1,0.5,none,A3_minus_B4,0.0,0.0,-27,-864
201,subject_201_202,0,F1,0.5,20dB,A3_minus_A2,0.0,0.0,-77,-2464
201,subject_201_202,0,F1,0.5,20dB,A3_minus_B4,0.0,0.0,6,192
201,subject_201_202,0,F2,0.2,none,A3_minus_A2,-0.032014089055088846,0.00173084735870363,-59,-1888
201,subject_201_202,0,F2,0.2,none,A3_minus_B4,-0.03213960054917564,0.003280854225158697,3,96
201,subject_201_202,0,F2,0.2,20dB,A3_minus_A2,-0.016893038114796255,0.002251148223876953,-67,-2144
201,subject_201_202,0,F2,0.2,20dB,A3_minus_B4,-0.009440847684777154,0.0031129121780395508,14,448
201,subject_201_202,0,F2,0.5,none,A3_minus_A2,0.0,0.0,-55,-1760
201,subject_201_202,0,F2,0.5,none,A3_minus_B4,0.0,0.0,-20,-640
201,subject_201_202,0,F2,0.5,20dB,A3_minus_A2,0.0,0.0,-66,-2112
201,subject_201_202,0,F2,0.5,20dB,A3_minus_B4,0.0,0.0,24,768
201,subject_201_202,0,F3,0.2,none,A3_minus_A2,-0.04765189336182374,0.014893306984784582,-46,-1472
201,subject_201_202,0,F3,0.2,none,A3_minus_B4,0.07896775308081061,-0.014760493740317696,-1,-32
201,subject_201_202,0,F3,0.2,20dB,A3_minus_A2,-0.02097128668638959,0.024994611740112305,-82,-2624
201,subject_201_202,0,F3,0.2,20dB,A3_minus_B4,0.014494730313757032,0.0017082452774047907,-36,-1152
201,subject_201_202,0,F3,0.5,none,A3_minus_A2,0.0,0.0,-4,-128
201,subject_201_202,0,F3,0.5,none,A3_minus_B4,0.004455756906736497,-0.0006398200988769615,-1,-32
201,subject_201_202,0,F3,0.5,20dB,A3_minus_A2,0.0,0.0,-5,-160
201,subject_201_202,0,F3,0.5,20dB,A3_minus_B4,0.0,0.0,2,64
201,subject_201_202,0,F4,0.2,none,A3_minus_A2,-0.029156088223722065,0.005617622209556944,-15,-480
201,subject_201_202,0,F4,0.2,none,A3_minus_B4,0.019144510722927777,-0.003163565801612478,-9,-288
201,subject_201_202,0,F4,0.2,20dB,A3_minus_A2,-0.02010852513556216,0.0077351839226348085,-23,-736
201,subject_201_202,0,F4,0.2,20dB,A3_minus_B4,0.04603496914896965,-0.015013429723557958,-1,-32
201,subject_201_202,0,F4,0.5,none,A3_minus_A2,0.0,0.0,0,0
201,subject_201_202,0,F4,0.5,none,A3_minus_B4,0.0,0.0,0,0
201,subject_201_202,0,F4,0.5,20dB,A3_minus_A2,0.0,0.0,0,0
201,subject_201_202,0,F4,0.5,20dB,A3_minus_B4,0.0,0.0,0,0
201,subject_201_202,0,F5,0.2,none,A3_minus_A2,-0.01560872624134646,0.006474776268006174,-57,-1824
201,subject_201_202,0,F5,0.2,none,A3_minus_B4,0.030323365207930664,-0.009240012168883115,0,0
201,subject_201_202,0,F5,0.2,20dB,A3_minus_A2,-0.006784044183731908,0.006379742622375395,-74,-2368
201,subject_201_202,0,F5,0.2,20dB,A3_minus_B4,0.04037984118957638,-0.017553510665892003,-11,-352
201,subject_201_202,0,F5,0.5,none,A3_minus_A2,-0.013411872940988445,0.004121294021606478,-43,-1376
201,subject_201_202,0,F5,0.5,none,A3_minus_B4,0.021278812655634027,-0.002747735977172809,-12,-384
201,subject_201_202,0,F5,0.5,20dB,A3_minus_A2,-0.010085684790871241,0.0029694080352783217,-52,-1664
201,subject_201_202,0,F5,0.5,20dB,A3_minus_B4,0.03424165744963403,-0.011202173233031056,10,320
201,subject_201_202,1,F0,0.2,none,A3_minus_A2,0.0003321404842822062,-0.002204394340515137,-49,-1568
201,subject_201_202,1,F0,0.2,none,A3_minus_B4,0.0005377501350452008,-0.008352661132812501,-7,-224
201,subject_201_202,1,F0,0.2,20dB,A3_minus_A2,0.0006895676855158683,-0.00035703182220458984,-80,-2560
201,subject_201_202,1,F0,0.2,20dB,A3_minus_B4,0.0004421989994121134,-0.0022054672241210932,3,96
201,subject_201_202,1,F0,0.5,none,A3_minus_A2,0.0,0.0,-50,-1600
201,subject_201_202,1,F0,0.5,none,A3_minus_B4,0.0,0.0,-26,-832
201,subject_201_202,1,F0,0.5,20dB,A3_minus_A2,0.0,0.0,-74,-2368
201,subject_201_202,1,F0,0.5,20dB,A3_minus_B4,0.0,0.0,23,736
201,subject_201_202,1,F1,0.2,none,A3_minus_A2,-0.00045920820878109225,-0.0005688905715942327,-42,-1344
201,subject_201_202,1,F1,0.2,none,A3_minus_B4,0.0034436573643432666,-0.0011081695556640625,-29,-928
201,subject_201_202,1,F1,0.2,20dB,A3_minus_A2,-0.0005341964953231582,-0.0006396532058715737,-73,-2336
201,subject_201_202,1,F1,0.2,20dB,A3_minus_B4,-0.0006570271391304061,0.0025285720825195396,-8,-256
201,subject_201_202,1,F1,0.5,none,A3_minus_A2,0.0,0.0,-40,-1280
201,subject_201_202,1,F1,0.5,none,A3_minus_B4,0.0,0.0,-27,-864
201,subject_201_202,1,F1,0.5,20dB,A3_minus_A2,0.0,0.0,-61,-1952
201,subject_201_202,1,F1,0.5,20dB,A3_minus_B4,0.0,0.0,17,544
201,subject_201_202,1,F2,0.2,none,A3_minus_A2,0.00040361455008053326,-9.942054748535156e-05,-42,-1344
201,subject_201_202,1,F2,0.2,none,A3_minus_B4,3.924016791501117e-06,0.0028081893920898215,9,288
201,subject_201_202,1,F2,0.2,20dB,A3_minus_A2,-0.00022311707878586162,0.0013573646545410045,-79,-2528
201,subject_201_202,1,F2,0.2,20dB,A3_minus_B4,-0.0015390053336776788,0.0018620729446411077,-13,-416
201,subject_201_202,1,F2,0.5,none,A3_minus_A2,0.0,0.0,-45,-1440
201,subject_201_202,1,F2,0.5,none,A3_minus_B4,0.0,0.0,6,192
201,subject_201_202,1,F2,0.5,20dB,A3_minus_A2,-7.167707345523411e-05,0.0007905006408691628,-47,-1504
201,subject_201_202,1,F2,0.5,20dB,A3_minus_B4,-7.167707345523411e-05,0.0007905006408691628,-7,-224
201,subject_201_202,1,F3,0.2,none,A3_minus_A2,-0.011205676443740487,0.003864300990466349,-29,-928
201,subject_201_202,1,F3,0.2,none,A3_minus_B4,0.02051638293430358,-0.0034318558927733944,-16,-512
201,subject_201_202,1,F3,0.2,20dB,A3_minus_A2,-0.012151264719783228,0.006161718892343709,-33,-1056
201,subject_201_202,1,F3,0.2,20dB,A3_minus_B4,-0.007192416711571781,0.003102665471323207,-12,-384
201,subject_201_202,1,F3,0.5,none,A3_minus_A2,-0.010020286823674951,0.0013798713684081976,-11,-352
201,subject_201_202,1,F3,0.5,none,A3_minus_B4,-0.0013709444477534305,0.00025143623352050226,-4,-128
201,subject_201_202,1,F3,0.5,20dB,A3_minus_A2,-0.016945404965131416,0.003629398345947263,-19,-608
201,subject_201_202,1,F3,0.5,20dB,A3_minus_B4,-0.011217898242886548,0.0023794889450073214,-8,-256
201,subject_201_202,1,F4,0.2,none,A3_minus_A2,-0.005725126634697375,0.0013931274414062111,-4,-128
201,subject_201_202,1,F4,0.2,none,A3_minus_B4,-0.005725126634697375,0.0013931274414062111,-4,-128
201,subject_201_202,1,F4,0.2,20dB,A3_minus_A2,-0.015412769834323825,0.004139995574951177,-10,-320
201,subject_201_202,1,F4,0.2,20dB,A3_minus_B4,0.0018155220621842716,-0.0008367300033569336,-1,-32
201,subject_201_202,1,F4,0.5,none,A3_minus_A2,-0.003859251501918237,0.00035145282745358,-2,-64
201,subject_201_202,1,F4,0.5,none,A3_minus_B4,-0.003859251501918237,0.00035145282745358,-2,-64
201,subject_201_202,1,F4,0.5,20dB,A3_minus_A2,-0.004444523320954019,0.00077803134918214,-4,-128
201,subject_201_202,1,F4,0.5,20dB,A3_minus_B4,0.0044811526290846615,-0.0004668712615966686,0,0
201,subject_201_202,1,F5,0.2,none,A3_minus_A2,-0.0073121177333810294,0.0025831365585327545,-25,-800
201,subject_201_202,1,F5,0.2,none,A3_minus_B4,-0.0045385298818558795,0.001567759513855009,-18,-576
201,subject_201_202,1,F5,0.2,20dB,A3_minus_A2,0.000993499197175396,0.0018911218643193409,-50,-1600
201,subject_201_202,1,F5,0.2,20dB,A3_minus_B4,0.012182704399027244,-0.008089499473572022,-20,-640
201,subject_201_202,1,F5,0.5,none,A3_minus_A2,0.00044343344890407366,-0.0003723812103270732,-11,-352
201,subject_201_202,1,F5,0.5,none,A3_minus_B4,-0.0005942997136720862,-0.0002087783813475852,-9,-288
201,subject_201_202,1,F5,0.5,20dB,A3_minus_A2,-0.01596887373180067,0.003420109748840258,-30,-960
201,subject_201_202,1,F5,0.5,20dB,A3_minus_B4,-0.002999705667463104,0.0017491340637207017,-12,-384
201,subject_201_202,2,F0,0.2,none,A3_minus_A2,0.0056971628099162785,-0.0028037309646606473,-98,-3136
201,subject_201_202,2,F0,0.2,none,A3_minus_B4,-0.00218184005913713,-0.0010110378265380873,5,160
201,subject_201_202,2,F0,0.2,20dB,A3_minus_A2,0.005895957903856441,0.005062747001647952,-117,-3744
201,subject_201_202,2,F0,0.2,20dB,A3_minus_B4,0.004852144643862744,0.009819531440734865,13,416
201,subject_201_202,2,F0,0.5,none,A3_minus_A2,0.00022457692473309976,-0.00031247138977050573,-101,-3232
201,subject_201_202,2,F0,0.5,none,A3_minus_B4,0.0,0.0,2,64
201,subject_201_202,2,F0,0.5,20dB,A3_minus_A2,9.038439870678872e-05,-0.00031247138977050747,-117,-3744
201,subject_201_202,2,F0,0.5,20dB,A3_minus_B4,-9.082040683949799e-07,-6.556510925292969e-06,21,672
201,subject_201_202,2,F1,0.2,none,A3_minus_A2,-0.0014488960558978192,0.0010393142700195201,-86,-2752
201,subject_201_202,2,F1,0.2,none,A3_minus_B4,-0.0016970026337901345,-0.002648210525512701,3,96
201,subject_201_202,2,F1,0.2,20dB,A3_minus_A2,-0.016957909551805983,0.002061128616333008,-104,-3328
201,subject_201_202,2,F1,0.2,20dB,A3_minus_B4,-0.00903866529786157,-0.007890892028808605,3,96
201,subject_201_202,2,F1,0.5,none,A3_minus_A2,0.0,0.0,-81,-2592
201,subject_201_202,2,F1,0.5,none,A3_minus_B4,0.0,0.0,2,64
201,subject_201_202,2,F1,0.5,20dB,A3_minus_A2,2.688459357358397e-07,9.536743164617612e-08,-91,-2912
201,subject_201_202,2,F1,0.5,20dB,A3_minus_B4,2.688459357358397e-07,9.536743164617612e-08,-17,-544
201,subject_201_202,2,F2,0.2,none,A3_minus_A2,-9.070410840372745e-05,-0.0008088111877441184,-88,-2816
201,subject_201_202,2,F2,0.2,none,A3_minus_B4,0.0007784934173056257,-0.0033179998397827037,-6,-192
201,subject_201_202,2,F2,0.2,20dB,A3_minus_A2,0.001858280214319663,0.006599068641662598,-90,-2880
201,subject_201_202,2,F2,0.2,20dB,A3_minus_B4,-0.0006806669131957932,0.007462525367736839,8,256
201,subject_201_202,2,F2,0.5,none,A3_minus_A2,0.0,0.0,-83,-2656
201,subject_201_202,2,F2,0.5,none,A3_minus_B4,0.0,0.0,-4,-128
201,subject_201_202,2,F2,0.5,20dB,A3_minus_A2,0.00037319537851843165,-0.0006249904632568137,-100,-3200
201,subject_201_202,2,F2,0.5,20dB,A3_minus_B4,0.0,0.0,2,64
201,subject_201_202,2,F3,0.2,none,A3_minus_A2,-0.10074920486135852,0.02627703261148892,-82,-2624
201,subject_201_202,2,F3,0.2,none,A3_minus_B4,0.13365505288771473,-0.02298637318837679,-3,-96
201,subject_201_202,2,F3,0.2,20dB,A3_minus_A2,-0.0729541097795483,0.04560757789796224,-95,-3040
201,subject_201_202,2,F3,0.2,20dB,A3_minus_B4,0.020043833029838254,-0.010517215728759771,-19,-608
201,subject_201_202,2,F3,0.5,none,A3_minus_A2,-0.0764154998516382,0.010177898406982425,-55,-1760
201,subject_201_202,2,F3,0.5,none,A3_minus_B4,0.014050060076641557,-0.0012925624847412026,-24,-768
201,subject_201_202,2,F3,0.5,20dB,A3_minus_A2,-0.039249175992249974,0.011248956302738825,-66,-2112
201,subject_201_202,2,F3,0.5,20dB,A3_minus_B4,0.07447433400384007,-0.011112250705622995,-17,-544
201,subject_201_202,2,F4,0.2,none,A3_minus_A2,-0.0415573976159358,0.00731286891903582,-41,-1312
201,subject_201_202,2,F4,0.2,none,A3_minus_B4,0.040647498352385014,-0.0036473918397907368,-7,-224
201,subject_201_202,2,F4,0.2,20dB,A3_minus_A2,-0.016658274437826748,0.005174825691315277,-39,-1248
201,subject_201_202,2,F4,0.2,20dB,A3_minus_B4,0.01706275384903222,-0.004111335796831428,-12,-384
201,subject_201_202,2,F4,0.5,none,A3_minus_A2,-0.017454767375316038,0.002077484130859397,-10,-320
201,subject_201_202,2,F4,0.5,none,A3_minus_B4,-0.008112699671759316,0.0008284330368041881,-7,-224
201,subject_201_202,2,F4,0.5,20dB,A3_minus_A2,-0.014792284915150944,0.0020438194274902677,-10,-320
201,subject_201_202,2,F4,0.5,20dB,A3_minus_B4,-0.014792284915150944,0.0020438194274902677,-10,-320
201,subject_201_202,2,F5,0.2,none,A3_minus_A2,-0.027220500132472125,0.0136012315750106,-91,-2912
201,subject_201_202,2,F5,0.2,none,A3_minus_B4,0.00437039680896234,-0.0015475988388061468,-26,-832
201,subject_201_202,2,F5,0.2,20dB,A3_minus_A2,-0.010066164873258288,0.0037680816650380727,-102,-3264
201,subject_201_202,2,F5,0.2,20dB,A3_minus_B4,0.005760449278291446,-0.006367850303650446,-20,-640
201,subject_201_202,2,F5,0.5,none,A3_minus_A2,-0.03373104226654533,0.005754837989804251,-78,-2496
201,subject_201_202,2,F5,0.5,none,A3_minus_B4,0.14451227480836515,-0.02151741027832159,-3,-96
201,subject_201_202,2,F5,0.5,20dB,A3_minus_A2,-0.05710233515272378,0.009549822807311162,-87,-2784
201,subject_201_202,2,F5,0.5,20dB,A3_minus_B4,0.03765352206698935,-0.006121459007265351,-24,-768
202,subject_201_202,0,F0,0.2,none,A3_minus_A2,1.6271559474034802e-05,-0.0014878749847412106,-96,-3072
202,subject_201_202,0,F0,0.2,none,A3_minus_B4,0.00032193296617322176,-0.0005855798721313473,-18,-576
202,subject_201_202,0,F0,0.2,20dB,A3_minus_A2,-0.00012321424874528475,0.0019773483276367184,-107,-3424
202,subject_201_202,0,F0,0.2,20dB,A3_minus_B4,0.00026198110292341426,0.0077702999114990234,9,288
202,subject_201_202,0,F0,0.5,none,A3_minus_A2,0.0,0.0,-90,-2880
202,subject_201_202,0,F0,0.5,none,A3_minus_B4,0.0,0.0,-20,-640
202,subject_201_202,0,F0,0.5,20dB,A3_minus_A2,0.0006134173973251222,-0.0003113746643066406,-109,-3488
202,subject_201_202,0,F0,0.5,20dB,A3_minus_B4,1.0259846376925452e-06,-4.93526458740165e-06,1,32
202,subject_201_202,0,F1,0.2,none,A3_minus_A2,-0.0036483800438347203,0.0038003683090210016,-85,-2720
202,subject_201_202,0,F1,0.2,none,A3_minus_B4,-0.004464609769424754,0.005886840820312503,-7,-224
202,subject_201_202,0,F1,0.2,20dB,A3_minus_A2,0.00042014115840416366,-0.0005398988723754883,-97,-3104
202,subject_201_202,0,F1,0.2,20dB,A3_minus_B4,-0.0018016899013986176,-0.0029520034790039007,19,608
202,subject_201_202,0,F1,0.5,none,A3_minus_A2,0.0,0.0,-79,-2528
202,subject_201_202,0,F1,0.5,none,A3_minus_B4,0.0,0.0,-9,-288
202,subject_201_202,0,F1,0.5,20dB,A3_minus_A2,0.0,0.0,-85,-2720
202,subject_201_202,0,F1,0.5,20dB,A3_minus_B4,0.0,0.0,-4,-128
202,subject_201_202,0,F2,0.2,none,A3_minus_A2,-0.00042264074683728836,0.005412578582763672,-87,-2784
202,subject_201_202,0,F2,0.2,none,A3_minus_B4,-0.0006796965247914954,0.0021857976913452204,-9,-288
202,subject_201_202,0,F2,0.2,20dB,A3_minus_A2,9.09896806380317e-05,0.001873230934143072,-95,-3040
202,subject_201_202,0,F2,0.2,20dB,A3_minus_B4,-8.909717914207249e-05,0.00013175010681151789,8,256
202,subject_201_202,0,F2,0.5,none,A3_minus_A2,0.0,0.0,-85,-2720
202,subject_201_202,0,F2,0.5,none,A3_minus_B4,0.0,0.0,-8,-256
202,subject_201_202,0,F2,0.5,20dB,A3_minus_A2,0.0,0.0,-102,-3264
202,subject_201_202,0,F2,0.5,20dB,A3_minus_B4,0.0,0.0,1,32
202,subject_201_202,0,F3,0.2,none,A3_minus_A2,-0.10250935717914089,0.02624127864837647,-78,-2496
202,subject_201_202,0,F3,0.2,none,A3_minus_B4,0.08870670553373117,-0.013114881515502927,-2,-64
202,subject_201_202,0,F3,0.2,20dB,A3_minus_A2,-0.046780764286360466,0.034339809417724604,-94,-3008
202,subject_201_202,0,F3,0.2,20dB,A3_minus_B4,0.032116594157514555,-0.018443655967712413,2,64
202,subject_201_202,0,F3,0.5,none,A3_minus_A2,-0.07854290440623402,0.01254711151123046,-53,-1696
202,subject_201_202,0,F3,0.5,none,A3_minus_B4,0.053416322607496625,-0.0014138698577880887,-18,-576
202,subject_201_202,0,F3,0.5,20dB,A3_minus_A2,-0.0779633833432598,0.015400075912475594,-65,-2080
202,subject_201_202,0,F3,0.5,20dB,A3_minus_B4,0.06713463334025249,-0.0070883274078369085,-20,-640
202,subject_201_202,0,F4,0.2,none,A3_minus_A2,-0.10463324642379135,0.0136226105162848,-30,-960
202,subject_201_202,0,F4,0.2,none,A3_minus_B4,0.13058586517890802,-0.008238536585921358,-5,-160
202,subject_201_202,0,F4,0.2,20dB,A3_minus_A2,-0.07295418953282251,0.021985088852639306,-48,-1536
202,subject_201_202,0,F4,0.2,20dB,A3_minus_B4,0.11797108728353223,-0.022691365609638803,-15,-480
202,subject_201_202,0,F4,0.5,none,A3_minus_A2,-0.004519651391831303,0.00045578479766844593,-4,-128
202,subject_201_202,0,F4,0.5,none,A3_minus_B4,-0.004519651391831303,0.00045578479766844593,-4,-128
202,subject_201_202,0,F4,0.5,20dB,A3_minus_A2,-0.00047750659979151067,7.798671722411554e-05,-1,-32
202,subject_201_202,0,F4,0.5,20dB,A3_minus_B4,-0.00047750659979151067,7.798671722411554e-05,-1,-32
202,subject_201_202,0,F5,0.2,none,A3_minus_A2,-0.034433212045193784,0.01224013328552314,-96,-3072
202,subject_201_202,0,F5,0.2,none,A3_minus_B4,0.01729767602970611,-0.00823410987853937,-4,-128
202,subject_201_202,0,F5,0.2,20dB,A3_minus_A2,-0.01596453966567779,0.011821098327637183,-98,-3136
202,subject_201_202,0,F5,0.2,20dB,A3_minus_B4,0.011127428436694231,-0.002163405418395728,-1,-32
202,subject_201_202,0,F5,0.5,none,A3_minus_A2,-0.004803821036283296,0.0032747745513885818,-62,-1984
202,subject_201_202,0,F5,0.5,none,A3_minus_B4,-0.003069934042088107,0.0008213949203481619,-6,-192
202,subject_201_202,0,F5,0.5,20dB,A3_minus_A2,-0.0103807014889572,0.0035595417022706785,-62,-1984
202,subject_201_202,0,F5,0.5,20dB,A3_minus_B4,0.007488327771287828,-0.0009505319595328812,7,224
202,subject_201_202,1,F0,0.2,none,A3_minus_A2,-0.003338066523848937,0.0010831594467163091,-83,-2656
202,subject_201_202,1,F0,0.2,none,A3_minus_B4,-0.003827060712229269,0.003252768516540528,15,480
202,subject_201_202,1,F0,0.2,20dB,A3_minus_A2,-0.0009269732190411162,0.00234534740447998,-88,-2816
202,subject_201_202,1,F0,0.2,20dB,A3_minus_B4,-0.0017487684677490734,0.007527184486389161,11,352
202,subject_201_202,1,F0,0.5,none,A3_minus_A2,0.0,0.0,-82,-2624
202,subject_201_202,1,F0,0.5,none,A3_minus_B4,-2.2041547254048055e-07,-2.6226043701158865e-07,16,512
202,subject_201_202,1,F0,0.5,20dB,A3_minus_A2,-7.383328632926123e-07,9.059906005866314e-07,-83,-2656
202,subject_201_202,1,F0,0.5,20dB,A3_minus_B4,6.443981277470812e-07,-4.076957702636372e-06,15,480
202,subject_201_202,1,F1,0.2,none,A3_minus_A2,-0.000604854556687684,-0.0006048440933227595,-61,-1952
202,subject_201_202,1,F1,0.2,none,A3_minus_B4,7.369542172597221e-05,-8.95500183105552e-05,1,32
202,subject_201_202,1,F1,0.2,20dB,A3_minus_A2,-0.00045166516231631704,0.0020610332489013755,-63,-2016
202,subject_201_202,1,F1,0.2,20dB,A3_minus_B4,0.0001638153485536975,0.006232428550720218,10,320
202,subject_201_202,1,F1,0.5,none,A3_minus_A2,0.0,0.0,-58,-1856
202,subject_201_202,1,F1,0.5,none,A3_minus_B4,1.1188286386243362e-07,-2.6226043700616763e-07,3,96
202,subject_201_202,1,F1,0.5,20dB,A3_minus_A2,0.0,0.0,-67,-2144
202,subject_201_202,1,F1,0.5,20dB,A3_minus_B4,-5.362477395465248e-07,-1.3113021850585938e-06,11,352
202,subject_201_202,1,F2,0.2,none,A3_minus_A2,0.00036838462561306073,0.0007567405700683594,-64,-2048
202,subject_201_202,1,F2,0.2,none,A3_minus_B4,6.083744263563062e-05,-0.0008822917938232644,-3,-96
202,subject_201_202,1,F2,0.2,20dB,A3_minus_A2,0.00047975272933342694,-0.0008092880249023493,-74,-2368
202,subject_201_202,1,F2,0.2,20dB,A3_minus_B4,0.0004049210880392451,-0.00467424392700197,-1,-32
202,subject_201_202,1,F2,0.5,none,A3_minus_A2,0.0,0.0,-62,-1984
202,subject_201_202,1,F2,0.5,none,A3_minus_B4,0.0,0.0,-1,-32
202,subject_201_202,1,F2,0.5,20dB,A3_minus_A2,0.0,0.0,-83,-2656
202,subject_201_202,1,F2,0.5,20dB,A3_minus_B4,1.0557812402112177e-08,-2.6226043700616763e-07,-11,-352
202,subject_201_202,1,F3,0.2,none,A3_minus_A2,-0.10646683633136078,0.02326742640954889,-60,-1920
202,subject_201_202,1,F3,0.2,none,A3_minus_B4,0.0349179165262683,-0.0067581320621308005,10,320
202,subject_201_202,1,F3,0.2,20dB,A3_minus_A2,-0.06708156285647959,0.04547058582305907,-88,-2816
202,subject_201_202,1,F3,0.2,20dB,A3_minus_B4,0.016055848812104756,-0.00594458580017089,-6,-192
202,subject_201_202,1,F3,0.5,none,A3_minus_A2,-0.08722946740675042,0.0107490062713623,-43,-1376
202,subject_201_202,1,F3,0.5,none,A3_minus_B4,0.06817810986865425,-0.004900506973266605,0,0
202,subject_201_202,1,F3,0.5,20dB,A3_minus_A2,-0.06386143005050116,0.01240880489349365,-53,-1696
202,subject_201_202,1,F3,0.5,20dB,A3_minus_B4,0.08687771756711626,-0.012005020141601569,6,192
202,subject_201_202,1,F4,0.2,none,A3_minus_A2,-0.18700297694773127,0.020614415204579545,-33,-1056
202,subject_201_202,1,F4,0.2,none,A3_minus_B4,-0.12416893496151005,0.015095644986684031,-28,-896
202,subject_201_202,1,F4,0.2,20dB,A3_minus_A2,-0.10849629044393794,0.02579582313304632,-38,-1216
202,subject_201_202,1,F4,0.2,20dB,A3_minus_B4,0.01642741421164473,-0.00025072707902673574,-4,-128
202,subject_201_202,1,F4,0.5,none,A3_minus_A2,-0.11532882554822876,0.006491637229919439,-14,-448
202,subject_201_202,1,F4,0.5,none,A3_minus_B4,-0.0367198150465704,0.0029552459716796764,-10,-320
202,subject_201_202,1,F4,0.5,20dB,A3_minus_A2,-0.07387670719860218,0.006240344047546392,-16,-512
202,subject_201_202,1,F4,0.5,20dB,A3_minus_B4,-0.01858630789406135,0.0027039527893066295,-12,-384
202,subject_201_202,1,F5,0.2,none,A3_minus_A2,-0.047815120190215055,0.00906495094299195,-86,-2752
202,subject_201_202,1,F5,0.2,none,A3_minus_B4,-0.015563065981858415,0.0011867856979369748,8,256
202,subject_201_202,1,F5,0.2,20dB,A3_minus_A2,-0.014513022377130369,0.009033646583556453,-64,-2048
202,subject_201_202,1,F5,0.2,20dB,A3_minus_B4,9.304280724364844e-05,-0.0018896675109855848,-5,-160
202,subject_201_202,1,F5,0.5,none,A3_minus_A2,-0.03786470005293907,0.006742911338806404,-57,-1824
202,subject_201_202,1,F5,0.5,none,A3_minus_B4,0.10134010368318158,-0.011808848381041057,13,416
202,subject_201_202,1,F5,0.5,20dB,A3_minus_A2,-0.061491966520577535,0.010355100631713299,-62,-1984
202,subject_201_202,1,F5,0.5,20dB,A3_minus_B4,0.0922253961169055,-0.014389123916624405,9,288
202,subject_201_202,2,F0,0.2,none,A3_minus_A2,0.00034009306645899073,-0.00031247138977050747,-80,-2560
202,subject_201_202,2,F0,0.2,none,A3_minus_B4,0.001990715815910704,-0.0032226085662841793,-3,-96
202,subject_201_202,2,F0,0.2,20dB,A3_minus_A2,-0.0004068315621488239,0.0008195877075195318,-98,-3136
202,subject_201_202,2,F0,0.2,20dB,A3_minus_B4,0.000685992799642321,-0.003084135055541992,-15,-480
202,subject_201_202,2,F0,0.5,none,A3_minus_A2,0.0,0.0,-80,-2560
202,subject_201_202,2,F0,0.5,none,A3_minus_B4,0.0,0.0,-3,-96
202,subject_201_202,2,F0,0.5,20dB,A3_minus_A2,0.0,0.0,-68,-2176
202,subject_201_202,2,F0,0.5,20dB,A3_minus_B4,0.0,0.0,7,224
202,subject_201_202,2,F1,0.2,none,A3_minus_A2,0.0,0.0,-41,-1312
202,subject_201_202,2,F1,0.2,none,A3_minus_B4,0.0,0.0,-36,-1152
202,subject_201_202,2,F1,0.2,20dB,A3_minus_A2,-0.0006012061666744728,0.0007478713989257785,-60,-1920
202,subject_201_202,2,F1,0.2,20dB,A3_minus_B4,-0.0003267013117493889,-0.0015328407287597684,3,96
202,subject_201_202,2,F1,0.5,none,A3_minus_A2,0.0,0.0,-41,-1312
202,subject_201_202,2,F1,0.5,none,A3_minus_B4,0.0,0.0,-36,-1152
202,subject_201_202,2,F1,0.5,20dB,A3_minus_A2,0.0,0.0,-42,-1344
202,subject_201_202,2,F1,0.5,20dB,A3_minus_B4,0.0,0.0,11,352
202,subject_201_202,2,F2,0.2,none,A3_minus_A2,-0.0012273387099668298,0.000751876831054682,-54,-1728
202,subject_201_202,2,F2,0.2,none,A3_minus_B4,-0.0013778895906817468,0.0012792825698852428,-37,-1184
202,subject_201_202,2,F2,0.2,20dB,A3_minus_A2,-0.002067909538116197,-0.0025953054428100586,-94,-3008
202,subject_201_202,2,F2,0.2,20dB,A3_minus_B4,-0.004364667820587087,-0.004125547409057628,-26,-832
202,subject_201_202,2,F2,0.5,none,A3_minus_A2,0.0,0.0,-53,-1696
202,subject_201_202,2,F2,0.5,none,A3_minus_B4,0.0,0.0,-36,-1152
202,subject_201_202,2,F2,0.5,20dB,A3_minus_A2,0.0,0.0,-86,-2752
202,subject_201_202,2,F2,0.5,20dB,A3_minus_B4,0.0,0.0,-13,-416
202,subject_201_202,2,F3,0.2,none,A3_minus_A2,-0.014938421454136375,0.006423902511596677,-33,-1056
202,subject_201_202,2,F3,0.2,none,A3_minus_B4,0.02324592552085747,-0.010546588897705086,3,96
202,subject_201_202,2,F3,0.2,20dB,A3_minus_A2,-0.01196372434187154,0.011541271209716791,-60,-1920
202,subject_201_202,2,F3,0.2,20dB,A3_minus_B4,0.011300317471199861,-0.003300452232360848,-32,-1024
202,subject_201_202,2,F3,0.5,none,A3_minus_A2,-0.0004263591031659075,7.934570312499722e-05,-7,-224
202,subject_201_202,2,F3,0.5,none,A3_minus_B4,0.003977457977708099,-0.0005555152893066406,-5,-160
202,subject_201_202,2,F3,0.5,20dB,A3_minus_A2,-7.430000258779046e-05,1.986026763915738e-05,-8,-256
202,subject_201_202,2,F3,0.5,20dB,A3_minus_B4,-7.430000258779046e-05,1.986026763915738e-05,-5,-160
202,subject_201_202,2,F4,0.2,none,A3_minus_A2,-0.006879293803311981,0.000979089736938471,-2,-64
202,subject_201_202,2,F4,0.2,none,A3_minus_B4,-0.006879293803311981,0.000979089736938471,-2,-64
202,subject_201_202,2,F4,0.2,20dB,A3_minus_A2,-0.014599810669480462,0.004886281058153585,-23,-736
202,subject_201_202,2,F4,0.2,20dB,A3_minus_B4,-0.004787591228563315,0.002915544744816867,-8,-256
202,subject_201_202,2,F4,0.5,none,A3_minus_A2,0.0,0.0,0,0
202,subject_201_202,2,F4,0.5,none,A3_minus_B4,0.0,0.0,0,0
202,subject_201_202,2,F4,0.5,20dB,A3_minus_A2,0.0,0.0,0,0
202,subject_201_202,2,F4,0.5,20dB,A3_minus_B4,0.0,0.0,0,0
202,subject_201_202,2,F5,0.2,none,A3_minus_A2,0.0030352326387301787,8.285045623779297e-05,-35,-1120
202,subject_201_202,2,F5,0.2,none,A3_minus_B4,6.533617576209849e-05,0.0012236928939813735,-28,-896
202,subject_201_202,2,F5,0.2,20dB,A3_minus_A2,-0.001012524759765654,0.0027251482009882366,-33,-1056
202,subject_201_202,2,F5,0.2,20dB,A3_minus_B4,-0.005464595669593564,0.004896597862241059,23,736
202,subject_201_202,2,F5,0.5,none,A3_minus_A2,-0.0022800498823478677,0.0009080743789670748,-15,-480
202,subject_201_202,2,F5,0.5,none,A3_minus_B4,-0.0022800498823478677,0.0009080743789670748,-15,-480
202,subject_201_202,2,F5,0.5,20dB,A3_minus_A2,0.0008087744512259576,-2.458095550537942e-05,-20,-640
202,subject_201_202,2,F5,0.5,20dB,A3_minus_B4,0.0031671252594058785,-0.0009180784225463895,-15,-480
203,subject_203,0,F0,0.2,none,A3_minus_A2,-0.0013127624077000632,0.0024534702301025396,-114,-3648
203,subject_203,0,F0,0.2,none,A3_minus_B4,0.0006552392921079786,-5.712509155273403e-05,13,416
203,subject_203,0,F0,0.2,20dB,A3_minus_A2,0.0004157359350287493,0.000517630577087402,-124,-3968
203,subject_203,0,F0,0.2,20dB,A3_minus_B4,-0.000765138314076097,0.003617906570434571,9,288
203,subject_203,0,F0,0.5,none,A3_minus_A2,0.0,0.0,-113,-3616
203,subject_203,0,F0,0.5,none,A3_minus_B4,0.0,0.0,14,448
203,subject_203,0,F0,0.5,20dB,A3_minus_A2,0.0,0.0,-111,-3552
203,subject_203,0,F0,0.5,20dB,A3_minus_B4,0.0,0.0,22,704
203,subject_203,0,F1,0.2,none,A3_minus_A2,-1.4910903363585248e-05,0.0008971929550170982,-93,-2976
203,subject_203,0,F1,0.2,none,A3_minus_B4,-0.001234542376515435,0.0015123844146728571,21,672
203,subject_203,0,F1,0.2,20dB,A3_minus_A2,0.005177246562684701,-0.0017889499664306696,-106,-3392
203,subject_203,0,F1,0.2,20dB,A3_minus_B4,0.000177901819309767,0.002313756942749018,15,480
203,subject_203,0,F1,0.5,none,A3_minus_A2,0.0,0.0,-89,-2848
203,subject_203,0,F1,0.5,none,A3_minus_B4,0.0,0.0,17,544
203,subject_203,0,F1,0.5,20dB,A3_minus_A2,0.0,0.0,-99,-3168
203,subject_203,0,F1,0.5,20dB,A3_minus_B4,0.0,0.0,15,480
203,subject_203,0,F2,0.2,none,A3_minus_A2,0.0008454555404782127,-0.0006462812423706221,-108,-3456
203,subject_203,0,F2,0.2,none,A3_minus_B4,4.3169088844052794e-05,0.0014993190765380804,13,416
203,subject_203,0,F2,0.2,20dB,A3_minus_A2,0.0007257731511938204,-0.0032121658325195424,-105,-3360
203,subject_203,0,F2,0.2,20dB,A3_minus_B4,0.00017844384628062926,-0.006188941001892101,-2,-64
203,subject_203,0,F2,0.5,none,A3_minus_A2,0.0,0.0,-103,-3296
203,subject_203,0,F2,0.5,none,A3_minus_B4,0.0,0.0,10,320
203,subject_203,0,F2,0.5,20dB,A3_minus_A2,0.0,0.0,-107,-3424
203,subject_203,0,F2,0.5,20dB,A3_minus_B4,0.0,0.0,2,64
203,subject_203,0,F3,0.2,none,A3_minus_A2,-0.0833900888339052,0.019971132278442383,-78,-2496
203,subject_203,0,F3,0.2,none,A3_minus_B4,0.22489279762628556,-0.033496117591857916,0,0
203,subject_203,0,F3,0.2,20dB,A3_minus_A2,-0.0901066724194095,0.05352711677551268,-114,-3648
203,subject_203,0,F3,0.2,20dB,A3_minus_B4,0.07821840455637386,-0.030375075340271007,6,192
203,subject_203,0,F3,0.5,none,A3_minus_A2,-0.09151452251029113,0.010546779632568365,-61,-1952
203,subject_203,0,F3,0.5,none,A3_minus_B4,0.0819990125800274,-0.006745290756225583,-17,-544
203,subject_203,0,F3,0.5,20dB,A3_minus_A2,-0.06576067484757608,0.01548233032226562,-81,-2592
203,subject_203,0,F3,0.5,20dB,A3_minus_B4,0.07473884149615095,-0.01177253723144532,-21,-672
203,subject_203,0,F4,0.2,none,A3_minus_A2,-0.25819775233302167,0.028290498689871713,-51,-1632
203,subject_203,0,F4,0.2,none,A3_minus_B4,0.03484911274397362,0.00023782823344342674,-11,-352
203,subject_203,0,F4,0.2,20dB,A3_minus_A2,-0.09339512366368652,0.025673651267638126,-51,-1632
203,subject_203,0,F4,0.2,20dB,A3_minus_B4,0.20637115404414175,-0.029622310774262695,6,192
203,subject_203,0,F4,0.5,none,A3_minus_A2,-0.022787954182845738,0.0016544818878173884,-9,-288
203,subject_203,0,F4,0.5,none,A3_minus_B4,0.03536179580703802,-0.0022204637527465654,0,0
203,subject_203,0,F4,0.5,20dB,A3_minus_A2,-0.011201586084219173,0.0016405756157500673,-15,-480
203,subject_203,0,F4,0.5,20dB,A3_minus_B4,0.012971999324660644,-7.443935572079563e-05,-2,-64
203,subject_203,0,F5,0.2,none,A3_minus_A2,-0.03858408237104172,0.008251667022705432,-91,-2912
203,subject_203,0,F5,0.2,none,A3_minus_B4,0.0796321009524874,-0.018623180389404574,11,352
203,subject_203,0,F5,0.2,20dB,A3_minus_A2,-0.022437562091774055,0.01682563304901076,-114,-3648
203,subject_203,0,F5,0.2,20dB,A3_minus_B4,0.0350793165912755,-0.02026582241058285,0,0
203,subject_203,0,F5,0.5,none,A3_minus_A2,-0.007329677181449057,-0.0005526208877540753,-69,-2208
203,subject_203,0,F5,0.5,none,A3_minus_B4,0.07615327935487315,-0.009252076148985114,-7,-224
203,subject_203,0,F5,0.5,20dB,A3_minus_A2,-0.025220364672417617,0.0074831581115717,-72,-2304
203,subject_203,0,F5,0.5,20dB,A3_minus_B4,0.01960699696358148,-0.0048886775970469615,-2,-64
203,subject_203,1,F0,0.2,none,A3_minus_A2,-0.014854721613264843,0.0008125543594360365,-107,-3424
203,subject_203,1,F0,0.2,none,A3_minus_B4,0.05134409228301351,-0.007954931259155272,10,320
203,subject_203,1,F0,0.2,20dB,A3_minus_A2,0.0007124323051819204,-0.004317021369934081,-99,-3168
203,subject_203,1,F0,0.2,20dB,A3_minus_B4,-0.0031911808745377357,-0.00016372203826904227,17,544
203,subject_203,1,F0,0.5,none,A3_minus_A2,0.00027491424140890786,-0.0002592563629150394,-100,-3200
203,subject_203,1,F0,0.5,none,A3_minus_B4,-0.0030807288752505713,-0.0022488594055175785,9,288
203,subject_203,1,F0,0.5,20dB,A3_minus_A2,7.797721311675332e-05,-0.000308990478515625,-110,-3520
203,subject_203,1,F0,0.5,20dB,A3_minus_B4,-3.019369749068801e-05,-5.393028259277361e-05,14,448
203,subject_203,1,F1,0.2,none,A3_minus_A2,-0.012918842863204105,0.0007678508758544866,-92,-2944
203,subject_203,1,F1,0.2,none,A3_minus_B4,-0.021692479509454188,0.0022583961486816323,7,224
203,subject_203,1,F1,0.2,20dB,A3_minus_A2,-0.013156719666501004,-0.0028846979141235324,-117,-3744
203,subject_203,1,F1,0.2,20dB,A3_minus_B4,-0.008373782679246489,-0.0027401685714721624,-3,-96
203,subject_203,1,F1,0.5,none,A3_minus_A2,0.0004442099858792403,-0.0006068468093872181,-85,-2720
203,subject_203,1,F1,0.5,none,A3_minus_B4,0.0009513430409207047,-0.0014026403427124107,2,64
203,subject_203,1,F1,0.5,20dB,A3_minus_A2,0.00022469016899506755,-2.255439758301614e-05,-86,-2752
203,subject_203,1,F1,0.5,20dB,A3_minus_B4,0.00024732520909509503,-9.84907150268638e-05,16,512
203,subject_203,1,F2,0.2,none,A3_minus_A2,-0.0008454976311789153,0.0006324768066406361,-97,-3104
203,subject_203,1,F2,0.2,none,A3_minus_B4,-0.007255397860912893,-0.0002208471298217607,1,32
203,subject_203,1,F2,0.2,20dB,A3_minus_A2,0.0033479992963449945,8.592605590820868e-05,-108,-3456
203,subject_203,1,F2,0.2,20dB,A3_minus_B4,0.015624118625105154,0.00481190681457519,8,256
203,subject_203,1,F2,0.5,none,A3_minus_A2,-5.6801471039591434e-05,0.0005664825439453125,-89,-2848
203,subject_203,1,F2,0.5,none,A3_minus_B4,-9.688004841024167e-05,0.0008789062500000056,8,256
203,subject_203,1,F2,0.5,20dB,A3_minus_A2,-0.0002353424915746416,-0.001816344261169417,-103,-3296
203,subject_203,1,F2,0.5,20dB,A3_minus_B4,0.0,0.0,8,256
203,subject_203,1,F3,0.2,none,A3_minus_A2,-0.08815658257152492,0.028489351272583008,-85,-2720
203,subject_203,1,F3,0.2,none,A3_minus_B4,0.05987235692346715,-0.006362581253051752,2,64
203,subject_203,1,F3,0.2,20dB,A3_minus_A2,-0.06312964316600755,0.04046547313037764,-94,-3008
203,subject_203,1,F3,0.2,20dB,A3_minus_B4,0.05309413137246466,-0.02353390636053021,-2,-64
203,subject_203,1,F3,0.5,none,A3_minus_A2,-0.032437952059130026,0.004780125617980954,-34,-1088
203,subject_203,1,F3,0.5,none,A3_minus_B4,0.06982168021980328,-0.008107328414916987,6,192
203,subject_203,1,F3,0.5,20dB,A3_minus_A2,-0.05601392442752484,0.01027934551239014,-69,-2208
203,subject_203,1,F3,0.5,20dB,A3_minus_B4,0.01896051949473687,-0.004501676559448234,-9,-288
203,subject_203,1,F4,0.2,none,A3_minus_A2,-0.056744058934349084,0.0069577754929188995,-28,-896
203,subject_203,1,F4,0.2,none,A3_minus_B4,-0.048805571944257053,0.004913546576175459,-15,-480
203,subject_203,1,F4,0.2,20dB,A3_minus_A2,-0.028781700977027924,0.009189655141805392,-33,-1056
203,subject_203,1,F4,0.2,20dB,A3_minus_B4,-0.005515022732041075,0.0030569553389711013,-9,-288
203,subject_203,1,F4,0.5,none,A3_minus_A2,-0.009198519265041227,0.00131613561330865,-9,-288
203,subject_203,1,F4,0.5,none,A3_minus_B4,-0.0017017878223768435,0.0006499464195830751,-2,-64
203,subject_203,1,F4,0.5,20dB,A3_minus_A2,-0.00911085753211971,0.0011576652526855413,-7,-224
203,subject_203,1,F4,0.5,20dB,A3_minus_B4,0.004195451487735369,-0.00023550987243653454,1,32
203,subject_203,1,F5,0.2,none,A3_minus_A2,-0.05058282712600004,0.011261420249939036,-97,-3104
203,subject_203,1,F5,0.2,none,A3_minus_B4,0.032702481155261864,-0.007042660713197965,16,512
203,subject_203,1,F5,0.2,20dB,A3_minus_A2,-0.011165454430752675,0.0119274711608897,-85,-2720
203,subject_203,1,F5,0.2,20dB,A3_minus_B4,-0.009248423061315236,0.0030634498596164295,15,480
203,subject_203,1,F5,0.5,none,A3_minus_A2,-0.04862876371825564,0.006566057205199628,-68,-2176
203,subject_203,1,F5,0.5,none,A3_minus_B4,0.0018249017240705712,-0.0034507846832262587,1,32
203,subject_203,1,F5,0.5,20dB,A3_minus_A2,-0.050429645806127965,0.00896437168121516,-93,-2976
203,subject_203,1,F5,0.5,20dB,A3_minus_B4,0.00710181892474715,-0.0019154310226394272,-22,-704
203,subject_203,2,F0,0.2,none,A3_minus_A2,-0.0054383780499698275,0.0022646188735961914,-96,-3072
203,subject_203,2,F0,0.2,none,A3_minus_B4,-0.1258542238799336,0.01639566421508789,8,256
203,subject_203,2,F0,0.2,20dB,A3_minus_A2,0.012040978935580426,0.0014236688613891609,-124,-3968
203,subject_203,2,F0,0.2,20dB,A3_minus_B4,-0.028736959545085483,0.017136168479919434,22,704
203,subject_203,2,F0,0.5,none,A3_minus_A2,-0.0066036512526288504,0.0007019758224487303,-94,-3008
203,subject_203,2,F0,0.5,none,A3_minus_B4,-0.06288711636626587,0.00654916763305664,10,320
203,subject_203,2,F0,0.5,20dB,A3_minus_A2,0.004054829255213832,1.6117095947265278e-05,-116,-3712
203,subject_203,2,F0,0.5,20dB,A3_minus_B4,-0.024071705578567304,0.004801368713378906,15,480
203,subject_203,2,F1,0.2,none,A3_minus_A2,-0.057478824425633235,0.005403232574462888,-82,-2624
203,subject_203,2,F1,0.2,none,A3_minus_B4,0.1831087670077558,-0.008137774467468259,17,544
203,subject_203,2,F1,0.2,20dB,A3_minus_A2,-0.011690410616058244,0.00283830165863036,-99,-3168
203,subject_203,2,F1,0.2,20dB,A3_minus_B4,0.20038765542538783,-0.0318225383758545,10,320
203,subject_203,2,F1,0.5,none,A3_minus_A2,0.0,0.0,-80,-2560
203,subject_203,2,F1,0.5,none,A3_minus_B4,0.0,0.0,7,224
203,subject_203,2,F1,0.5,20dB,A3_minus_A2,0.0,0.0,-103,-3296
203,subject_203,2,F1,0.5,20dB,A3_minus_B4,0.0,0.0,0,0
203,subject_203,2,F2,0.2,none,A3_minus_A2,0.007681293086250207,-0.005311727523803711,-102,-3264
203,subject_203,2,F2,0.2,none,A3_minus_B4,0.2844528470876284,-0.020476937294006348,-10,-320
203,subject_203,2,F2,0.2,20dB,A3_minus_A2,0.0009688909879237428,-0.0023589611053466963,-105,-3360
203,subject_203,2,F2,0.2,20dB,A3_minus_B4,-0.0037138608780438176,-0.003235077857971197,13,416
203,subject_203,2,F2,0.5,none,A3_minus_A2,0.0,0.0,-92,-2944
203,subject_203,2,F2,0.5,none,A3_minus_B4,0.0,0.0,-8,-256
203,subject_203,2,F2,0.5,20dB,A3_minus_A2,0.0,0.0,-103,-3296
203,subject_203,2,F2,0.5,20dB,A3_minus_B4,0.0,0.0,2,64
203,subject_203,2,F3,0.2,none,A3_minus_A2,-0.0114724066701406,0.013129965825882883,-68,-2176
203,subject_203,2,F3,0.2,none,A3_minus_B4,0.4115601438047882,-0.02355826495062971,-12,-384
203,subject_203,2,F3,0.2,20dB,A3_minus_A2,-0.020787252062486772,0.01385614967346191,-71,-2272
203,subject_203,2,F3,0.2,20dB,A3_minus_B4,0.0410080219275919,-0.014699076652526857,-12,-384
203,subject_203,2,F3,0.5,none,A3_minus_A2,-0.06099337185487741,0.005539894104003906,-39,-1248
203,subject_203,2,F3,0.5,none,A3_minus_B4,0.04320272672269709,-0.002027535438537606,-16,-512
203,subject_203,2,F3,0.5,20dB,A3_minus_A2,-0.04401420101412157,0.008807826042175296,-49,-1568
203,subject_203,2,F3,0.5,20dB,A3_minus_B4,-0.016707444091089485,0.003959870338439947,-27,-864
203,subject_203,2,F4,0.2,none,A3_minus_A2,-0.07151775853434827,0.010949952423329995,-32,-1024
203,subject_203,2,F4,0.2,none,A3_minus_B4,0.027822753662782418,-8.566436407642097e-05,-11,-352
203,subject_203,2,F4,0.2,20dB,A3_minus_A2,-0.09165995938140625,0.02243479331465395,-58,-1856
203,subject_203,2,F4,0.2,20dB,A3_minus_B4,0.03337489994813225,0.0012471506012264877,-15,-480
203,subject_203,2,F4,0.5,none,A3_minus_A2,-0.00880744722133997,0.0008854866027832031,-4,-128
203,subject_203,2,F4,0.5,none,A3_minus_B4,-0.00880744722133997,0.0008854866027832031,-4,-128
203,subject_203,2,F4,0.5,20dB,A3_minus_A2,-0.00591630204127469,0.0005727052688598855,-6,-192
203,subject_203,2,F4,0.5,20dB,A3_minus_B4,0.06169343726737786,-0.007437941087750755,4,128
203,subject_203,2,F5,0.2,none,A3_minus_A2,-0.039303976484308834,0.010334830284117677,-79,-2528
203,subject_203,2,F5,0.2,none,A3_minus_B4,-0.10031062546142877,0.003975720405578198,-3,-96
203,subject_203,2,F5,0.2,20dB,A3_minus_A2,-0.04493688498033066,0.021330084800720073,-102,-3264
203,subject_203,2,F5,0.2,20dB,A3_minus_B4,-0.015921086172582477,0.012008881568908863,3,96
203,subject_203,2,F5,0.5,none,A3_minus_A2,-0.03835634401353971,0.0030621147155756034,-62,-1984
203,subject_203,2,F5,0.5,none,A3_minus_B4,0.0073229285924512055,-0.0020313262939453125,-10,-320
203,subject_203,2,F5,0.5,20dB,A3_minus_A2,-0.0017830145145989462,0.0025033187866222648,-76,-2432
203,subject_203,2,F5,0.5,20dB,A3_minus_B4,-0.006091788343189464,0.008676419258118524,-7,-224
205,subject_205,0,F0,0.2,none,A3_minus_A2,-0.0002488861652665264,0.0005035161972045919,-126,-4032
205,subject_205,0,F0,0.2,none,A3_minus_B4,-0.00024296637901599638,0.0004951238632202141,6,192
205,subject_205,0,F0,0.2,20dB,A3_minus_A2,0.00019983730444650405,-0.0009998798370361335,-122,-3904
205,subject_205,0,F0,0.2,20dB,A3_minus_B4,0.0015855302834353324,-0.005212879180908202,10,320
205,subject_205,0,F0,0.5,none,A3_minus_A2,-5.562033997819071e-07,9.536743164097194e-08,-122,-3904
205,subject_205,0,F0,0.5,none,A3_minus_B4,-3.805693999936466e-07,-4.291534423835064e-07,9,288
205,subject_205,0,F0,0.5,20dB,A3_minus_A2,-2.3750263871136212e-06,9.465217590331337e-06,-126,-4032
205,subject_205,0,F0,0.5,20dB,A3_minus_B4,-2.156246576845433e-06,8.153915405272744e-06,7,224
205,subject_205,0,F1,0.2,none,A3_minus_A2,-0.22418883815300106,0.007685303688049316,-112,-3584
205,subject_205,0,F1,0.2,none,A3_minus_B4,-0.0799778845470378,0.002602219581604004,9,288
205,subject_205,0,F1,0.2,20dB,A3_minus_A2,-0.05458424044009291,0.0032693862915039174,-114,-3648
205,subject_205,0,F1,0.2,20dB,A3_minus_B4,0.005885029966293587,-0.001108837127685544,11,352
205,subject_205,0,F1,0.5,none,A3_minus_A2,0.0,0.0,-106,-3392
205,subject_205,0,F1,0.5,none,A3_minus_B4,5.27604752775801e-07,-2.622604370200454e-07,9,288
205,subject_205,0,F1,0.5,20dB,A3_minus_A2,0.0,0.0,-113,-3616
205,subject_205,0,F1,0.5,20dB,A3_minus_B4,0.0,-2.622604370200454e-07,9,288
205,subject_205,0,F2,0.2,none,A3_minus_A2,3.423507166644413e-08,4.5299530029851987e-07,-114,-3648
205,subject_205,0,F2,0.2,none,A3_minus_B4,-4.2007096823226675e-07,-5.960464477539062e-07,6,192
205,subject_205,0,F2,0.2,20dB,A3_minus_A2,0.0002338203239009573,5.548000335692249e-05,-117,-3744
205,subject_205,0,F2,0.2,20dB,A3_minus_B4,0.0005113169881276747,-0.002495408058166504,-1,-32
205,subject_205,0,F2,0.5,none,A3_minus_A2,0.0,0.0,-109,-3488
205,subject_205,0,F2,0.5,none,A3_minus_B4,1.1005459654711558e-08,-2.6226043700616763e-07,6,192
205,subject_205,0,F2,0.5,20dB,A3_minus_A2,0.0,0.0,-116,-3712
205,subject_205,0,F2,0.5,20dB,A3_minus_B4,0.0,0.0,0,0
205,subject_205,0,F3,0.2,none,A3_minus_A2,-0.23297231464495383,0.04745418357849121,-101,-3232
205,subject_205,0,F3,0.2,none,A3_minus_B4,0.04293564567611696,-0.007824039459228521,-10,-320
205,subject_205,0,F3,0.2,20dB,A3_minus_A2,-0.07101542704739217,0.04666154384613036,-111,-3552
205,subject_205,0,F3,0.2,20dB,A3_minus_B4,0.061337921222509806,-0.024957656860351562,-6,-192
205,subject_205,0,F3,0.5,none,A3_minus_A2,-0.21644570071488545,0.021854448318481448,-60,-1920
205,subject_205,0,F3,0.5,none,A3_minus_B4,0.12426069388226324,-0.010759329795837408,5,160
205,subject_205,0,F3,0.5,20dB,A3_minus_A2,-0.186742869386455,0.027786779403686512,-72,-2304
205,subject_205,0,F3,0.5,20dB,A3_minus_B4,0.04682894701483953,-0.005220484733581554,-5,-160
205,subject_205,0,F4,0.2,none,A3_minus_A2,-0.6778898357041392,0.04628063388034456,-58,-1856
205,subject_205,0,F4,0.2,none,A3_minus_B4,0.6635507786720822,-0.04644991561089956,9,288
205,subject_205,0,F4,0.2,20dB,A3_minus_A2,-0.23391754224855177,0.058472029061484465,-73,-2336
205,subject_205,0,F4,0.2,20dB,A3_minus_B4,0.3388112355269648,-0.048433903486467034,5,160
205,subject_205,0,F4,0.5,none,A3_minus_A2,-0.1376401127475333,0.008512148751685794,-27,-864
205,subject_205,0,F4,0.5,none,A3_minus_B4,-0.10068964375208367,0.007170980686986211,0,0
205,subject_205,0,F4,0.5,20dB,A3_minus_A2,-0.1769154300504976,0.014310183789452091,-31,-992
205,subject_205,0,F4,0.5,20dB,A3_minus_B4,0.21922224649103406,-0.014370570143530603,0,0
205,subject_205,0,F5,0.2,none,A3_minus_A2,-0.023603868543826678,0.00947685718536296,-118,-3776
205,subject_205,0,F5,0.2,none,A3_minus_B4,0.03497766779139155,-0.00563978195190612,-4,-128
205,subject_205,0,F5,0.2,20dB,A3_minus_A2,-0.02778037217360918,0.013148641586304077,-121,-3872
205,subject_205,0,F5,0.2,20dB,A3_minus_B4,-0.01352561987130585,0.0045008230209351435,7,224
205,subject_205,0,F5,0.5,none,A3_minus_A2,-0.20000950645677662,0.01480008125304852,-93,-2976
205,subject_205,0,F5,0.5,none,A3_minus_B4,0.10314315641653238,-0.008024606704713486,-5,-160
205,subject_205,0,F5,0.5,20dB,A3_minus_A2,-0.027436876201772264,0.007707924842833169,-90,-2880
205,subject_205,0,F5,0.5,20dB,A3_minus_B4,0.04433398955004719,-0.005560626983641348,8,256
205,subject_205,1,F0,0.2,none,A3_minus_A2,0.0018325049017633432,0.0009893178939819336,-69,-2208
205,subject_205,1,F0,0.2,none,A3_minus_B4,0.009462503538372857,-0.007015800476074221,-15,-480
205,subject_205,1,F0,0.2,20dB,A3_minus_A2,0.004148155363811412,-0.0034571647644042955,-70,-2240
205,subject_205,1,F0,0.2,20dB,A3_minus_B4,-0.00320058876741669,-0.014222025871276855,20,640
205,subject_205,1,F0,0.5,none,A3_minus_A2,-0.0013094121726453523,3.626346588134818e-05,-67,-2144
205,subject_205,1,F0,0.5,none,A3_minus_B4,-0.0005012975176761358,0.0001836776733398441,-13,-416
205,subject_205,1,F0,0.5,20dB,A3_minus_A2,-0.000341771242620581,0.0005125284194946282,-77,-2464
205,subject_205,1,F0,0.5,20dB,A3_minus_B4,0.006666573565954792,-0.005696153640747071,4,128
205,subject_205,1,F1,0.2,none,A3_minus_A2,-0.0006842461309730652,0.00015461444854736328,-52,-1664
205,subject_205,1,F1,0.2,none,A3_minus_B4,2.0763544803514833e-05,-0.003307938575744629,1,32
205,subject_205,1,F1,0.2,20dB,A3_minus_A2,0.0015838833964085808,0.004876899719238284,-69,-2208
205,subject_205,1,F1,0.2,20dB,A3_minus_B4,0.0012150119026586026,0.006988739967346197,-2,-64
205,subject_205,1,F1,0.5,none,A3_minus_A2,0.0,0.0,-51,-1632
205,subject_205,1,F1,0.5,none,A3_minus_B4,9.006459507077125e-07,-5.245208740262131e-07,2,64
205,subject_205,1,F1,0.5,20dB,A3_minus_A2,0.0006746210064942915,-0.00058703422546387,-60,-1920
205,subject_205,1,F1,0.5,20dB,A3_minus_B4,-0.001982599101523874,-0.0068128108978271484,15,480
205,subject_205,1,F2,0.2,none,A3_minus_A2,-0.0033893403244071862,-0.0008588314056396373,-46,-1472
205,subject_205,1,F2,0.2,none,A3_minus_B4,-0.0034130339783580155,9.994506835939165e-05,7,224
205,subject_205,1,F2,0.2,20dB,A3_minus_A2,0.004038597526664134,-0.002751564979553228,-74,-2368
205,subject_205,1,F2,0.2,20dB,A3_minus_B4,-0.0004462313586568456,-0.0012099266052246205,0,0
205,subject_205,1,F2,0.5,none,A3_minus_A2,1.6660735941087523e-05,3.905296325684704e-05,-48,-1536
205,subject_205,1,F2,0.5,none,A3_minus_B4,1.633580881055252e-05,3.8123130798345395e-05,5,160
205,subject_205,1,F2,0.5,20dB,A3_minus_A2,-8.201344154912249e-07,4.72068786622204e-06,-65,-2080
205,subject_205,1,F2,0.5,20dB,A3_minus_B4,7.19381450586809e-06,-4.4727325439447574e-05,4,128
205,subject_205,1,F3,0.2,none,A3_minus_A2,-0.007065644325297882,0.006608833879088338,-48,-1536
205,subject_205,1,F3,0.2,none,A3_minus_B4,0.04056693638860409,-0.009385633468627932,-17,-544
205,subject_205,1,F3,0.2,20dB,A3_minus_A2,-0.032558802099869055,0.023458091422505614,-61,-1952
205,subject_205,1,F3,0.2,20dB,A3_minus_B4,0.015382665041169474,-0.007299860313944584,-17,-544
205,subject_205,1,F3,0.5,none,A3_minus_A2,-0.020530683427599783,0.0042837142944335965,-26,-832
205,subject_205,1,F3,0.5,none,A3_minus_B4,0.05232316677874316,-0.005938220024108876,-1,-32
205,subject_205,1,F3,0.5,20dB,A3_minus_A2,-0.03844470052857751,0.007008504867553708,-36,-1152
205,subject_205,1,F3,0.5,20dB,A3_minus_B4,-0.01379735925091019,0.00038053989410399836,-12,-384
205,subject_205,1,F4,0.2,none,A3_minus_A2,-0.0026335798242413944,0.001484382629394515,-9,-288
205,subject_205,1,F4,0.2,none,A3_minus_B4,0.013712495200085328,-0.004433261871337912,4,128
205,subject_205,1,F4,0.2,20dB,A3_minus_A2,-0.0068691057417140655,0.004956197738647472,-13,-416
205,subject_205,1,F4,0.2,20dB,A3_minus_B4,0.018268187335552355,-0.00868380069732666,6,192
205,subject_205,1,F4,0.5,none,A3_minus_A2,-0.015604105588698403,0.001588034629821794,-6,-192
205,subject_205,1,F4,0.5,none,A3_minus_B4,0.001423083683054216,-0.000255751609802235,0,0
205,subject_205,1,F4,0.5,20dB,A3_minus_A2,-0.0036017729922832586,0.0006216526031494196,-4,-128
205,subject_205,1,F4,0.5,20dB,A3_minus_B4,-0.00012829673552339216,2.8419494628895148e-05,2,64
205,subject_205,1,F5,0.2,none,A3_minus_A2,-0.018058598996663733,0.00784004211425788,-58,-1856
205,subject_205,1,F5,0.2,none,A3_minus_B4,-0.00011587437498405961,0.0004888868331894697,-22,-704
205,subject_205,1,F5,0.2,20dB,A3_minus_A2,-0.0029205124702453844,0.003550143241882228,-49,-1568
205,subject_205,1,F5,0.2,20dB,A3_minus_B4,0.007524870678263795,-0.008152642250060724,-3,-96
205,subject_205,1,F5,0.5,none,A3_minus_A2,-0.014877731608901712,0.0024083471298215614,-42,-1344
205,subject_205,1,F5,0.5,none,A3_minus_B4,0.00886798666665456,-0.0023006439208989593,4,128
205,subject_205,1,F5,0.5,20dB,A3_minus_A2,-0.0022754468812493656,0.0004272937774658231,-42,-1344
205,subject_205,1,F5,0.5,20dB,A3_minus_B4,0.015725052573959175,-0.002344765663147008,5,160
205,subject_205,2,F0,0.2,none,A3_minus_A2,0.0010559043673303847,-0.0010953664779663093,-44,-1408
205,subject_205,2,F0,0.2,none,A3_minus_B4,-0.003588930073128438,-0.0028508663177490255,5,160
205,subject_205,2,F0,0.2,20dB,A3_minus_A2,0.0002484987816266937,0.0023466348648071306,-55,-1760
205,subject_205,2,F0,0.2,20dB,A3_minus_B4,0.004698507485448644,-0.004255628585815428,12,384
205,subject_205,2,F0,0.5,none,A3_minus_A2,3.952442780175147e-06,6.365776062011719e-05,-49,-1568
205,subject_205,2,F0,0.5,none,A3_minus_B4,3.6151097315695324e-06,5.9461593627930034e-05,-5,-160
205,subject_205,2,F0,0.5,20dB,A3_minus_A2,-0.0006672185603378011,0.0008954763412475589,-55,-1760
205,subject_205,2,F0,0.5,20dB,A3_minus_B4,-0.0008727102924428465,0.0012028694152832024,-10,-320
205,subject_205,2,F1,0.2,none,A3_minus_A2,-0.0011034935556040182,0.0005095243453979437,-40,-1280
205,subject_205,2,F1,0.2,none,A3_minus_B4,-0.00864993305236439,-0.00229799747467041,2,64
205,subject_205,2,F1,0.2,20dB,A3_minus_A2,0.002073129190156564,0.0007177352905273354,-42,-1344
205,subject_205,2,F1,0.2,20dB,A3_minus_B4,0.0008147329898022804,-0.0003139972686767578,4,128
205,subject_205,2,F1,0.5,none,A3_minus_A2,6.153828462096556e-05,5.5670738220214844e-05,-35,-1120
205,subject_205,2,F1,0.5,none,A3_minus_B4,5.562786521728924e-05,4.7206878662109375e-05,3,96
205,subject_205,2,F1,0.5,20dB,A3_minus_A2,-0.0007687118235821799,0.0011120557785034152,-42,-1344
205,subject_205,2,F1,0.5,20dB,A3_minus_B4,-0.0007695114590688945,0.0011106967926025335,-14,-448
205,subject_205,2,F2,0.2,none,A3_minus_A2,0.0003666866925691181,0.00044603347778318647,-50,-1600
205,subject_205,2,F2,0.2,none,A3_minus_B4,0.0001432185567367128,-0.000916814804077154,-10,-320
205,subject_205,2,F2,0.2,20dB,A3_minus_A2,-0.0006040470944892462,0.0009414672851562333,-52,-1664
205,subject_205,2,F2,0.2,20dB,A3_minus_B4,-0.001976316702188896,-0.0003229379653930664,1,32
205,subject_205,2,F2,0.5,none,A3_minus_A2,8.780896862958798e-07,9.393692016579358e-06,-41,-1312
205,subject_205,2,F2,0.5,none,A3_minus_B4,1.2793093535634625e-06,8.05854797361616e-06,1,32
205,subject_205,2,F2,0.5,20dB,A3_minus_A2,0.006699285232301122,7.233619689941961e-05,-48,-1536
205,subject_205,2,F2,0.5,20dB,A3_minus_B4,0.0076303705517748455,0.0003356695175170954,13,416
205,subject_205,2,F3,0.2,none,A3_minus_A2,-0.008275796944108293,0.0059752003980847596,-33,-1056
205,subject_205,2,F3,0.2,none,A3_minus_B4,0.02111668578511683,-0.0032464726136950256,-6,-192
205,subject_205,2,F3,0.2,20dB,A3_minus_A2,-0.005716750717709829,0.007976694243294835,-32,-1024
205,subject_205,2,F3,0.2,20dB,A3_minus_B4,0.008914492057154888,-0.0006771334619358471,-3,-96
205,subject_205,2,F3,0.5,none,A3_minus_A2,-4.1234425021130505e-05,0.00019540786743163507,-6,-192
205,subject_205,2,F3,0.5,none,A3_minus_B4,-4.1234425021130505e-05,0.00019540786743163507,-5,-160
205,subject_205,2,F3,0.5,20dB,A3_minus_A2,2.6106557715621648e-06,4.243850708018915e-06,-12,-384
205,subject_205,2,F3,0.5,20dB,A3_minus_B4,-5.995898455068982e-05,-4.0650367736816406e-05,-1,-32
205,subject_205,2,F4,0.2,none,A3_minus_A2,-0.0051963291774015374,0.001519703865051264,-7,-224
205,subject_205,2,F4,0.2,none,A3_minus_B4,-0.0051963291774015374,0.001519703865051264,-7,-224
205,subject_205,2,F4,0.2,20dB,A3_minus_A2,-0.0005104404116753614,0.004256939888000494,-13,-416
205,subject_205,2,F4,0.2,20dB,A3_minus_B4,-0.0020196755624031226,-0.0015186548233032116,-2,-64
205,subject_205,2,F4,0.5,none,A3_minus_A2,0.0,0.0,0,0
205,subject_205,2,F4,0.5,none,A3_minus_B4,0.0,0.0,0,0
205,subject_205,2,F4,0.5,20dB,A3_minus_A2,-0.003892473035737254,0.0007301568984985352,-5,-160
205,subject_205,2,F4,0.5,20dB,A3_minus_B4,-0.003892473035737254,0.0007301568984985352,-5,-160
205,subject_205,2,F5,0.2,none,A3_minus_A2,0.0014114374894802495,0.002961111068725583,-42,-1344
205,subject_205,2,F5,0.2,none,A3_minus_B4,0.00698445789095814,-0.004361643791199299,-15,-480
205,subject_205,2,F5,0.2,20dB,A3_minus_A2,0.003081591021878438,0.001695370674133112,-39,-1248
205,subject_205,2,F5,0.2,20dB,A3_minus_B4,-0.00458252186707675,0.00389744758605913,21,672
205,subject_205,2,F5,0.5,none,A3_minus_A2,-0.004202320239246049,-0.0007621765136716918,-24,-768
205,subject_205,2,F5,0.5,none,A3_minus_B4,-0.013358759550266441,-0.00037751674651857747,2,64
205,subject_205,2,F5,0.5,20dB,A3_minus_A2,-0.00032165356832081216,0.000928053855895429,-34,-1088
205,subject_205,2,F5,0.5,20dB,A3_minus_B4,0.004579582144016214,-0.00042572021484374445,-7,-224
207,subject_207,0,F0,0.2,none,A3_minus_A2,-0.1493589472907999,0.007886290550231934,-126,-4032
207,subject_207,0,F0,0.2,none,A3_minus_B4,-0.2931773617185307,0.01593775749206543,20,640
207,subject_207,0,F0,0.2,20dB,A3_minus_A2,-0.004089904476956008,0.003876423835754395,-135,-4320
207,subject_207,0,F0,0.2,20dB,A3_minus_B4,-0.005816251070204004,0.00637679100036621,-22,-704
207,subject_207,0,F0,0.5,none,A3_minus_A2,-4.2435853941924506e-08,4.768371582005229e-08,-120,-3840
207,subject_207,0,F0,0.5,none,A3_minus_B4,-4.2435853941924506e-08,4.768371582005229e-08,-7,-224
207,subject_207,0,F0,0.5,20dB,A3_minus_A2,-1.520796335086061e-06,3.8146972656215306e-07,-111,-3552
207,subject_207,0,F0,0.5,20dB,A3_minus_B4,-1.520796335086061e-06,3.8146972656215306e-07,-11,-352
207,subject_207,0,F1,0.2,none,A3_minus_A2,-0.00674747827276434,0.0014880895614624023,-110,-3520
207,subject_207,0,F1,0.2,none,A3_minus_B4,0.531657867605638,-0.03924143314361572,-8,-256
207,subject_207,0,F1,0.2,20dB,A3_minus_A2,-0.009528539109300738,0.0025297164916992243,-111,-3552
207,subject_207,0,F1,0.2,20dB,A3_minus_B4,0.16764440797782143,-0.026268267631530756,-14,-448
207,subject_207,0,F1,0.5,none,A3_minus_A2,-2.139240766751982e-07,2.384185791015625e-07,-102,-3264
207,subject_207,0,F1,0.5,none,A3_minus_B4,-2.139240766751982e-07,2.384185791015625e-07,-11,-352
207,subject_207,0,F1,0.5,20dB,A3_minus_A2,9.550411306236128e-08,9.536743164617612e-08,-109,-3488
207,subject_207,0,F1,0.5,20dB,A3_minus_B4,9.550411306236128e-08,9.536743164617612e-08,-15,-480
207,subject_207,0,F2,0.2,none,A3_minus_A2,-0.012189785929951569,0.0037895679473876898,-115,-3680
207,subject_207,0,F2,0.2,none,A3_minus_B4,1.0378320248076527,-0.07449171543121341,-15,-480
207,subject_207,0,F2,0.2,20dB,A3_minus_A2,0.0014329609327710102,-0.0018556356430053655,-113,-3616
207,subject_207,0,F2,0.2,20dB,A3_minus_B4,0.4152435095244389,-0.05393950939178466,-14,-448
207,subject_207,0,F2,0.5,none,A3_minus_A2,1.6722106366273692e-07,4.7683715836965845e-08,-107,-3424
207,subject_207,0,F2,0.5,none,A3_minus_B4,1.6722106366273692e-07,4.7683715836965845e-08,-12,-384
207,subject_207,0,F2,0.5,20dB,A3_minus_A2,7.089658993209014e-08,1.9073486326459665e-07,-110,-3520
207,subject_207,0,F2,0.5,20dB,A3_minus_B4,7.089658993209014e-08,1.9073486326459665e-07,-16,-512
207,subject_207,0,F3,0.2,none,A3_minus_A2,-0.48118224379861374,0.05599080755726897,-116,-3712
207,subject_207,0,F3,0.2,none,A3_minus_B4,0.5539954311486461,-0.025885041212872634,-38,-1216
207,subject_207,0,F3,0.2,20dB,A3_minus_A2,-0.09240199210521993,0.04725415706634521,-118,-3776
207,subject_207,0,F3,0.2,20dB,A3_minus_B4,0.05621277345235143,-0.02450275421142578,-22,-704
207,subject_207,0,F3,0.5,none,A3_minus_A2,-0.12526855406027693,0.013758492469787595,-73,-2336
207,subject_207,0,F3,0.5,none,A3_minus_B4,0.16443085998463047,-0.008245754241943362,-35,-1120
207,subject_207,0,F3,0.5,20dB,A3_minus_A2,-0.13914801098950136,0.022268056869506836,-78,-2496
207,subject_207,0,F3,0.5,20dB,A3_minus_B4,0.050191954869447386,-0.0015062332153320257,-31,-992
207,subject_207,0,F4,0.2,none,A3_minus_A2,-0.5557632622004895,0.052630482279117236,-71,-2272
207,subject_207,0,F4,0.2,none,A3_minus_B4,0.2626623831561581,-0.021137479896201183,-13,-416
207,subject_207,0,F4,0.2,20dB,A3_minus_A2,-0.18365439575921982,0.04708021964069706,-80,-2560
207,subject_207,0,F4,0.2,20dB,A3_minus_B4,0.4235213394636155,-0.06448671844271436,9,288
207,subject_207,0,F4,0.5,none,A3_minus_A2,-0.1503669028850041,0.008338700708123675,-28,-896
207,subject_207,0,F4,0.5,none,A3_minus_B4,0.077060238148146,-0.0013456950819764335,-19,-608
207,subject_207,0,F4,0.5,20dB,A3_minus_A2,-0.11071864175518975,0.011084961891174305,-29,-928
207,subject_207,0,F4,0.5,20dB,A3_minus_B4,-0.04646770773868525,0.005774974822998047,-21,-672
207,subject_207,0,F5,0.2,none,A3_minus_A2,-0.014467384007812,0.007738628387451374,-115,-3680
207,subject_207,0,F5,0.2,none,A3_minus_B4,0.09563164143633429,-0.008510980606074262,-15,-480
207,subject_207,0,F5,0.2,20dB,A3_minus_A2,-0.03029810997740512,0.016810278892518397,-122,-3904
207,subject_207,0,F5,0.2,20dB,A3_minus_B4,0.0009543129114391036,-0.0017079401016220075,-21,-672
207,subject_207,0,F5,0.5,none,A3_minus_A2,-0.12888196179754985,0.013615798950194956,-101,-3232
207,subject_207,0,F5,0.5,none,A3_minus_B4,0.18730582463529188,-0.013663444519042764,-35,-1120
207,subject_207,0,F5,0.5,20dB,A3_minus_A2,-0.021072253806625696,0.008310894966126983,-107,-3424
207,subject_207,0,F5,0.5,20dB,A3_minus_B4,0.022781868481903444,-0.005200672149656423,-23,-736
207,subject_207,1,F0,0.2,none,A3_minus_A2,0.002406969854749974,-0.0011092901229858409,-87,-2784
207,subject_207,1,F0,0.2,none,A3_minus_B4,-0.00010152665569407304,0.0015251398086547846,11,352
207,subject_207,1,F0,0.2,20dB,A3_minus_A2,0.0017655244400174297,-0.0014226198196411136,-98,-3136
207,subject_207,1,F0,0.2,20dB,A3_minus_B4,-0.0005242345709994822,0.004349851608276367,10,320
207,subject_207,1,F0,0.5,none,A3_minus_A2,0.0,0.0,-76,-2432
207,subject_207,1,F0,0.5,none,A3_minus_B4,0.0,0.0,8,256
207,subject_207,1,F0,0.5,20dB,A3_minus_A2,0.0,0.0,-88,-2816
207,subject_207,1,F0,0.5,20dB,A3_minus_B4,0.0,0.0,16,512
207,subject_207,1,F1,0.2,none,A3_minus_A2,0.0023058343455772956,-0.0018213033676147544,-71,-2272
207,subject_207,1,F1,0.2,none,A3_minus_B4,0.00012950903750308385,-0.0017186641693115318,9,288
207,subject_207,1,F1,0.2,20dB,A3_minus_A2,-0.001522713574811263,-0.0005526781082153265,-100,-3200
207,subject_207,1,F1,0.2,20dB,A3_minus_B4,-0.0064191860665197,-0.00048296451568602405,7,224
207,subject_207,1,F1,0.5,none,A3_minus_A2,0.0,0.0,-71,-2272
207,subject_207,1,F1,0.5,none,A3_minus_B4,0.0,0.0,9,288
207,subject_207,1,F1,0.5,20dB,A3_minus_A2,-1.948020909026127e-07,9.536743164617612e-08,-92,-2944
207,subject_207,1,F1,0.5,20dB,A3_minus_B4,-1.948020909026127e-07,9.536743164617612e-08,16,512
207,subject_207,1,F2,0.2,none,A3_minus_A2,0.0007685656486771109,0.00033991336822508655,-85,-2720
207,subject_207,1,F2,0.2,none,A3_minus_B4,0.00033137808501848554,0.001241707801818842,-4,-128
207,subject_207,1,F2,0.2,20dB,A3_minus_A2,0.002071751601874894,0.0003615379333496149,-96,-3072
207,subject_207,1,F2,0.2,20dB,A3_minus_B4,0.002264079850492706,0.002739930152893061,2,64
207,subject_207,1,F2,0.5,none,A3_minus_A2,0.0,0.0,-83,-2656
207,subject_207,1,F2,0.5,none,A3_minus_B4,0.0,0.0,-2,-64
207,subject_207,1,F2,0.5,20dB,A3_minus_A2,0.0,0.0,-95,-3040
207,subject_207,1,F2,0.5,20dB,A3_minus_B4,0.0,0.0,3,96
207,subject_207,1,F3,0.2,none,A3_minus_A2,-0.0294865689163899,0.010326623916625977,-69,-2208
207,subject_207,1,F3,0.2,none,A3_minus_B4,0.09705883401443671,-0.015776562690734852,-22,-704
207,subject_207,1,F3,0.2,20dB,A3_minus_A2,-0.03438598101158519,0.02161670939344866,-90,-2880
207,subject_207,1,F3,0.2,20dB,A3_minus_B4,0.06570763731619422,-0.024049980866072435,-9,-288
207,subject_207,1,F3,0.5,none,A3_minus_A2,-0.01557666629683041,0.002445483207702631,-8,-256
207,subject_207,1,F3,0.5,none,A3_minus_B4,-0.006316123298898191,0.0014284372329711886,-4,-128
207,subject_207,1,F3,0.5,20dB,A3_minus_A2,-0.0344772334679071,0.007128357887268066,-40,-1280
207,subject_207,1,F3,0.5,20dB,A3_minus_B4,-0.023076757251384805,0.005779170989990229,-35,-1120
207,subject_207,1,F4,0.2,none,A3_minus_A2,-0.13592410619979134,0.011930323636586387,-33,-1056
207,subject_207,1,F4,0.2,none,A3_minus_B4,0.07147423327732128,-0.0039865863446580385,3,96
207,subject_207,1,F4,0.2,20dB,A3_minus_A2,-0.02453304953897728,0.005088034024203991,-33,-1056
207,subject_207,1,F4,0.2,20dB,A3_minus_B4,0.04315288086613123,-0.0075642509844219,14,448
207,subject_207,1,F4,0.5,none,A3_minus_A2,-0.024665315936744037,0.001546239852905279,-8,-256
207,subject_207,1,F4,0.5,none,A3_minus_B4,0.02636089303869582,-0.0012298345565795732,-1,-32
207,subject_207,1,F4,0.5,20dB,A3_minus_A2,-0.018474734747570665,0.0019652366638183427,-12,-384
207,subject_207,1,F4,0.5,20dB,A3_minus_B4,0.02285204100160776,-0.001925396919250505,0,0
207,subject_207,1,F5,0.2,none,A3_minus_A2,-0.022819164288090832,0.012699937820435284,-79,-2528
207,subject_207,1,F5,0.2,none,A3_minus_B4,0.01802855483469301,-0.003949184417724891,-25,-800
207,subject_207,1,F5,0.2,20dB,A3_minus_A2,-0.01625400954436884,0.009582610130309449,-108,-3456
207,subject_207,1,F5,0.2,20dB,A3_minus_B4,0.018847489448976518,-0.011581244468688814,4,128
207,subject_207,1,F5,0.5,none,A3_minus_A2,-0.02232047445433949,0.002202315330505286,-26,-832
207,subject_207,1,F5,0.5,none,A3_minus_B4,0.03096488276236542,-0.0021754264831543024,3,96
207,subject_207,1,F5,0.5,20dB,A3_minus_A2,-0.02668374354079006,0.00788778305053714,-60,-1920
207,subject_207,1,F5,0.5,20dB,A3_minus_B4,0.0007354689596077435,0.0019518423080446823,-8,-256
207,subject_207,2,F0,0.2,none,A3_minus_A2,-0.0038066859402476894,0.0019049406051635737,-116,-3712
207,subject_207,2,F0,0.2,none,A3_minus_B4,-0.003871580567697208,0.0036505937576293943,9,288
207,subject_207,2,F0,0.2,20dB,A3_minus_A2,-0.00040879980551977724,-0.00027165412902832066,-122,-3904
207,subject_207,2,F0,0.2,20dB,A3_minus_B4,0.003683891229417924,-0.008083915710449219,20,640
207,subject_207,2,F0,0.5,none,A3_minus_A2,-4.770238959395101e-08,9.53674316407551e-08,-112,-3584
207,subject_207,2,F0,0.5,none,A3_minus_B4,-4.770238959395101e-08,9.53674316407551e-08,-5,-160
207,subject_207,2,F0,0.5,20dB,A3_minus_A2,4.616212763153271e-07,2.384185791015625e-07,-124,-3968
207,subject_207,2,F0,0.5,20dB,A3_minus_B4,-1.8674307753485664e-06,-5.793571472168229e-06,15,480
207,subject_207,2,F1,0.2,none,A3_minus_A2,0.0008140825016198505,-7.925033569336493e-05,-89,-2848
207,subject_207,2,F1,0.2,none,A3_minus_B4,0.0015230804363213224,-0.0022499322891235407,-6,-192
207,subject_207,2,F1,0.2,20dB,A3_minus_A2,-0.006253853224876593,0.00460009574890137,-100,-3200
207,subject_207,2,F1,0.2,20dB,A3_minus_B4,-0.006556678497350532,0.008358144760131844,10,320
207,subject_207,2,F1,0.5,none,A3_minus_A2,0.0,0.0,-76,-2432
207,subject_207,2,F1,0.5,none,A3_minus_B4,0.0,0.0,6,192
207,subject_207,2,F1,0.5,20dB,A3_minus_A2,1.8258604050913618e-06,8.106231689369858e-07,-76,-2432
207,subject_207,2,F1,0.5,20dB,A3_minus_B4,1.8258604050913618e-06,8.106231689369858e-07,4,128
207,subject_207,2,F2,0.2,none,A3_minus_A2,0.0003367992798963826,-0.0015133380889892356,-102,-3264
207,subject_207,2,F2,0.2,none,A3_minus_B4,2.6630815089134785e-05,2.851486206056908e-05,-19,-608
207,subject_207,2,F2,0.2,20dB,A3_minus_A2,0.00038838800369056514,-0.0016580104827880748,-103,-3296
207,subject_207,2,F2,0.2,20dB,A3_minus_B4,0.0003593432397153151,-0.001101708412170388,-11,-352
207,subject_207,2,F2,0.5,none,A3_minus_A2,0.0,0.0,-92,-2944
207,subject_207,2,F2,0.5,none,A3_minus_B4,0.0,0.0,-9,-288
207,subject_207,2,F2,0.5,20dB,A3_minus_A2,0.0,0.0,-98,-3136
207,subject_207,2,F2,0.5,20dB,A3_minus_B4,0.0,0.0,-13,-416
207,subject_207,2,F3,0.2,none,A3_minus_A2,-0.035910601802477515,0.011079900185174393,-89,-2848
207,subject_207,2,F3,0.2,none,A3_minus_B4,0.07474206325001731,-0.016617758353643958,-33,-1056
207,subject_207,2,F3,0.2,20dB,A3_minus_A2,-0.05771213355615146,0.03555112415322623,-110,-3520
207,subject_207,2,F3,0.2,20dB,A3_minus_B4,0.01912401997459412,-0.011820899559589482,-14,-448
207,subject_207,2,F3,0.5,none,A3_minus_A2,-0.012503210204222626,0.0014004707336425781,-20,-640
207,subject_207,2,F3,0.5,none,A3_minus_B4,-0.012503210204222626,0.0014004707336425781,-14,-448
207,subject_207,2,F3,0.5,20dB,A3_minus_A2,-0.03597980726298644,0.0079768180847168,-54,-1728
207,subject_207,2,F3,0.5,20dB,A3_minus_B4,0.008153082692988534,0.00027134418487548273,-33,-1056
207,subject_207,2,F4,0.2,none,A3_minus_A2,-0.138848872482491,0.013197422027587835,-25,-800
207,subject_207,2,F4,0.2,none,A3_minus_B4,0.004744951520535778,0.00012235641479485526,-8,-256
207,subject_207,2,F4,0.2,20dB,A3_minus_A2,-0.059382235113737636,0.01612444120440265,-32,-1024
207,subject_207,2,F4,0.2,20dB,A3_minus_B4,0.020315097493675438,-0.0019084910770914565,-4,-128
207,subject_207,2,F4,0.5,none,A3_minus_A2,-0.03231347740597457,0.0019237518310546708,-4,-128
207,subject_207,2,F4,0.5,none,A3_minus_B4,-0.03231347740597457,0.0019237518310546708,-4,-128
207,subject_207,2,F4,0.5,20dB,A3_minus_A2,-0.024611550152036088,0.002703285217285162,-10,-320
207,subject_207,2,F4,0.5,20dB,A3_minus_B4,-0.024611550152036088,0.002703285217285162,-10,-320
207,subject_207,2,F5,0.2,none,A3_minus_A2,-0.017468860210197334,0.00670279026031384,-82,-2624
207,subject_207,2,F5,0.2,none,A3_minus_B4,0.03559612639682541,-0.008588504791260644,1,32
207,subject_207,2,F5,0.2,20dB,A3_minus_A2,-0.0024174364989058006,0.00495095252990705,-102,-3264
207,subject_207,2,F5,0.2,20dB,A3_minus_B4,0.019058545409603056,-0.01229520797729542,30,960
207,subject_207,2,F5,0.5,none,A3_minus_A2,-0.01900201256470524,0.0029967737197875294,-50,-1600
207,subject_207,2,F5,0.5,none,A3_minus_B4,-0.017614234241943194,0.003613739013672304,-26,-832
207,subject_207,2,F5,0.5,20dB,A3_minus_A2,-0.00710493466080564,0.0023064613342279813,-61,-1952
207,subject_207,2,F5,0.5,20dB,A3_minus_B4,0.028315136779053063,-0.005782990455627517,4,128
208,subject_208,0,F0,0.2,none,A3_minus_A2,-0.00013477150484320077,0.00048289299011230503,-57,-1824
208,subject_208,0,F0,0.2,none,A3_minus_B4,-0.0001352221862838121,0.00047895908355712925,2,64
208,subject_208,0,F0,0.2,20dB,A3_minus_A2,0.00060446452285845,0.0010888814926147457,-88,-2816
208,subject_208,0,F0,0.2,20dB,A3_minus_B4,0.0010266130818692432,0.0010729551315307607,15,480
208,subject_208,0,F0,0.5,none,A3_minus_A2,0.0,0.0,-57,-1824
208,subject_208,0,F0,0.5,none,A3_minus_B4,0.0,0.0,7,224
208,subject_208,0,F0,0.5,20dB,A3_minus_A2,0.0,4.768371582048597e-08,-85,-2720
208,subject_208,0,F0,0.5,20dB,A3_minus_B4,-1.9478910928683035e-08,-2.384185791015625e-07,22,704
208,subject_208,0,F1,0.2,none,A3_minus_A2,0.00015920096809551865,-0.00020163059234619418,-49,-1568
208,subject_208,0,F1,0.2,none,A3_minus_B4,0.0001884887054117712,-0.00022597312927245816,-12,-384
208,subject_208,0,F1,0.2,20dB,A3_minus_A2,7.56991177262023e-05,-0.0009348392486572266,-75,-2400
208,subject_208,0,F1,0.2,20dB,A3_minus_B4,-0.000569682890976253,0.00024263858795166293,8,256
208,subject_208,0,F1,0.5,none,A3_minus_A2,0.0,0.0,-42,-1344
208,subject_208,0,F1,0.5,none,A3_minus_B4,0.0,0.0,-5,-160
208,subject_208,0,F1,0.5,20dB,A3_minus_A2,0.0,0.0,-83,-2656
208,subject_208,0,F1,0.5,20dB,A3_minus_B4,0.0,0.0,9,288
208,subject_208,0,F2,0.2,none,A3_minus_A2,0.00018583610319922172,-0.00031228065490723766,-45,-1440
208,subject_208,0,F2,0.2,none,A3_minus_B4,0.00018359550412228032,-0.0003453254699707087,3,96
208,subject_208,0,F2,0.2,20dB,A3_minus_A2,9.414717765210412e-05,0.0012719154357910267,-85,-2720
208,subject_208,0,F2,0.2,20dB,A3_minus_B4,-3.378519765284693e-05,0.0020402431488037165,-10,-320
208,subject_208,0,F2,0.5,none,A3_minus_A2,0.0,0.0,-45,-1440
208,subject_208,0,F2,0.5,none,A3_minus_B4,0.0,0.0,-7,-224
208,subject_208,0,F2,0.5,20dB,A3_minus_A2,0.0,0.0,-94,-3008
208,subject_208,0,F2,0.5,20dB,A3_minus_B4,0.0,0.0,-1,-32
208,subject_208,0,F3,0.2,none,A3_minus_A2,-0.03130706818041418,0.010463047027587893,-47,-1504
208,subject_208,0,F3,0.2,none,A3_minus_B4,0.015740554908177273,-0.001622104644775385,-23,-736
208,subject_208,0,F3,0.2,20dB,A3_minus_A2,-0.01703075707146695,0.014213848114013675,-63,-2016
208,subject_208,0,F3,0.2,20dB,A3_minus_B4,0.04100379354646577,-0.018540574728121137,2,64
208,subject_208,0,F3,0.5,none,A3_minus_A2,-0.046914333855781365,0.006522870063781744,-34,-1088
208,subject_208,0,F3,0.5,none,A3_minus_B4,0.029981670158594653,-0.001657724380493164,-12,-384
208,subject_208,0,F3,0.5,20dB,A3_minus_A2,-0.03564097961312385,0.007731413841247564,-35,-1120
208,subject_208,0,F3,0.5,20dB,A3_minus_B4,0.01059978003402584,-0.0023209095001220648,-10,-320
208,subject_208,0,F4,0.2,none,A3_minus_A2,-0.04709398432913403,0.005972258991931767,-23,-736
208,subject_208,0,F4,0.2,none,A3_minus_B4,0.020593228755164006,-0.001870162539745479,-9,-288
208,subject_208,0,F4,0.2,20dB,A3_minus_A2,-0.020538046307734703,0.004933390202952748,-29,-928
208,subject_208,0,F4,0.2,20dB,A3_minus_B4,0.013708307385726926,-0.004396644053028698,-15,-480
208,subject_208,0,F4,0.5,none,A3_minus_A2,-0.032285895064564585,0.002371573448181119,-9,-288
208,subject_208,0,F4,0.5,none,A3_minus_B4,0.00859013100210504,-0.00020625591278078392,-4,-128
208,subject_208,0,F4,0.5,20dB,A3_minus_A2,-0.019248684880411204,0.002175450325012207,-10,-320
208,subject_208,0,F4,0.5,20dB,A3_minus_B4,0.023868665729066763,-0.0018849611282348855,-4,-128
208,subject_208,0,F5,0.2,none,A3_minus_A2,-0.008419128099248496,0.004927673339843085,-51,-1632
208,subject_208,0,F5,0.2,none,A3_minus_B4,0.013135943544554607,-0.0005812978744543784,-8,-256
208,subject_208,0,F5,0.2,20dB,A3_minus_A2,-0.007072711394481956,7.002830505342672e-05,-87,-2784
208,subject_208,0,F5,0.2,20dB,A3_minus_B4,0.0026858243925964587,-0.003512525558471327,0,0
208,subject_208,0,F5,0.5,none,A3_minus_A2,-0.02302163753896025,0.003080267906188365,-38,-1216
208,subject_208,0,F5,0.5,none,A3_minus_B4,0.04051659958763665,-0.005248975753782414,7,224
208,subject_208,0,F5,0.5,20dB,A3_minus_A2,-0.007184448222339768,0.0029168176650994568,-57,-1824
208,subject_208,0,F5,0.5,20dB,A3_minus_B4,0.021094240522437246,-0.004565505981445381,-3,-96
208,subject_208,1,F0,0.2,none,A3_minus_A2,-0.0805675565449171,0.007974576950073241,-83,-2656
208,subject_208,1,F0,0.2,none,A3_minus_B4,-0.10370713996261571,0.01951320171356201,12,384
208,subject_208,1,F0,0.2,20dB,A3_minus_A2,-0.039050063838168114,0.00931272506713867,-94,-3008
208,subject_208,1,F0,0.2,20dB,A3_minus_B4,-0.045518436457232525,0.01753134727478027,24,768
208,subject_208,1,F0,0.5,none,A3_minus_A2,-0.002718844619217009,0.0014058828353881833,-82,-2624
208,subject_208,1,F0,0.5,none,A3_minus_B4,-0.0027112695300957057,0.001401424407958984,7,224
208,subject_208,1,F0,0.5,20dB,A3_minus_A2,0.002117252135890979,0.0007442235946655273,-101,-3232
208,subject_208,1,F0,0.5,20dB,A3_minus_B4,0.001768204922685257,0.0010524988174438477,9,288
208,subject_208,1,F1,0.2,none,A3_minus_A2,-0.004203680609283111,0.004403090476989738,-77,-2464
208,subject_208,1,F1,0.2,none,A3_minus_B4,0.5641845353177573,-0.03716852664947509,-7,-224
208,subject_208,1,F1,0.2,20dB,A3_minus_A2,-0.0010858868622420914,0.004049277305603033,-89,-2848
208,subject_208,1,F1,0.2,20dB,A3_minus_B4,0.2657982288593921,-0.03950142860412596,-2,-64
208,subject_208,1,F1,0.5,none,A3_minus_A2,-0.009622531928057398,0.0024498701095581055,-75,-2400
208,subject_208,1,F1,0.5,none,A3_minus_B4,0.10219365565394689,-0.017040944099426275,6,192
208,subject_208,1,F1,0.5,20dB,A3_minus_A2,-0.006371716951486306,0.0027609109878540122,-91,-2912
208,subject_208,1,F1,0.5,20dB,A3_minus_B4,0.0736982054010813,-0.016090226173400876,17,544
208,subject_208,1,F2,0.2,none,A3_minus_A2,-0.011119482975878725,0.0008538246154785045,-75,-2400
208,subject_208,1,F2,0.2,none,A3_minus_B4,0.6811324707080821,-0.05496299266815188,-22,-704
208,subject_208,1,F2,0.2,20dB,A3_minus_A2,0.001275474946456967,-0.004548788070678711,-81,-2592
208,subject_208,1,F2,0.2,20dB,A3_minus_B4,0.0714091887059709,-0.00990090370178226,-4,-128
208,subject_208,1,F2,0.5,none,A3_minus_A2,-8.036938602629107e-06,-0.00030190944671629194,-62,-1984
208,subject_208,1,F2,0.5,none,A3_minus_B4,-2.348833955778673e-06,-2.6226043701171875e-06,2,64
208,subject_208,1,F2,0.5,20dB,A3_minus_A2,0.00034090753716498057,-0.00047950744628907915,-85,-2720
208,subject_208,1,F2,0.5,20dB,A3_minus_B4,0.0003253013124950854,-0.0010080814361572432,6,192
208,subject_208,1,F3,0.2,none,A3_minus_A2,-0.06116624364879897,0.018730592989965295,-72,-2304
208,subject_208,1,F3,0.2,none,A3_minus_B4,0.5253535704686882,-0.04119892094130913,-13,-416
208,subject_208,1,F3,0.2,20dB,A3_minus_A2,-0.023341367898325416,0.018150673946076015,-85,-2720
208,subject_208,1,F3,0.2,20dB,A3_minus_B4,0.26644919636407494,-0.052798308292693524,-5,-160
208,subject_208,1,F3,0.5,none,A3_minus_A2,-0.018752413305847426,0.0026324987411499023,-37,-1184
208,subject_208,1,F3,0.5,none,A3_minus_B4,0.038748597607511925,-0.0037329912185669056,-11,-352
208,subject_208,1,F3,0.5,20dB,A3_minus_A2,-0.027030013323216195,0.006907153129577626,-47,-1504
208,subject_208,1,F3,0.5,20dB,A3_minus_B4,0.035225935557219756,-0.005283451080322271,-7,-224
208,subject_208,1,F4,0.2,none,A3_minus_A2,-0.1766968990565445,0.016182107418506453,-29,-928
208,subject_208,1,F4,0.2,none,A3_minus_B4,-0.007259686659846665,-0.009554630402343334,-2,-64
208,subject_208,1,F4,0.2,20dB,A3_minus_A2,-0.09288783088832986,0.028229315903661123,-48,-1536
208,subject_208,1,F4,0.2,20dB,A3_minus_B4,0.11114353959336754,-0.02426409328115625,-3,-96
208,subject_208,1,F4,0.5,none,A3_minus_A2,-0.0017909428119118331,0.00030989646911622204,-2,-64
208,subject_208,1,F4,0.5,none,A3_minus_B4,0.00282129929460595,-0.00023102760314941406,1,32
208,subject_208,1,F4,0.5,20dB,A3_minus_A2,-0.015149999113660328,0.0018207788467407282,-9,-288
208,subject_208,1,F4,0.5,20dB,A3_minus_B4,-0.01892717601081806,0.00256939073684212,-3,-96
208,subject_208,1,F5,0.2,none,A3_minus_A2,-0.17206834784281355,0.012700314521789477,-74,-2368
208,subject_208,1,F5,0.2,none,A3_minus_B4,-0.23276723869023286,0.016076092720031264,4,128
208,subject_208,1,F5,0.2,20dB,A3_minus_A2,-0.01794465955520863,0.0053753614425650215,-99,-3168
208,subject_208,1,F5,0.2,20dB,A3_minus_B4,-0.04638343869283901,0.012578468322753791,17,544
208,subject_208,1,F5,0.5,none,A3_minus_A2,-0.005633631285093088,0.0028778934478756527,-42,-1344
208,subject_208,1,F5,0.5,none,A3_minus_B4,0.007383850396596614,-0.0013815641403189388,1,32
208,subject_208,1,F5,0.5,20dB,A3_minus_A2,-0.013491489523810074,0.004743776321411104,-56,-1792
208,subject_208,1,F5,0.5,20dB,A3_minus_B4,0.02005964352596301,-0.0026044178009035704,-5,-160
208,subject_208,2,F0,0.2,none,A3_minus_A2,0.002393630222350396,-0.0014812707901000997,-81,-2592
208,subject_208,2,F0,0.2,none,A3_minus_B4,0.00045354206365644245,0.00396456718444824,5,160
208,subject_208,2,F0,0.2,20dB,A3_minus_A2,0.0021512258863474187,-0.0014083623886108412,-88,-2816
208,subject_208,2,F0,0.2,20dB,A3_minus_B4,-0.025602818525467086,0.013612723350524903,35,1120
208,subject_208,2,F0,0.5,none,A3_minus_A2,-3.6370372313854205e-07,1.8119812011719617e-06,-81,-2592
208,subject_208,2,F0,0.5,none,A3_minus_B4,8.069619816808427e-07,-9.2029571533204e-06,8,256
208,subject_208,2,F0,0.5,20dB,A3_minus_A2,-6.0326083808348585e-06,-0.0003124713897705079,-86,-2752
208,subject_208,2,F0,0.5,20dB,A3_minus_B4,0.0,0.0,18,576
208,subject_208,2,F1,0.2,none,A3_minus_A2,0.0011240166405279695,-0.002234888076782224,-63,-2016
208,subject_208,2,F1,0.2,none,A3_minus_B4,-0.00041768159290356266,0.0032151699066162165,-3,-96
208,subject_208,2,F1,0.2,20dB,A3_minus_A2,0.0002335829661426203,-0.002927637100219732,-92,-2944
208,subject_208,2,F1,0.2,20dB,A3_minus_B4,0.022999612244799295,-0.007940864562988287,1,32
208,subject_208,2,F1,0.5,none,A3_minus_A2,0.000244132422164256,-0.0006225347518920843,-61,-1952
208,subject_208,2,F1,0.5,none,A3_minus_B4,0.0,0.0,3,96
208,subject_208,2,F1,0.5,20dB,A3_minus_A2,0.0003192907924898236,-0.000925254821777341,-58,-1856
208,subject_208,2,F1,0.5,20dB,A3_minus_B4,0.0,0.0,10,320
208,subject_208,2,F2,0.2,none,A3_minus_A2,0.0006467532273113363,-0.001942586898803722,-59,-1888
208,subject_208,2,F2,0.2,none,A3_minus_B4,-0.0007791584008565167,0.0011636734008789174,-1,-32
208,subject_208,2,F2,0.2,20dB,A3_minus_A2,0.0011542436833735792,-0.002881860733032232,-75,-2400
208,subject_208,2,F2,0.2,20dB,A3_minus_B4,-0.003635985101338335,-0.0017894744873047097,-14,-448
208,subject_208,2,F2,0.5,none,A3_minus_A2,2.6327163915595975e-07,2.384185791015625e-07,-56,-1792
208,subject_208,2,F2,0.5,none,A3_minus_B4,0.0,0.0,2,64
208,subject_208,2,F2,0.5,20dB,A3_minus_A2,0.00013758194621971143,-0.0008984565734863337,-74,-2368
208,subject_208,2,F2,0.5,20dB,A3_minus_B4,0.00013780417531883415,-0.0008987426757812722,-8,-256
208,subject_208,2,F3,0.2,none,A3_minus_A2,-0.04179324587266464,0.020893669128417974,-75,-2400
208,subject_208,2,F3,0.2,none,A3_minus_B4,0.13283358791016653,-0.023029279708862302,-8,-256
208,subject_208,2,F3,0.2,20dB,A3_minus_A2,-0.02161407031299234,0.018107938766479495,-73,-2336
208,subject_208,2,F3,0.2,20dB,A3_minus_B4,0.056868957708573475,-0.025461816787719735,-4,-128
208,subject_208,2,F3,0.5,none,A3_minus_A2,-0.0759206485796966,0.00987837314605712,-32,-1024
208,subject_208,2,F3,0.5,none,A3_minus_B4,0.05310389149327577,-0.0022695064544677734,-6,-192
208,subject_208,2,F3,0.5,20dB,A3_minus_A2,-0.048228073428907337,0.010177636146545418,-45,-1440
208,subject_208,2,F3,0.5,20dB,A3_minus_B4,0.003394801466397368,0.0007648944854736356,-16,-512
208,subject_208,2,F4,0.2,none,A3_minus_A2,-0.07380039359584245,0.01257263282542917,-30,-960
208,subject_208,2,F4,0.2,none,A3_minus_B4,-0.01802773630533494,0.0027710781455585753,-16,-512
208,subject_208,2,F4,0.2,20dB,A3_minus_A2,-0.0470448308948761,0.01651852491740935,-36,-1152
208,subject_208,2,F4,0.2,20dB,A3_minus_B4,-0.02740290286984859,0.009480885299489428,-19,-608
208,subject_208,2,F4,0.5,none,A3_minus_A2,-0.0034012252370949625,0.00030078887939455345,-3,-96
208,subject_208,2,F4,0.5,none,A3_minus_B4,0.004775049619262006,-0.0006179571151733176,3,96
208,subject_208,2,F4,0.5,20dB,A3_minus_A2,-0.00838129880245475,0.0013875007629394476,-7,-224
208,subject_208,2,F4,0.5,20dB,A3_minus_B4,0.0022799145347836003,-0.00014402866363524836,-1,-32
208,subject_208,2,F5,0.2,none,A3_minus_A2,-0.01576488214350036,0.004037642478942345,-75,-2400
208,subject_208,2,F5,0.2,none,A3_minus_B4,-0.01877964157998946,0.003637232780456766,-5,-160
208,subject_208,2,F5,0.2,20dB,A3_minus_A2,-0.020885912389896788,0.026009507179256097,-107,-3424
208,subject_208,2,F5,0.2,20dB,A3_minus_B4,0.01893127956896734,-0.01949377059936684,13,416
208,subject_208,2,F5,0.5,none,A3_minus_A2,-0.012899375019699733,0.0020106554031372043,-29,-928
208,subject_208,2,F5,0.5,none,A3_minus_B4,-0.007677336790401057,7.295608520507812e-05,4,128
208,subject_208,2,F5,0.5,20dB,A3_minus_A2,-0.008252589195274496,0.00322342395782229,-64,-2048
208,subject_208,2,F5,0.5,20dB,A3_minus_B4,0.014494432607850882,-0.003732776641843391,-2,-64
209,subject_209,0,F0,0.2,none,A3_minus_A2,-0.023910867711389727,0.006242489814758299,-93,-2976
209,subject_209,0,F0,0.2,none,A3_minus_B4,-0.01708682457217492,0.011570024490356445,26,832
209,subject_209,0,F0,0.2,20dB,A3_minus_A2,-0.007687133256853329,0.0034472465515136726,-95,-3040
209,subject_209,0,F0,0.2,20dB,A3_minus_B4,-0.01930275081843469,0.009939575195312501,34,1088
209,subject_209,0,F0,0.5,none,A3_minus_A2,0.0002442302557525977,-0.0006249427795410156,-88,-2816
209,subject_209,0,F0,0.5,none,A3_minus_B4,0.0,0.0,24,768
209,subject_209,0,F0,0.5,20dB,A3_minus_A2,-0.0001284219368073991,-0.001237726211547852,-90,-2880
209,subject_209,0,F0,0.5,20dB,A3_minus_B4,-0.0008844113317856284,0.0009374141693115233,27,864
209,subject_209,0,F1,0.2,none,A3_minus_A2,0.00848874279504841,0.002087712287902832,-83,-2656
209,subject_209,0,F1,0.2,none,A3_minus_B4,0.14013663698644407,-0.015085506439208973,11,352
209,subject_209,0,F1,0.2,20dB,A3_minus_A2,-0.007622833684903796,-0.0018388748168945285,-88,-2816
209,subject_209,0,F1,0.2,20dB,A3_minus_B4,-0.003274458341470776,0.0016794681549072293,15,480
209,subject_209,0,F1,0.5,none,A3_minus_A2,0.0001761288809447592,-0.0009252548217773549,-74,-2368
209,subject_209,0,F1,0.5,none,A3_minus_B4,0.0,0.0,15,480
209,subject_209,0,F1,0.5,20dB,A3_minus_A2,-0.00025760352318293656,-4.811286926269254e-05,-85,-2720
209,subject_209,0,F1,0.5,20dB,A3_minus_B4,-0.0013205364430817212,0.0007912397384643582,13,416
209,subject_209,0,F2,0.2,none,A3_minus_A2,-0.0023749652228470808,-0.0004347801208496316,-80,-2560
209,subject_209,0,F2,0.2,none,A3_minus_B4,0.1475173309094675,-0.02115900516510011,6,192
209,subject_209,0,F2,0.2,20dB,A3_minus_A2,0.001184746845892093,-0.002418303489685053,-85,-2720
209,subject_209,0,F2,0.2,20dB,A3_minus_B4,0.004176496805165186,0.0015339851379394531,5,160
209,subject_209,0,F2,0.5,none,A3_minus_A2,-1.3433157986852962e-05,0.00015587806701661266,-81,-2592
209,subject_209,0,F2,0.5,none,A3_minus_B4,-3.792708086614027e-05,-0.0005033969879150169,6,192
209,subject_209,0,F2,0.5,20dB,A3_minus_A2,-9.775241638187993e-05,-0.0008139133453369252,-84,-2688
209,subject_209,0,F2,0.5,20dB,A3_minus_B4,0.000719753309617488,-0.001073384284973139,0,0
209,subject_209,0,F3,0.2,none,A3_minus_A2,-0.024758330387907534,0.015314927101135259,-77,-2464
209,subject_209,0,F3,0.2,none,A3_minus_B4,0.18784810198891222,-0.04731366923777813,4,128
209,subject_209,0,F3,0.2,20dB,A3_minus_A2,-0.025588635639566704,0.025765252113342282,-99,-3168
209,subject_209,0,F3,0.2,20dB,A3_minus_B4,0.13434203411414636,-0.052067875862121596,3,96
209,subject_209,0,F3,0.5,none,A3_minus_A2,-0.0181823179292131,0.006387901306152341,-42,-1344
209,subject_209,0,F3,0.5,none,A3_minus_B4,-0.009720074000526324,0.0007635593414306585,-9,-288
209,subject_209,0,F3,0.5,20dB,A3_minus_A2,-0.025938156438948923,0.00652623176574707,-47,-1504
209,subject_209,0,F3,0.5,20dB,A3_minus_B4,-0.008384729443305261,0.0016540050506591852,-12,-384
209,subject_209,0,F4,0.2,none,A3_minus_A2,-0.04257712064689301,0.008433958976060363,-16,-512
209,subject_209,0,F4,0.2,none,A3_minus_B4,0.03286522987620799,-0.00575340083381512,-1,-32
209,subject_209,0,F4,0.2,20dB,A3_minus_A2,-0.04434334399882012,0.02022404686116472,-43,-1376
209,subject_209,0,F4,0.2,20dB,A3_minus_B4,-0.007648190707596925,0.003522531451656319,3,96
209,subject_209,0,F4,0.5,none,A3_minus_A2,-0.001291830597498489,0.00015614032745361883,-2,-64
209,subject_209,0,F4,0.5,none,A3_minus_B4,0.003044401458810242,-0.000390553474426264,1,32
209,subject_209,0,F4,0.5,20dB,A3_minus_A2,-0.00019156720950697093,3.8504600524902344e-05,-2,-64
209,subject_209,0,F4,0.5,20dB,A3_minus_B4,0.009089710730593836,-0.001310634613037126,3,96
209,subject_209,0,F5,0.2,none,A3_minus_A2,-0.005537375223827468,0.011504607200624586,-92,-2944
209,subject_209,0,F5,0.2,none,A3_minus_B4,0.01325986938441659,-0.015947513580323938,8,256
209,subject_209,0,F5,0.2,20dB,A3_minus_A2,-0.01980049213892876,0.010761628150939742,-88,-2816
209,subject_209,0,F5,0.2,20dB,A3_minus_B4,0.005312636617688327,-0.0016287899017305152,21,672
209,subject_209,0,F5,0.5,none,A3_minus_A2,-0.004740862899026865,0.004830517768859725,-49,-1568
209,subject_209,0,F5,0.5,none,A3_minus_B4,0.0066355124172154945,0.0016975784301756433,-8,-256
209,subject_209,0,F5,0.5,20dB,A3_minus_A2,-0.0022892250380177614,0.005870442390441613,-72,-2304
209,subject_209,0,F5,0.5,20dB,A3_minus_B4,0.018562241449089356,-0.0031213283538816597,-11,-352
209,subject_209,1,F0,0.2,none,A3_minus_A2,-0.002986853740981843,-0.0036371946334838867,-72,-2304
209,subject_209,1,F0,0.2,none,A3_minus_B4,-0.0013165351626582833,-0.008192992210388182,17,544
209,subject_209,1,F0,0.2,20dB,A3_minus_A2,0.002867921828311637,-0.0019399166107177748,-79,-2528
209,subject_209,1,F0,0.2,20dB,A3_minus_B4,-0.003199042206587066,-0.00078561305999756,10,320
209,subject_209,1,F0,0.5,none,A3_minus_A2,-0.0023020168147631637,-0.0001424789428710934,-68,-2176
209,subject_209,1,F0,0.5,none,A3_minus_B4,-0.003959161070071104,-0.0018159151077270508,5,160
209,subject_209,1,F0,0.5,20dB,A3_minus_A2,0.0011164507376282273,0.0012237548828124998,-73,-2336
209,subject_209,1,F0,0.5,20dB,A3_minus_B4,0.0056920420860340215,-0.0017654895782470703,14,448
209,subject_209,1,F1,0.2,none,A3_minus_A2,-0.0012161989506900284,-0.0022628307342529297,-69,-2208
209,subject_209,1,F1,0.2,none,A3_minus_B4,0.001271243133132316,-0.007510542869567871,13,416
209,subject_209,1,F1,0.2,20dB,A3_minus_A2,-0.00037236919147254355,-0.001728916168212899,-79,-2528
209,subject_209,1,F1,0.2,20dB,A3_minus_B4,0.013022214425106426,-0.006660318374633795,6,192
209,subject_209,1,F1,0.5,none,A3_minus_A2,-0.0019659074216757944,0.0015094757080078153,-66,-2112
209,subject_209,1,F1,0.5,none,A3_minus_B4,0.001295032911386329,-0.0005102157592773438,1,32
209,subject_209,1,F1,0.5,20dB,A3_minus_A2,-0.0024730271623152333,-0.0008189201354980441,-71,-2272
209,subject_209,1,F1,0.5,20dB,A3_minus_B4,-0.0010678851320129468,0.001833844184875491,16,512
209,subject_209,1,F2,0.2,none,A3_minus_A2,-0.001440605222962077,0.00022420883178708717,-68,-2176
209,subject_209,1,F2,0.2,none,A3_minus_B4,0.00447376543006861,-0.0068936586380005105,-7,-224
209,subject_209,1,F2,0.2,20dB,A3_minus_A2,-0.0032706212058162265,-0.0013582229614257646,-79,-2528
209,subject_209,1,F2,0.2,20dB,A3_minus_B4,0.006651117259789174,-0.010564327239990234,-6,-192
209,subject_209,1,F2,0.5,none,A3_minus_A2,0.0008764717521874132,0.0016672611236572266,-57,-1824
209,subject_209,1,F2,0.5,none,A3_minus_B4,-0.00039071393593737014,0.0007891416549682673,3,96
209,subject_209,1,F2,0.5,20dB,A3_minus_A2,0.0004868433386082671,-0.0003814697265625,-66,-2112
209,subject_209,1,F2,0.5,20dB,A3_minus_B4,0.0008357306278128362,-0.004601240158081055,9,288
209,subject_209,1,F3,0.2,none,A3_minus_A2,-0.01622896551673847,0.012844908928112062,-72,-2304
209,subject_209,1,F3,0.2,none,A3_minus_B4,0.09162871338439516,-0.035333532815218796,4,128
209,subject_209,1,F3,0.2,20dB,A3_minus_A2,-0.021189881916672704,0.025097029160252998,-88,-2816
209,subject_209,1,F3,0.2,20dB,A3_minus_B4,0.06672367901959753,-0.04550612862687603,21,672
209,subject_209,1,F3,0.5,none,A3_minus_A2,-0.0688210310452444,0.013025999069213867,-61,-1952
209,subject_209,1,F3,0.5,none,A3_minus_B4,0.048192322295179224,-0.0006935596466064453,-17,-544
209,subject_209,1,F3,0.5,20dB,A3_minus_A2,-0.026973168089700295,0.008690118789672852,-49,-1568
209,subject_209,1,F3,0.5,20dB,A3_minus_B4,0.021323203297264115,-0.003796219825744629,-9,-288
209,subject_209,1,F4,0.2,none,A3_minus_A2,-0.11983637208199127,0.025226905458733878,-45,-1440
209,subject_209,1,F4,0.2,none,A3_minus_B4,-0.020228461101847728,-0.0011831214036947535,-6,-192
209,subject_209,1,F4,0.2,20dB,A3_minus_A2,-0.06083421184158233,0.025203057497570652,-50,-1600
209,subject_209,1,F4,0.2,20dB,A3_minus_B4,0.028756070558138447,-0.02123936203911647,5,160
209,subject_209,1,F4,0.5,none,A3_minus_A2,-0.04290904180380295,0.004324412345886236,-12,-384
209,subject_209,1,F4,0.5,none,A3_minus_B4,0.0036050037489250286,0.000998687744140636,-5,-160
209,subject_209,1,F4,0.5,20dB,A3_minus_A2,-0.00920241918693776,0.001049733161926275,-8,-256
209,subject_209,1,F4,0.5,20dB,A3_minus_B4,0.014926537868939604,-0.001169228553771967,0,0
209,subject_209,1,F5,0.2,none,A3_minus_A2,-0.00016308103544204755,-0.003554654121398923,-72,-2304
209,subject_209,1,F5,0.2,none,A3_minus_B4,0.023588553442635884,-0.012124671936035017,16,512
209,subject_209,1,F5,0.2,20dB,A3_minus_A2,-0.0012017969732642797,0.0029535531997671866,-76,-2432
209,subject_209,1,F5,0.2,20dB,A3_minus_B4,0.011271189106890844,-0.0077575492858891065,-2,-64
209,subject_209,1,F5,0.5,none,A3_minus_A2,-0.017486508171817405,0.003750348091125316,-38,-1216
209,subject_209,1,F5,0.5,none,A3_minus_B4,-0.00041537963046067716,0.0001269340515165085,4,128
209,subject_209,1,F5,0.5,20dB,A3_minus_A2,-0.027165616257383007,0.005405158996582685,-58,-1856
209,subject_209,1,F5,0.5,20dB,A3_minus_B4,0.04920064158292092,-0.009985909461975764,-3,-96
209,subject_209,2,F0,0.2,none,A3_minus_A2,-0.00025419835125717327,0.0012456178665161133,-51,-1632
209,subject_209,2,F0,0.2,none,A3_minus_B4,0.0008822055467803125,-0.000977849960327147,2,64
209,subject_209,2,F0,0.2,20dB,A3_minus_A2,0.00025534857212328177,0.0011328458786010742,-70,-2240
209,subject_209,2,F0,0.2,20dB,A3_minus_B4,0.0005901445059830479,-0.001766180992126467,8,256
209,subject_209,2,F0,0.5,none,A3_minus_A2,0.00033711655670032314,0.00024266242980957014,-50,-1600
209,subject_209,2,F0,0.5,none,A3_minus_B4,0.0023908513903379003,-0.004225301742553711,5,160
209,subject_209,2,F0,0.5,20dB,A3_minus_A2,-9.340230811005767e-07,5.292892456053994e-06,-72,-2304
209,subject_209,2,F0,0.5,20dB,A3_minus_B4,-2.3624111875619747e-06,-6.0248374938965885e-05,2,64
209,subject_209,2,F1,0.2,none,A3_minus_A2,-5.662119871985283e-05,0.0010116815567016713,-51,-1632
209,subject_209,2,F1,0.2,none,A3_minus_B4,0.00037928418295507527,0.00012507438659668801,6,192
209,subject_209,2,F1,0.2,20dB,A3_minus_A2,-0.00105879391920638,0.00011923313140869973,-63,-2016
209,subject_209,2,F1,0.2,20dB,A3_minus_B4,0.002830606019998072,-0.003796172142028806,0,0
209,subject_209,2,F1,0.5,none,A3_minus_A2,4.47657595508133e-05,-0.0002467632293701172,-51,-1632
209,subject_209,2,F1,0.5,none,A3_minus_B4,4.895645578884e-05,-0.00031635761260985495,5,160
209,subject_209,2,F1,0.5,20dB,A3_minus_A2,7.676487534524767e-08,1.025199890147821e-06,-80,-2560
209,subject_209,2,F1,0.5,20dB,A3_minus_B4,7.676487534524767e-08,1.025199890147821e-06,-7,-224
209,subject_209,2,F2,0.2,none,A3_minus_A2,0.00017736233684395586,0.0007957935333251787,-61,-1952
209,subject_209,2,F2,0.2,none,A3_minus_B4,0.004134621905309999,-0.008473038673400907,-1,-32
209,subject_209,2,F2,0.2,20dB,A3_minus_A2,-0.00119355777440866,0.004480910301208507,-77,-2464
209,subject_209,2,F2,0.2,20dB,A3_minus_B4,0.0036645023134784793,-0.0110516548156738,-3,-96
209,subject_209,2,F2,0.5,none,A3_minus_A2,3.099814612284035e-05,-0.0006513833999634011,-57,-1824
209,subject_209,2,F2,0.5,none,A3_minus_B4,-6.225017610717032e-06,0.00027632713317871094,1,32
209,subject_209,2,F2,0.5,20dB,A3_minus_A2,0.00011556441724991373,-0.0009091615676879716,-62,-1984
209,subject_209,2,F2,0.5,20dB,A3_minus_B4,1.1714353700398306e-05,-2.9087066650390625e-05,2,64
209,subject_209,2,F3,0.2,none,A3_minus_A2,-0.013631738365209145,0.011161408139817183,-47,-1504
209,subject_209,2,F3,0.2,none,A3_minus_B4,0.03279993672373038,-0.02050650981395001,10,320
209,subject_209,2,F3,0.2,20dB,A3_minus_A2,-0.01431074436460733,0.016698827346258716,-72,-2304
209,subject_209,2,F3,0.2,20dB,A3_minus_B4,0.05442450803797527,-0.04249200820922852,11,352
209,subject_209,2,F3,0.5,none,A3_minus_A2,-0.05442348703305555,0.01000313758850098,-44,-1408
209,subject_209,2,F3,0.5,none,A3_minus_B4,0.03706102745866957,-0.0012003183364868164,-7,-224
209,subject_209,2,F3,0.5,20dB,A3_minus_A2,-0.04548833485778303,0.010713720321655268,-47,-1504
209,subject_209,2,F3,0.5,20dB,A3_minus_B4,0.013469607177528431,-0.003558945655822751,-6,-192
209,subject_209,2,F4,0.2,none,A3_minus_A2,-0.01380236885002617,0.004037980110877054,-18,-576
209,subject_209,2,F4,0.2,none,A3_minus_B4,-0.0008691511679579378,0.00036678698801326237,-11,-352
209,subject_209,2,F4,0.2,20dB,A3_minus_A2,-0.0107342165240496,0.00817873228889568,-25,-800
209,subject_209,2,F4,0.2,20dB,A3_minus_B4,0.0025332097880763627,0.0034103304021542713,-5,-160
209,subject_209,2,F4,0.5,none,A3_minus_A2,-0.016012041837548452,0.0019005060195922963,-6,-192
209,subject_209,2,F4,0.5,none,A3_minus_B4,0.004928387699369097,1.4066696167047699e-06,-1,-32
209,subject_209,2,F4,0.5,20dB,A3_minus_A2,-0.007230301610263723,0.0011954069137573298,-6,-192
209,subject_209,2,F4,0.5,20dB,A3_minus_B4,-0.007230301610263723,0.0011954069137573298,-6,-192
209,subject_209,2,F5,0.2,none,A3_minus_A2,-0.007992806525631835,0.00518544197082349,-50,-1600
209,subject_209,2,F5,0.2,none,A3_minus_B4,0.0018919726673409798,-0.005439023971556642,3,96
209,subject_209,2,F5,0.2,20dB,A3_minus_A2,-0.0010240086994564024,0.008693361282347559,-66,-2112
209,subject_209,2,F5,0.2,20dB,A3_minus_B4,0.0023781521961545593,-9.284019470126581e-05,-2,-64
209,subject_209,2,F5,0.5,none,A3_minus_A2,-0.003788072580155344,0.0027335262298587293,-37,-1184
209,subject_209,2,F5,0.5,none,A3_minus_B4,-0.005162685993679972,0.0018587207794187321,-1,-32
209,subject_209,2,F5,0.5,20dB,A3_minus_A2,-0.0019586268959308484,0.0017796182632457413,-49,-1568
209,subject_209,2,F5,0.5,20dB,A3_minus_B4,0.019458126006187015,-0.007439651489258556,-9,-288
210,subject_210,0,F0,0.2,none,A3_minus_A2,-0.0012782953856103063,0.001338863372802734,-75,-2400
210,subject_210,0,F0,0.2,none,A3_minus_B4,-0.003277409062551584,-0.0023879528045654304,6,192
210,subject_210,0,F0,0.2,20dB,A3_minus_A2,0.0013737390882937461,-0.0033500671386718743,-101,-3232
210,subject_210,0,F0,0.2,20dB,A3_minus_B4,0.004156399608067574,-0.005915427207946779,18,576
210,subject_210,0,F0,0.5,none,A3_minus_A2,0.0,0.0,-75,-2400
210,subject_210,0,F0,0.5,none,A3_minus_B4,0.0,0.0,-1,-32
210,subject_210,0,F0,0.5,20dB,A3_minus_A2,0.0003881772920522053,0.0006428718566894526,-103,-3296
210,subject_210,0,F0,0.5,20dB,A3_minus_B4,0.0005325390823571752,0.0009439468383789056,5,160
210,subject_210,0,F1,0.2,none,A3_minus_A2,-3.953908452913879e-05,0.0016430139541625949,-54,-1728
210,subject_210,0,F1,0.2,none,A3_minus_B4,0.0009919608264787882,-0.0017492055892944364,6,192
210,subject_210,0,F1,0.2,20dB,A3_minus_A2,5.73020088339149e-05,-2.0408630371102077e-05,-81,-2592
210,subject_210,0,F1,0.2,20dB,A3_minus_B4,0.004987511822537982,-0.0020885467529296875,-6,-192
210,subject_210,0,F1,0.5,none,A3_minus_A2,0.0,0.0,-53,-1696
210,subject_210,0,F1,0.5,none,A3_minus_B4,0.0,0.0,5,160
210,subject_210,0,F1,0.5,20dB,A3_minus_A2,-1.5910122321827203e-06,3.910064697257298e-06,-69,-2208
210,subject_210,0,F1,0.5,20dB,A3_minus_B4,-4.913825184971188e-05,-5.4454803466802426e-05,17,544
210,subject_210,0,F2,0.2,none,A3_minus_A2,-0.0010446596648527873,0.0014447927474975364,-53,-1696
210,subject_210,0,F2,0.2,none,A3_minus_B4,-0.002364002283826494,-0.002070736885070812,15,480
210,subject_210,0,F2,0.2,20dB,A3_minus_A2,0.0016672034284148651,0.0019802331924438366,-95,-3040
210,subject_210,0,F2,0.2,20dB,A3_minus_B4,0.0025952001060751684,-0.0007108926773071456,10,320
210,subject_210,0,F2,0.5,none,A3_minus_A2,8.026978584041444e-07,3.337860107421875e-06,-54,-1728
210,subject_210,0,F2,0.5,none,A3_minus_B4,-8.230986704660381e-06,-4.324913024902899e-05,11,352
210,subject_210,0,F2,0.5,20dB,A3_minus_A2,-0.0001632133300368821,0.00031759738922118586,-85,-2720
210,subject_210,0,F2,0.5,20dB,A3_minus_B4,-0.0001632133300368821,0.00031759738922118586,-3,-96
210,subject_210,0,F3,0.2,none,A3_minus_A2,-0.019749070442749428,0.011845064163208019,-32,-1024
210,subject_210,0,F3,0.2,none,A3_minus_B4,0.0022744702665136174,0.0003895759582519531,1,32
210,subject_210,0,F3,0.2,20dB,A3_minus_A2,-0.007134928080315461,0.011222362518310547,-69,-2208
210,subject_210,0,F3,0.2,20dB,A3_minus_B4,0.016967520562971572,-0.01144397258758545,-11,-352
210,subject_210,0,F3,0.5,none,A3_minus_A2,-0.0004643591278323811,8.32557678222684e-05,-7,-224
210,subject_210,0,F3,0.5,none,A3_minus_B4,1.4109078882995618e-06,-5.102157592778989e-06,1,32
210,subject_210,0,F3,0.5,20dB,A3_minus_A2,-0.006832152706769179,0.0016612386480930191,-23,-736
210,subject_210,0,F3,0.5,20dB,A3_minus_B4,0.015051403096638438,-0.003289523146950926,-1,-32
210,subject_210,0,F4,0.2,none,A3_minus_A2,-0.02149802093263986,0.0024323701858520452,-4,-128
210,subject_210,0,F4,0.2,none,A3_minus_B4,-0.01841019487597606,0.0014986753463745173,-1,-32
210,subject_210,0,F4,0.2,20dB,A3_minus_A2,-0.051303773172367784,0.011997008323669428,-25,-800
210,subject_210,0,F4,0.2,20dB,A3_minus_B4,-0.02941700597314778,0.0036963701248168834,-6,-192
210,subject_210,0,F4,0.5,none,A3_minus_A2,0.0,0.0,0,0
210,subject_210,0,F4,0.5,none,A3_minus_B4,0.0,0.0,0,0
210,subject_210,0,F4,0.5,20dB,A3_minus_A2,0.0,0.0,0,0
210,subject_210,0,F4,0.5,20dB,A3_minus_B4,0.0,0.0,0,0
210,subject_210,0,F5,0.2,none,A3_minus_A2,0.003727458176065568,0.005245342254637644,-47,-1504
210,subject_210,0,F5,0.2,none,A3_minus_B4,-0.00044674397334176774,0.0007044601440430384,16,512
210,subject_210,0,F5,0.2,20dB,A3_minus_A2,-0.015355168625294624,0.01315805435180515,-100,-3200
210,subject_210,0,F5,0.2,20dB,A3_minus_B4,0.013015083956862128,-0.001611533164978765,12,384
210,subject_210,0,F5,0.5,none,A3_minus_A2,0.0011870766822390522,0.0007604312896729581,-33,-1056
210,subject_210,0,F5,0.5,none,A3_minus_B4,0.01921327576302545,-0.002297840118407987,3,96
210,subject_210,0,F5,0.5,20dB,A3_minus_A2,-0.005236610135842312,0.0007880878448476777,-38,-1216
210,subject_210,0,F5,0.5,20dB,A3_minus_B4,0.001052007970645974,0.0005713891983015543,-1,-32
210,subject_210,1,F0,0.2,none,A3_minus_A2,0.0010915627030634312,0.0009998798370361318,-75,-2400
210,subject_210,1,F0,0.2,none,A3_minus_B4,-0.010582178919054996,0.004433894157409668,23,736
210,subject_210,1,F0,0.2,20dB,A3_minus_A2,-0.00337395849399158,-0.0012055635452270508,-101,-3232
210,subject_210,1,F0,0.2,20dB,A3_minus_B4,-0.007042962749899573,-0.0031584262847900394,25,800
210,subject_210,1,F0,0.5,none,A3_minus_A2,1.568298202414553e-07,4.768371582048597e-08,-68,-2176
210,subject_210,1,F0,0.5,none,A3_minus_B4,1.568298202414553e-07,4.768371582048597e-08,-1,-32
210,subject_210,1,F0,0.5,20dB,A3_minus_A2,-0.00036470172261893197,0.0014619350433349608,-101,-3232
210,subject_210,1,F0,0.5,20dB,A3_minus_B4,-0.0008227552864283894,-0.0016623497009277347,-12,-384
210,subject_210,1,F1,0.2,none,A3_minus_A2,-0.0003759247693118084,0.00031490325927735485,-62,-1984
210,subject_210,1,F1,0.2,none,A3_minus_B4,0.2030081331789937,-0.01781606674194336,-5,-160
210,subject_210,1,F1,0.2,20dB,A3_minus_A2,-0.0014537059615093995,0.00034565925598144254,-79,-2528
210,subject_210,1,F1,0.2,20dB,A3_minus_B4,-0.0002359083907315096,-0.0037433862686157143,-5,-160
210,subject_210,1,F1,0.5,none,A3_minus_A2,-1.5374673107970693e-06,2.384185791015625e-07,-55,-1760
210,subject_210,1,F1,0.5,none,A3_minus_B4,-1.5374673107970693e-06,2.384185791015625e-07,-4,-128
210,subject_210,1,F1,0.5,20dB,A3_minus_A2,0.0,0.0,-78,-2496
210,subject_210,1,F1,0.5,20dB,A3_minus_B4,0.0,0.0,-2,-64
210,subject_210,1,F2,0.2,none,A3_minus_A2,-8.326793934543275e-05,-0.0017083644866943137,-72,-2304
210,subject_210,1,F2,0.2,none,A3_minus_B4,1.1168781036019482e-05,0.0016002655029296875,-19,-608
210,subject_210,1,F2,0.2,20dB,A3_minus_A2,-9.547076984262048e-05,-0.002955055236816412,-97,-3104
210,subject_210,1,F2,0.2,20dB,A3_minus_B4,0.14155193879167172,-0.02060768604278565,-3,-96
210,subject_210,1,F2,0.5,none,A3_minus_A2,0.0,0.0,-62,-1984
210,subject_210,1,F2,0.5,none,A3_minus_B4,0.0,0.0,-10,-320
210,subject_210,1,F2,0.5,20dB,A3_minus_A2,-1.2807018626048716e-05,4.100799560546875e-05,-85,-2720
210,subject_210,1,F2,0.5,20dB,A3_minus_B4,-1.2546012470693313e-05,2.7894973754882812e-05,21,672
210,subject_210,1,F3,0.2,none,A3_minus_A2,-0.022023738080772404,0.007660031318664551,-56,-1792
210,subject_210,1,F3,0.2,none,A3_minus_B4,0.06892485443172092,-0.01731977462768554,-8,-256
210,subject_210,1,F3,0.2,20dB,A3_minus_A2,-0.018343317049438923,0.0145910465123157,-65,-2080
210,subject_210,1,F3,0.2,20dB,A3_minus_B4,0.15377813964751752,-0.04299803143720822,7,224
210,subject_210,1,F3,0.5,none,A3_minus_A2,-0.014735745616420104,0.003004097938537592,-31,-992
210,subject_210,1,F3,0.5,none,A3_minus_B4,-0.014735740118965168,0.0030033349990844643,-20,-640
210,subject_210,1,F3,0.5,20dB,A3_minus_A2,-0.0075387615713040645,0.0017040014266967857,-27,-864
210,subject_210,1,F3,0.5,20dB,A3_minus_B4,0.016684200384156966,-0.0030832767486572293,-5,-160
210,subject_210,1,F4,0.2,none,A3_minus_A2,-0.13295699610526057,0.01688076818309156,-36,-1152
210,subject_210,1,F4,0.2,none,A3_minus_B4,0.17650970897388873,-0.013529950734755103,-7,-224
210,subject_210,1,F4,0.2,20dB,A3_minus_A2,-0.05744593288916633,0.02012506039157108,-47,-1504
210,subject_210,1,F4,0.2,20dB,A3_minus_B4,0.015081364704094824,0.002397774120506152,-9,-288
210,subject_210,1,F4,0.5,none,A3_minus_A2,-0.007715453448867038,0.0007804870605468694,-3,-96
210,subject_210,1,F4,0.5,none,A3_minus_B4,-0.007715453448867038,0.0007804870605468694,-3,-96
210,subject_210,1,F4,0.5,20dB,A3_minus_A2,-0.003629663447911824,0.0004875421524047907,-3,-96
210,subject_210,1,F4,0.5,20dB,A3_minus_B4,0.010415719878924534,-0.0013562679290771429,3,96
210,subject_210,1,F5,0.2,none,A3_minus_A2,-0.003993116673445485,0.0036086273193358664,-46,-1472
210,subject_210,1,F5,0.2,none,A3_minus_B4,0.007914983005377962,-0.003520517349243052,-3,-96
210,subject_210,1,F5,0.2,20dB,A3_minus_A2,-0.009483468334817502,0.00990159511566091,-96,-3072
210,subject_210,1,F5,0.2,20dB,A3_minus_B4,0.014839180914677286,-0.006471505165098354,-7,-224
210,subject_210,1,F5,0.5,none,A3_minus_A2,0.0031872380410256085,0.0006280183792114202,-34,-1088
210,subject_210,1,F5,0.5,none,A3_minus_B4,0.0005784391159799895,0.0012542963027954088,-24,-768
210,subject_210,1,F5,0.5,20dB,A3_minus_A2,-0.0046201881691931845,0.0024781656265243923,-69,-2208
210,subject_210,1,F5,0.5,20dB,A3_minus_B4,-0.005567491662494817,-0.00010506629943840551,1,32
210,subject_210,2,F0,0.2,none,A3_minus_A2,0.00041507610715285637,-0.0009252548217773444,-48,-1536
210,subject_210,2,F0,0.2,none,A3_minus_B4,0.0,0.0,9,288
210,subject_210,2,F0,0.2,20dB,A3_minus_A2,0.0001007624665518847,0.0010596513748168945,-69,-2208
210,subject_210,2,F0,0.2,20dB,A3_minus_B4,-0.00041350868602663127,-0.003109979629516601,10,320
210,subject_210,2,F0,0.5,none,A3_minus_A2,0.0,0.0,-48,-1536
210,subject_210,2,F0,0.5,none,A3_minus_B4,0.0,0.0,9,288
210,subject_210,2,F0,0.5,20dB,A3_minus_A2,0.0,0.0,-60,-1920
210,subject_210,2,F0,0.5,20dB,A3_minus_B4,0.0,0.0,4,128
210,subject_210,2,F1,0.2,none,A3_minus_A2,0.001299441085162556,-0.0010068893432617215,-54,-1728
210,subject_210,2,F1,0.2,none,A3_minus_B4,0.00029274524705513727,-0.004429674148559576,3,96
210,subject_210,2,F1,0.2,20dB,A3_minus_A2,0.0010828611261679555,-0.0037033081054687472,-76,-2432
210,subject_210,2,F1,0.2,20dB,A3_minus_B4,-0.0001268535781804303,-0.0037071704864501953,5,160
210,subject_210,2,F1,0.5,none,A3_minus_A2,0.0,0.0,-56,-1792
210,subject_210,2,F1,0.5,none,A3_minus_B4,0.0,0.0,1,32
210,subject_210,2,F1,0.5,20dB,A3_minus_A2,0.0,0.0,-76,-2432
210,subject_210,2,F1,0.5,20dB,A3_minus_B4,0.0,0.0,0,0
210,subject_210,2,F2,0.2,none,A3_minus_A2,0.00010447414942404976,-0.00031247138977050226,-58,-1856
210,subject_210,2,F2,0.2,none,A3_minus_B4,0.00010438790077671456,-0.00036101341247557484,-1,-32
210,subject_210,2,F2,0.2,20dB,A3_minus_A2,0.0027473433614666476,0.0027073144912719838,-91,-2912
210,subject_210,2,F2,0.2,20dB,A3_minus_B4,0.005038636602687774,0.005206298828125011,-18,-576
210,subject_210,2,F2,0.5,none,A3_minus_A2,0.0,0.0,-58,-1856
210,subject_210,2,F2,0.5,none,A3_minus_B4,0.0,0.0,0,0
210,subject_210,2,F2,0.5,20dB,A3_minus_A2,0.0,0.0,-65,-2080
210,subject_210,2,F2,0.5,20dB,A3_minus_B4,0.0,0.0,1,32
210,subject_210,2,F3,0.2,none,A3_minus_A2,-0.010174401540211875,0.005815649032592782,-32,-1024
210,subject_210,2,F3,0.2,none,A3_minus_B4,0.03182997387778386,-0.0076160430908203125,4,128
210,subject_210,2,F3,0.2,20dB,A3_minus_A2,-0.010997372582288278,0.01078016757965089,-44,-1408
210,subject_210,2,F3,0.2,20dB,A3_minus_B4,0.01018266038403226,-0.008884978294372556,-2,-64
210,subject_210,2,F3,0.5,none,A3_minus_A2,-2.038567288309423e-07,1.9073486327847444e-07,-9,-288
210,subject_210,2,F3,0.5,none,A3_minus_B4,-2.503432767753111e-07,-4.768371582308806e-08,2,64
210,subject_210,2,F3,0.5,20dB,A3_minus_A2,-0.011277849514913285,0.002322506904602062,-24,-768
210,subject_210,2,F3,0.5,20dB,A3_minus_B4,0.016611942223971,-0.0018883705139160073,-1,-32
210,subject_210,2,F4,0.2,none,A3_minus_A2,0.0,0.0,0,0
210,subject_210,2,F4,0.2,none,A3_minus_B4,0.0,0.0,0,0
210,subject_210,2,F4,0.2,20dB,A3_minus_A2,-0.003566409843337226,0.0017016649246215931,-7,-224
210,subject_210,2,F4,0.2,20dB,A3_minus_B4,0.001324150440279226,-0.00014226436614989124,-1,-32
210,subject_210,2,F4,0.5,none,A3_minus_A2,0.0,0.0,0,0
210,subject_210,2,F4,0.5,none,A3_minus_B4,0.0,0.0,0,0
210,subject_210,2,F4,0.5,20dB,A3_minus_A2,0.0,0.0,0,0
210,subject_210,2,F4,0.5,20dB,A3_minus_B4,0.0,0.0,0,0
210,subject_210,2,F5,0.2,none,A3_minus_A2,-0.014101229361507706,0.00403857707977337,-36,-1152
210,subject_210,2,F5,0.2,none,A3_minus_B4,0.03166617713698727,-0.0052201700210584845,2,64
210,subject_210,2,F5,0.2,20dB,A3_minus_A2,-0.0006067829759714982,0.0033343315124506473,-77,-2464
210,subject_210,2,F5,0.2,20dB,A3_minus_B4,0.007608968741365629,-0.008192906379697704,-8,-256
210,subject_210,2,F5,0.5,none,A3_minus_A2,-0.00031465257553620063,0.0004588603973388755,-8,-256
210,subject_210,2,F5,0.5,none,A3_minus_B4,0.002078253772449301,-0.0010622262954711886,1,32
210,subject_210,2,F5,0.5,20dB,A3_minus_A2,-0.00939269254352304,0.0014779567718509398,-32,-1024
210,subject_210,2,F5,0.5,20dB,A3_minus_B4,-0.010748385178294129,0.002125000953674315,-12,-384
212,subject_212,0,F0,0.2,none,A3_minus_A2,-0.006355505439117337,-0.006034588813781739,-70,-2240
212,subject_212,0,F0,0.2,none,A3_minus_B4,-0.0008733431689122995,-0.0018423557281494144,0,0
212,subject_212,0,F0,0.2,20dB,A3_minus_A2,-0.010825754090745932,-0.0075366735458374,-74,-2368
212,subject_212,0,F0,0.2,20dB,A3_minus_B4,0.00385076777604354,-0.014916777610778805,9,288
212,subject_212,0,F0,0.5,none,A3_minus_A2,0.00013798246673957237,-0.0005734920501708979,-68,-2176
212,subject_212,0,F0,0.5,none,A3_minus_B4,0.0008464679557391719,-0.00026102066040039045,2,64
212,subject_212,0,F0,0.5,20dB,A3_minus_A2,0.000710155077310759,-0.0014353275299072259,-73,-2336
212,subject_212,0,F0,0.5,20dB,A3_minus_B4,-0.0022445337370058382,0.001965451240539551,0,0
212,subject_212,0,F1,0.2,none,A3_minus_A2,0.0028939399066558735,-0.0024695158004760798,-63,-2016
212,subject_212,0,F1,0.2,none,A3_minus_B4,0.014251997185443344,0.00224261283874512,-3,-96
212,subject_212,0,F1,0.2,20dB,A3_minus_A2,0.0037269937194679414,-0.006537890434265142,-54,-1728
212,subject_212,0,F1,0.2,20dB,A3_minus_B4,-5.033969932100035e-05,-0.004371929168701175,-1,-32
212,subject_212,0,F1,0.5,none,A3_minus_A2,-0.006573689899866508,0.0017113685607910156,-56,-1792
212,subject_212,0,F1,0.5,none,A3_minus_B4,-0.006329910511242431,0.0032542228698730497,-5,-160
212,subject_212,0,F1,0.5,20dB,A3_minus_A2,-0.0005874488653638821,0.003445267677307129,-56,-1792
212,subject_212,0,F1,0.5,20dB,A3_minus_B4,0.0010283795281242902,-0.004241967201232905,2,64
212,subject_212,0,F2,0.2,none,A3_minus_A2,0.01872885322517348,-0.006358003616332986,-69,-2208
212,subject_212,0,F2,0.2,none,A3_minus_B4,0.011568452990196931,0.0018411636352539118,7,224
212,subject_212,0,F2,0.2,20dB,A3_minus_A2,-0.0012324735584918756,-0.0013115882873535045,-83,-2656
212,subject_212,0,F2,0.2,20dB,A3_minus_B4,0.13900157540634694,-0.02668178081512451,8,256
212,subject_212,0,F2,0.5,none,A3_minus_A2,0.0007926711162973277,-0.0014200687408447155,-71,-2272
212,subject_212,0,F2,0.5,none,A3_minus_B4,-0.007899272043005112,-0.001196694374084456,7,224
212,subject_212,0,F2,0.5,20dB,A3_minus_A2,0.0008838055464259753,-0.002570676803588884,-80,-2560
212,subject_212,0,F2,0.5,20dB,A3_minus_B4,6.686419152757139e-05,0.001057434082031239,-2,-64
212,subject_212,0,F3,0.2,none,A3_minus_A2,-0.10813066436281105,0.030669522285461423,-76,-2432
212,subject_212,0,F3,0.2,none,A3_minus_B4,0.232680911681296,-0.030637335777282726,-23,-736
212,subject_212,0,F3,0.2,20dB,A3_minus_A2,-0.022425355235277777,0.021016726471579344,-64,-2048
212,subject_212,0,F3,0.2,20dB,A3_minus_B4,0.03255549029027094,-0.017408790610635008,-9,-288
212,subject_212,0,F3,0.5,none,A3_minus_A2,-0.15415970990827788,0.018297243118286136,-44,-1408
212,subject_212,0,F3,0.5,none,A3_minus_B4,0.20902695141550254,-0.018380975723266607,-5,-160
212,subject_212,0,F3,0.5,20dB,A3_minus_A2,-0.09640974417144932,0.019428587222143023,-66,-2112
212,subject_212,0,F3,0.5,20dB,A3_minus_B4,0.21126026611185544,-0.0315694663063211,5,160
212,subject_212,0,F4,0.2,none,A3_minus_A2,-0.1417526276399883,0.020873735865607368,-38,-1216
212,subject_212,0,F4,0.2,none,A3_minus_B4,0.5854872477935835,-0.052512072831862794,12,384
212,subject_212,0,F4,0.2,20dB,A3_minus_A2,-0.07942666483715399,0.024304181134755354,-38,-1216
212,subject_212,0,F4,0.2,20dB,A3_minus_B4,-0.02850772065271201,0.012350901435387363,-9,-288
212,subject_212,0,F4,0.5,none,A3_minus_A2,-0.0039782034989155335,6.097072620267485e-05,-7,-224
212,subject_212,0,F4,0.5,none,A3_minus_B4,0.015860115552071008,-0.0012125559434595923,7,224
212,subject_212,0,F4,0.5,20dB,A3_minus_A2,-0.01051960622244863,0.0012220382690429632,-10,-320
212,subject_212,0,F4,0.5,20dB,A3_minus_B4,0.012810297527737546,-0.0017724514007568526,3,96
212,subject_212,0,F5,0.2,none,A3_minus_A2,-0.012578516744355284,0.00897281169891144,-58,-1856
212,subject_212,0,F5,0.2,none,A3_minus_B4,-0.004303693453028501,-0.00432853221893284,-11,-352
212,subject_212,0,F5,0.2,20dB,A3_minus_A2,-0.004492569404849434,0.0003342866897566993,-70,-2240
212,subject_212,0,F5,0.2,20dB,A3_minus_B4,-9.894298903390109e-05,0.002746324539184823,3,96
212,subject_212,0,F5,0.5,none,A3_minus_A2,-0.0051421569866683114,-0.0011073732376106066,-41,-1312
212,subject_212,0,F5,0.5,none,A3_minus_B4,-0.0011130206069438486,0.0016286849975585965,0,0
212,subject_212,0,F5,0.5,20dB,A3_minus_A2,-0.005954358170955132,0.0030138731002804023,-51,-1632
212,subject_212,0,F5,0.5,20dB,A3_minus_B4,0.02571652752855691,-0.006278791427612694,-12,-384
212,subject_212,1,F0,0.2,none,A3_minus_A2,-0.004307432991762283,0.0032217025756835944,-127,-4064
212,subject_212,1,F0,0.2,none,A3_minus_B4,-0.009814075815956613,0.01065351963043213,6,192
212,subject_212,1,F0,0.2,20dB,A3_minus_A2,-0.00617653400282947,0.0016333818435668931,-130,-4160
212,subject_212,1,F0,0.2,20dB,A3_minus_B4,-0.0119683763829741,-0.00010313987731933733,2,64
212,subject_212,1,F0,0.5,none,A3_minus_A2,-0.005366397621621388,0.0017297506332397466,-129,-4128
212,subject_212,1,F0,0.5,none,A3_minus_B4,-0.012368706472997815,0.003609275817871094,3,96
212,subject_212,1,F0,0.5,20dB,A3_minus_A2,0.0019449122132506602,-0.0048397064208984385,-129,-4128
212,subject_212,1,F0,0.5,20dB,A3_minus_B4,0.004344207257746646,-0.005554270744323731,5,160
212,subject_212,1,F1,0.2,none,A3_minus_A2,0.014858523011568536,-0.0018375635147094699,-111,-3552
212,subject_212,1,F1,0.2,none,A3_minus_B4,-0.005526549113508139,0.0019197702407836997,0,0
212,subject_212,1,F1,0.2,20dB,A3_minus_A2,0.0035329432594615184,-0.009730243682861323,-107,-3424
212,subject_212,1,F1,0.2,20dB,A3_minus_B4,-0.003916377965460072,-0.007399892807006828,14,448
212,subject_212,1,F1,0.5,none,A3_minus_A2,-0.0022130530234392154,0.0017382860183715737,-102,-3264
212,subject_212,1,F1,0.5,none,A3_minus_B4,0.004087698355421665,0.0030630588531494057,-3,-96
212,subject_212,1,F1,0.5,20dB,A3_minus_A2,-0.012154338030461176,-0.0021372318267822293,-106,-3392
212,subject_212,1,F1,0.5,20dB,A3_minus_B4,-0.01475345307173015,0.002761793136596677,11,352
212,subject_212,1,F2,0.2,none,A3_minus_A2,0.013634756605878096,-0.003956007957458485,-105,-3360
212,subject_212,1,F2,0.2,none,A3_minus_B4,0.001561479355673967,0.007680010795593273,10,320
212,subject_212,1,F2,0.2,20dB,A3_minus_A2,0.0010359914715660778,0.0007393836975097545,-102,-3264
212,subject_212,1,F2,0.2,20dB,A3_minus_B4,0.00012031902254427962,0.01462211608886721,12,384
212,subject_212,1,F2,0.5,none,A3_minus_A2,0.015272935415609368,-0.0013944625854492299,-102,-3264
212,subject_212,1,F2,0.5,none,A3_minus_B4,0.015339051151729066,0.003086638450622542,-1,-32
212,subject_212,1,F2,0.5,20dB,A3_minus_A2,-0.00478975077072441,-0.002165937423706077,-84,-2688
212,subject_212,1,F2,0.5,20dB,A3_minus_B4,-0.007142529614032611,0.001718282699584961,0,0
212,subject_212,1,F3,0.2,none,A3_minus_A2,-0.09933355229390983,0.04620069762352488,-115,-3680
212,subject_212,1,F3,0.2,none,A3_minus_B4,0.06358158790282786,-0.01838941574096678,-3,-96
212,subject_212,1,F3,0.2,20dB,A3_minus_A2,-0.05798799864951221,0.04666509851174944,-119,-3808
212,subject_212,1,F3,0.2,20dB,A3_minus_B4,0.038253020185290865,-0.023292011953151365,1,32
212,subject_212,1,F3,0.5,none,A3_minus_A2,-0.07715233325721371,0.013907933235168451,-78,-2496
212,subject_212,1,F3,0.5,none,A3_minus_B4,0.16870056604613737,-0.018643498420715332,-3,-96
212,subject_212,1,F3,0.5,20dB,A3_minus_A2,-0.051038903724618834,0.011850472629259062,-77,-2464
212,subject_212,1,F3,0.5,20dB,A3_minus_B4,0.04023830757286895,-0.004692270278930655,-12,-384
212,subject_212,1,F4,0.2,none,A3_minus_A2,-0.10201462143695395,0.026599325084550818,-61,-1952
212,subject_212,1,F4,0.2,none,A3_minus_B4,0.2288674630683083,-0.04212320488521376,4,128
212,subject_212,1,F4,0.2,20dB,A3_minus_A2,-0.10344118945080183,0.04779426189834521,-73,-2336
212,subject_212,1,F4,0.2,20dB,A3_minus_B4,0.08765744066410974,-0.022053960834198694,-15,-480
212,subject_212,1,F4,0.5,none,A3_minus_A2,-0.0260917279334123,0.00260770320892334,-8,-256
212,subject_212,1,F4,0.5,none,A3_minus_B4,-0.010058570125258015,0.0012168645858764704,-3,-96
212,subject_212,1,F4,0.5,20dB,A3_minus_A2,-0.02402082864841404,0.003081798553466797,-9,-288
212,subject_212,1,F4,0.5,20dB,A3_minus_B4,-0.0004954204395115624,0.0003521680831909402,-3,-96
212,subject_212,1,F5,0.2,none,A3_minus_A2,-0.04119482897817761,0.015496520996093652,-115,-3680
212,subject_212,1,F5,0.2,none,A3_minus_B4,0.048322795075055325,-0.01873867511749179,16,512
212,subject_212,1,F5,0.2,20dB,A3_minus_A2,-0.04344054636751338,0.02673695564269707,-132,-4224
212,subject_212,1,F5,0.2,20dB,A3_minus_B4,-0.01467044920420335,-0.004614548683167824,3,96
212,subject_212,1,F5,0.5,none,A3_minus_A2,-0.03864989075032099,0.004435482025148471,-81,-2592
212,subject_212,1,F5,0.5,none,A3_minus_B4,0.029357447396922254,0.0012132835388209418,10,320
212,subject_212,1,F5,0.5,20dB,A3_minus_A2,0.0004380673606814156,0.004110412597653844,-90,-2880
212,subject_212,1,F5,0.5,20dB,A3_minus_B4,0.077702033709107,-0.016462450027465866,7,224
212,subject_212,2,F0,0.2,none,A3_minus_A2,0.001245159620960834,-0.0022759199142456076,-106,-3392
212,subject_212,2,F0,0.2,none,A3_minus_B4,0.00019204387625038066,0.008258438110351561,2,64
212,subject_212,2,F0,0.2,20dB,A3_minus_A2,-0.005751914624791965,-0.002185964584350584,-128,-4096
212,subject_212,2,F0,0.2,20dB,A3_minus_B4,-0.03907269070592534,0.018690776824951173,18,576
212,subject_212,2,F0,0.5,none,A3_minus_A2,-0.00559297149729332,0.0026446342468261705,-102,-3264
212,subject_212,2,F0,0.5,none,A3_minus_B4,-0.006866431297108733,0.004794239997863768,5,160
212,subject_212,2,F0,0.5,20dB,A3_minus_A2,-0.004614409981352097,0.0024185419082641607,-114,-3648
212,subject_212,2,F0,0.5,20dB,A3_minus_B4,-0.005757445262970506,0.005351257324218751,12,384
212,subject_212,2,F1,0.2,none,A3_minus_A2,-0.0033488438823106037,-0.0035626888275146484,-98,-3136
212,subject_212,2,F1,0.2,none,A3_minus_B4,-0.011851046553299938,-0.008070492744445809,-8,-256
212,subject_212,2,F1,0.2,20dB,A3_minus_A2,-0.0017956324640096,0.00855638980865478,-114,-3648
212,subject_212,2,F1,0.2,20dB,A3_minus_B4,0.0432435217407825,0.0031045913696289007,9,288
212,subject_212,2,F1,0.5,none,A3_minus_A2,0.001680760756029187,-0.0025899887084960965,-95,-3040
212,subject_212,2,F1,0.5,none,A3_minus_B4,0.0004343601325480506,-0.008085703849792486,-5,-160
212,subject_212,2,F1,0.5,20dB,A3_minus_A2,0.0008140858161045372,-0.0033268213272094754,-103,-3296
212,subject_212,2,F1,0.5,20dB,A3_minus_B4,0.00011452663674482721,-0.006928491592407229,1,32
212,subject_212,2,F2,0.2,none,A3_minus_A2,0.0045101842843564555,-0.004167413711547857,-82,-2624
212,subject_212,2,F2,0.2,none,A3_minus_B4,0.007710301514649132,0.0032152175903320257,8,256
212,subject_212,2,F2,0.2,20dB,A3_minus_A2,-0.008667084428150673,0.00732543468475344,-114,-3648
212,subject_212,2,F2,0.2,20dB,A3_minus_B4,0.2354212206463,-0.014575839042663574,-2,-64
212,subject_212,2,F2,0.5,none,A3_minus_A2,-0.006928329881441542,-0.002300643920898432,-82,-2624
212,subject_212,2,F2,0.5,none,A3_minus_B4,-0.0001116944527073116,0.0005775928497314398,8,256
212,subject_212,2,F2,0.5,20dB,A3_minus_A2,-0.0028391678826640288,0.004476475715637196,-86,-2752
212,subject_212,2,F2,0.5,20dB,A3_minus_B4,-0.004810720770302979,0.004674553871154785,3,96
212,subject_212,2,F3,0.2,none,A3_minus_A2,-0.060302126127659506,0.05297693645034082,-109,-3488
212,subject_212,2,F3,0.2,none,A3_minus_B4,0.12308759082620924,-0.013961601078321506,-17,-544
212,subject_212,2,F3,0.2,20dB,A3_minus_A2,-0.033515202619980755,0.04723358729378861,-111,-3552
212,subject_212,2,F3,0.2,20dB,A3_minus_B4,0.12264376440831626,-0.04647669425426393,5,160
212,subject_212,2,F3,0.5,none,A3_minus_A2,-0.05441432532292012,0.011085924148559564,-79,-2528
212,subject_212,2,F3,0.5,none,A3_minus_B4,0.1306596239537967,-0.017043891906738287,-13,-416
212,subject_212,2,F3,0.5,20dB,A3_minus_A2,-0.04333723337806106,0.012818657875061035,-83,-2656
212,subject_212,2,F3,0.5,20dB,A3_minus_B4,0.08298315549522606,-0.01755138683319092,-8,-256
212,subject_212,2,F4,0.2,none,A3_minus_A2,-0.09084941043876427,0.02406452327769268,-55,-1760
212,subject_212,2,F4,0.2,none,A3_minus_B4,0.0448142581437061,-0.008570288738085075,3,96
212,subject_212,2,F4,0.2,20dB,A3_minus_A2,-0.09154492872044706,0.036093349866258256,-64,-2048
212,subject_212,2,F4,0.2,20dB,A3_minus_B4,-0.013043059844491722,0.01003120024903148,-13,-416
212,subject_212,2,F4,0.5,none,A3_minus_A2,-0.009766007937546561,0.00095384120941161,-5,-160
212,subject_212,2,F4,0.5,none,A3_minus_B4,0.014686399211665702,-0.001226186752319336,1,32
212,subject_212,2,F4,0.5,20dB,A3_minus_A2,-0.018701192871134253,0.002773666381835932,-14,-448
212,subject_212,2,F4,0.5,20dB,A3_minus_B4,-0.00793438909630062,0.0007019281387329046,-3,-96
212,subject_212,2,F5,0.2,none,A3_minus_A2,-0.0055328200397575245,0.008485140800474161,-98,-3136
212,subject_212,2,F5,0.2,none,A3_minus_B4,0.028626761082644947,-0.019597873687741976,-2,-64
212,subject_212,2,F5,0.2,20dB,A3_minus_A2,0.0007605889317723324,0.01603225231170581,-118,-3776
212,subject_212,2,F5,0.2,20dB,A3_minus_B4,0.004136726903791299,0.0031270837783825695,3,96
212,subject_212,2,F5,0.5,none,A3_minus_A2,-0.03410406475695993,0.009268636703489895,-82,-2624
212,subject_212,2,F5,0.5,none,A3_minus_B4,0.0057119372400045165,-0.000667471885680726,-10,-320
212,subject_212,2,F5,0.5,20dB,A3_minus_A2,-0.04318157480861373,0.009942784309389031,-99,-3168
212,subject_212,2,F5,0.5,20dB,A3_minus_B4,0.0222818388285404,-0.010428190231324297,-12,-384
213,subject_213,0,F0,0.2,none,A3_minus_A2,-0.00036355549957178823,-0.0009383916854858398,-133,-4256
213,subject_213,0,F0,0.2,none,A3_minus_B4,0.0018119183262541583,-0.0042617559432983395,9,288
213,subject_213,0,F0,0.2,20dB,A3_minus_A2,-0.01588894306941313,0.0016046524047851549,-136,-4352
213,subject_213,0,F0,0.2,20dB,A3_minus_B4,-0.024506363649891227,0.007378435134887695,10,320
213,subject_213,0,F0,0.5,none,A3_minus_A2,1.0940447019436306e-06,3.814697265625e-06,-132,-4224
213,subject_213,0,F0,0.5,none,A3_minus_B4,6.477521594661084e-07,2.7656555175781033e-06,6,192
213,subject_213,0,F0,0.5,20dB,A3_minus_A2,2.0531280533475638e-06,6.389617919921918e-06,-139,-4448
213,subject_213,0,F0,0.5,20dB,A3_minus_B4,2.0531280533475638e-06,6.127357482910113e-06,-2,-64
213,subject_213,0,F1,0.2,none,A3_minus_A2,-0.0022908305414865993,-0.001172995567321769,-119,-3808
213,subject_213,0,F1,0.2,none,A3_minus_B4,-0.012532205878141411,-0.0035877227783203125,-1,-32
213,subject_213,0,F1,0.2,20dB,A3_minus_A2,-0.0008385702612017099,-0.004487276077270508,-124,-3968
213,subject_213,0,F1,0.2,20dB,A3_minus_B4,-0.00574864082411608,-0.009241127967834467,5,160
213,subject_213,0,F1,0.5,none,A3_minus_A2,0.0,0.0,-113,-3616
213,subject_213,0,F1,0.5,none,A3_minus_B4,0.0,0.0,-3,-96
213,subject_213,0,F1,0.5,20dB,A3_minus_A2,0.0,0.0,-113,-3616
213,subject_213,0,F1,0.5,20dB,A3_minus_B4,0.0,0.0,6,192
213,subject_213,0,F2,0.2,none,A3_minus_A2,0.00032918534971315694,-0.0021653413772582952,-108,-3456
213,subject_213,0,F2,0.2,none,A3_minus_B4,0.21066590155040643,-0.01679074764251709,2,64
213,subject_213,0,F2,0.2,20dB,A3_minus_A2,-0.004826928089435967,-0.0009511947631835882,-121,-3872
213,subject_213,0,F2,0.2,20dB,A3_minus_B4,0.16417778630830604,-0.01555564403533935,-5,-160
213,subject_213,0,F2,0.5,none,A3_minus_A2,0.0,0.0,-105,-3360
213,subject_213,0,F2,0.5,none,A3_minus_B4,0.0,0.0,3,96
213,subject_213,0,F2,0.5,20dB,A3_minus_A2,0.0,0.0,-111,-3552
213,subject_213,0,F2,0.5,20dB,A3_minus_B4,0.0,0.0,-2,-64
213,subject_213,0,F3,0.2,none,A3_minus_A2,-0.23526403720549283,0.058833813667297355,-120,-3840
213,subject_213,0,F3,0.2,none,A3_minus_B4,0.07391352671642437,-0.01810896396636963,-2,-64
213,subject_213,0,F3,0.2,20dB,A3_minus_A2,-0.10027135500986262,0.05884904861450195,-122,-3904
213,subject_213,0,F3,0.2,20dB,A3_minus_B4,0.07594065671994699,-0.03885669708251954,10,320
213,subject_213,0,F3,0.5,none,A3_minus_A2,-0.12208250911274732,0.017563080787658697,-81,-2592
213,subject_213,0,F3,0.5,none,A3_minus_B4,0.11734927860402777,-0.010675954818725589,-8,-256
213,subject_213,0,F3,0.5,20dB,A3_minus_A2,-0.10256402668037445,0.02129747867584228,-75,-2400
213,subject_213,0,F3,0.5,20dB,A3_minus_B4,0.013491955195799932,0.001574181556701651,-12,-384
213,subject_213,0,F4,0.2,none,A3_minus_A2,-0.20816872673211506,0.026099334758893727,-58,-1856
213,subject_213,0,F4,0.2,none,A3_minus_B4,0.23584023765582884,-0.013139521266265775,-2,-64
213,subject_213,0,F4,0.2,20dB,A3_minus_A2,-0.08574022998650577,0.02768800783427197,-62,-1984
213,subject_213,0,F4,0.2,20dB,A3_minus_B4,0.1834334301116236,-0.035193653552408666,-1,-32
213,subject_213,0,F4,0.5,none,A3_minus_A2,-0.082776598036304,0.006238222122192383,-21,-672
213,subject_213,0,F4,0.5,none,A3_minus_B4,0.04325506807181867,-0.002168583869934071,-1,-32
213,subject_213,0,F4,0.5,20dB,A3_minus_A2,-0.09855030886304306,0.009805154800414995,-24,-768
213,subject_213,0,F4,0.5,20dB,A3_minus_B4,0.010968595699401007,-0.001298284530639654,6,192
213,subject_213,0,F5,0.2,none,A3_minus_A2,-0.0940228158351637,0.029019622802733742,-117,-3744
213,subject_213,0,F5,0.2,none,A3_minus_B4,-0.001785611399387932,0.00048068523407068797,13,416
213,subject_213,0,F5,0.2,20dB,A3_minus_A2,-0.02531313870848706,0.019670157432559607,-128,-4096
213,subject_213,0,F5,0.2,20dB,A3_minus_B4,0.018911463474868384,-0.00904902458190654,8,256
213,subject_213,0,F5,0.5,none,A3_minus_A2,-0.04518334024467663,0.00580982208251779,-109,-3488
213,subject_213,0,F5,0.5,none,A3_minus_B4,0.02848843524803968,-0.00618765830993713,-10,-320
213,subject_213,0,F5,0.5,20dB,A3_minus_A2,-0.018413820737952946,0.004829807281494257,-107,-3424
213,subject_213,0,F5,0.5,20dB,A3_minus_B4,0.06535307201962226,-0.013908791542053225,21,672
213,subject_213,1,F0,0.2,none,A3_minus_A2,0.0001878189558439658,0.0003038167953491209,-134,-4288
213,subject_213,1,F0,0.2,none,A3_minus_B4,0.0005196528352726659,0.0016430139541625975,8,256
213,subject_213,1,F0,0.2,20dB,A3_minus_A2,-0.002412310663402195,0.0012133836746215819,-136,-4352
213,subject_213,1,F0,0.2,20dB,A3_minus_B4,0.0005135402102034448,-0.0019195795059204109,6,192
213,subject_213,1,F0,0.5,none,A3_minus_A2,-5.712176651684331e-07,4.768371582048597e-08,-129,-4128
213,subject_213,1,F0,0.5,none,A3_minus_B4,-5.712176651684331e-07,4.768371582048597e-08,6,192
213,subject_213,1,F0,0.5,20dB,A3_minus_A2,0.0,0.0,-127,-4064
213,subject_213,1,F0,0.5,20dB,A3_minus_B4,0.0,0.0,9,288
213,subject_213,1,F1,0.2,none,A3_minus_A2,0.016157498831852024,-0.000239682197570798,-120,-3840
213,subject_213,1,F1,0.2,none,A3_minus_B4,0.014237273041562304,0.00011093616485596813,9,288
213,subject_213,1,F1,0.2,20dB,A3_minus_A2,0.004567495003744426,-0.0037066221237182645,-118,-3776
213,subject_213,1,F1,0.2,20dB,A3_minus_B4,0.00043803230910199886,-0.001898646354675293,9,288
213,subject_213,1,F1,0.5,none,A3_minus_A2,0.0,4.768371582308806e-08,-110,-3520
213,subject_213,1,F1,0.5,none,A3_minus_B4,0.0,4.768371582308806e-08,6,192
213,subject_213,1,F1,0.5,20dB,A3_minus_A2,0.0,0.0,-111,-3552
213,subject_213,1,F1,0.5,20dB,A3_minus_B4,0.0,0.0,-1,-32
213,subject_213,1,F2,0.2,none,A3_minus_A2,0.0006005760917950909,0.00036797523498532936,-109,-3488
213,subject_213,1,F2,0.2,none,A3_minus_B4,-0.00041437858258319693,0.0014763832092284934,7,224
213,subject_213,1,F2,0.2,20dB,A3_minus_A2,-0.002932580116697281,0.005522370338439941,-113,-3616
213,subject_213,1,F2,0.2,20dB,A3_minus_B4,-0.007626925034010412,0.00937840938568113,6,192
213,subject_213,1,F2,0.5,none,A3_minus_A2,0.0,0.0,-107,-3424
213,subject_213,1,F2,0.5,none,A3_minus_B4,0.0,0.0,2,64
213,subject_213,1,F2,0.5,20dB,A3_minus_A2,0.0,0.0,-107,-3424
213,subject_213,1,F2,0.5,20dB,A3_minus_B4,0.0,0.0,2,64
213,subject_213,1,F3,0.2,none,A3_minus_A2,-0.18916565326190593,0.05895291691999632,-122,-3904
213,subject_213,1,F3,0.2,none,A3_minus_B4,0.05269567582621448,-0.009748836696336693,-16,-512
213,subject_213,1,F3,0.2,20dB,A3_minus_A2,-0.08256396675242428,0.05429727935791015,-123,-3936
213,subject_213,1,F3,0.2,20dB,A3_minus_B4,0.05139491579368283,-0.028589352607727075,3,96
213,subject_213,1,F3,0.5,none,A3_minus_A2,-0.09250822302611184,0.011882042884826652,-68,-2176
213,subject_213,1,F3,0.5,none,A3_minus_B4,0.1003664984028454,-0.01034560203552247,-17,-544
213,subject_213,1,F3,0.5,20dB,A3_minus_A2,-0.05405762437719197,0.013968396186828616,-84,-2688
213,subject_213,1,F3,0.5,20dB,A3_minus_B4,0.12081693996314691,-0.017780113220214847,-8,-256
213,subject_213,1,F4,0.2,none,A3_minus_A2,-0.19495920425484314,0.027273509834564752,-59,-1888
213,subject_213,1,F4,0.2,none,A3_minus_B4,0.15205355960458888,-0.016706412768188794,1,32
213,subject_213,1,F4,0.2,20dB,A3_minus_A2,-0.08656000606918468,0.025270517343474963,-60,-1920
213,subject_213,1,F4,0.2,20dB,A3_minus_B4,0.1517923665196932,-0.022488814177219874,2,64
213,subject_213,1,F4,0.5,none,A3_minus_A2,-0.09856627512865401,0.00689443895040584,-24,-768
213,subject_213,1,F4,0.5,none,A3_minus_B4,0.03575053385389815,-0.0030562465506928094,1,32
213,subject_213,1,F4,0.5,20dB,A3_minus_A2,-0.06189438598694785,0.00644681453704829,-21,-672
213,subject_213,1,F4,0.5,20dB,A3_minus_B4,0.07041972513981243,-0.005634880065917974,7,224
213,subject_213,1,F5,0.2,none,A3_minus_A2,-0.04453420922346041,0.0157378435134886,-120,-3840
213,subject_213,1,F5,0.2,none,A3_minus_B4,-0.02770143776159273,0.005949044227602236,5,160
213,subject_213,1,F5,0.2,20dB,A3_minus_A2,-0.023808812774671395,0.018048434257504388,-136,-4352
213,subject_213,1,F5,0.2,20dB,A3_minus_B4,0.010001207182906313,-0.004049310684207608,5,160
213,subject_213,1,F5,0.5,none,A3_minus_A2,-0.04699258275529061,0.007962369918824479,-73,-2336
213,subject_213,1,F5,0.5,none,A3_minus_B4,0.0010700172866258129,0.0008372306823728609,-1,-32
213,subject_213,1,F5,0.5,20dB,A3_minus_A2,-0.06330145549315525,0.012258534431457233,-84,-2688
213,subject_213,1,F5,0.5,20dB,A3_minus_B4,0.027731309007128502,-0.007742657661438376,-7,-224
213,subject_213,2,F0,0.2,none,A3_minus_A2,-0.015813857717400737,0.0011918306350708011,-113,-3616
213,subject_213,2,F0,0.2,none,A3_minus_B4,-0.05200458616769055,0.00846095085144043,-5,-160
213,subject_213,2,F0,0.2,20dB,A3_minus_A2,-0.010443873798667624,0.0015326738357543945,-126,-4032
213,subject_213,2,F0,0.2,20dB,A3_minus_B4,-0.01127320585294811,0.00613269805908203,7,224
213,subject_213,2,F0,0.5,none,A3_minus_A2,0.0,0.0,-112,-3584
213,subject_213,2,F0,0.5,none,A3_minus_B4,0.0,0.0,-6,-192
213,subject_213,2,F0,0.5,20dB,A3_minus_A2,0.0,0.0,-120,-3840
213,subject_213,2,F0,0.5,20dB,A3_minus_B4,0.0,0.0,1,32
213,subject_213,2,F1,0.2,none,A3_minus_A2,6.656542209171334e-05,-0.0006132364273071372,-103,-3296
213,subject_213,2,F1,0.2,none,A3_minus_B4,-0.00016877104230772488,-0.00051116943359375,-2,-64
213,subject_213,2,F1,0.2,20dB,A3_minus_A2,-0.002372273228868238,0.0028928041458129855,-109,-3488
213,subject_213,2,F1,0.2,20dB,A3_minus_B4,-0.004584833863276572,0.0043496370315551786,1,32
213,subject_213,2,F1,0.5,none,A3_minus_A2,0.0,0.0,-96,-3072
213,subject_213,2,F1,0.5,none,A3_minus_B4,0.0,0.0,0,0
213,subject_213,2,F1,0.5,20dB,A3_minus_A2,0.0,0.0,-108,-3456
213,subject_213,2,F1,0.5,20dB,A3_minus_B4,0.0,0.0,5,160
213,subject_213,2,F2,0.2,none,A3_minus_A2,0.004095491007724661,0.0009573698043823242,-99,-3168
213,subject_213,2,F2,0.2,none,A3_minus_B4,-0.0009387538735907697,0.0038671016693115345,0,0
213,subject_213,2,F2,0.2,20dB,A3_minus_A2,0.0064792999652922845,-0.0020765066146850586,-107,-3424
213,subject_213,2,F2,0.2,20dB,A3_minus_B4,-0.00015359789721713923,-0.002954101562499978,3,96
213,subject_213,2,F2,0.5,none,A3_minus_A2,0.0,0.0,-96,-3072
213,subject_213,2,F2,0.5,none,A3_minus_B4,0.0,0.0,-6,-192
213,subject_213,2,F2,0.5,20dB,A3_minus_A2,0.00012642863598166798,0.0010138988494872991,-110,-3520
213,subject_213,2,F2,0.5,20dB,A3_minus_B4,0.00010104641433805739,0.0016388893127441406,7,224
213,subject_213,2,F3,0.2,none,A3_minus_A2,-0.2293898765590825,0.061328458786010745,-103,-3296
213,subject_213,2,F3,0.2,none,A3_minus_B4,0.08612257159006731,-0.01718540191650389,0,0
213,subject_213,2,F3,0.2,20dB,A3_minus_A2,-0.15510807874278143,0.0840467929840088,-123,-3936
213,subject_213,2,F3,0.2,20dB,A3_minus_B4,0.010878456702876349,-0.002227044105529763,-10,-320
213,subject_213,2,F3,0.5,none,A3_minus_A2,-0.12432837001936292,0.01830856800079346,-77,-2464
213,subject_213,2,F3,0.5,none,A3_minus_B4,0.23217413562923994,-0.020660018920898443,-9,-288
213,subject_213,2,F3,0.5,20dB,A3_minus_A2,-0.1331965364073575,0.028186058998107902,-94,-3008
213,subject_213,2,F3,0.5,20dB,A3_minus_B4,0.05497514339436549,-0.004006743431091309,-21,-672
213,subject_213,2,F4,0.2,none,A3_minus_A2,-0.2485997315713675,0.032960928279463425,-49,-1568
213,subject_213,2,F4,0.2,none,A3_minus_B4,0.14665226112563445,-0.011552311390806924,-1,-32
213,subject_213,2,F4,0.2,20dB,A3_minus_A2,-0.17492191473974472,0.04846089748091853,-62,-1984
213,subject_213,2,F4,0.2,20dB,A3_minus_B4,-0.04979132788539786,0.014569443142805172,-15,-480
213,subject_213,2,F4,0.5,none,A3_minus_A2,-0.09899901976152314,0.007060408592224121,-19,-608
213,subject_213,2,F4,0.5,none,A3_minus_B4,0.02997380153073692,-0.0022075653076171764,-2,-64
213,subject_213,2,F4,0.5,20dB,A3_minus_A2,-0.06733878658203807,0.007118416822011198,-23,-736
213,subject_213,2,F4,0.5,20dB,A3_minus_B4,0.02949897247849087,-0.0031412353157451445,-3,-96
213,subject_213,2,F5,0.2,none,A3_minus_A2,-0.04185415267404835,0.014326081275939727,-108,-3456
213,subject_213,2,F5,0.2,none,A3_minus_B4,-7.878690767171292e-05,0.002107477188109108,-4,-128
213,subject_213,2,F5,0.2,20dB,A3_minus_A2,-0.013593585083579995,0.019434909820556,-119,-3808
213,subject_213,2,F5,0.2,20dB,A3_minus_B4,0.003649962351147451,0.0013053750991817437,-1,-32
213,subject_213,2,F5,0.5,none,A3_minus_A2,-0.06489262942528029,0.01111714839935303,-102,-3264
213,subject_213,2,F5,0.5,none,A3_minus_B4,0.008627475769230841,-0.001875586509703979,-6,-192
213,subject_213,2,F5,0.5,20dB,A3_minus_A2,-0.04318386803514507,0.010155310630798726,-120,-3840
213,subject_213,2,F5,0.5,20dB,A3_minus_B4,0.028898329619472918,-0.0062102937698357424,-12,-384
214,subject_214,0,F0,0.2,none,A3_minus_A2,-0.0006528871472539777,0.0022533416748046885,-73,-2336
214,subject_214,0,F0,0.2,none,A3_minus_B4,2.8908291348272996e-05,0.0015085935592651367,5,160
214,subject_214,0,F0,0.2,20dB,A3_minus_A2,-0.0010096042484271095,0.007124590873718261,-122,-3904
214,subject_214,0,F0,0.2,20dB,A3_minus_B4,-0.0054540463280439155,0.009876537322998046,1,32
214,subject_214,0,F0,0.5,none,A3_minus_A2,0.00019369127365465033,0.0001562118530273437,-72,-2304
214,subject_214,0,F0,0.5,none,A3_minus_B4,0.0001883993285929364,0.00010271072387695317,4,128
214,subject_214,0,F0,0.5,20dB,A3_minus_A2,4.931093999971381e-05,0.0009196043014526364,-113,-3616
214,subject_214,0,F0,0.5,20dB,A3_minus_B4,0.0012837576420423602,-8.621215820312552e-05,12,384
214,subject_214,0,F1,0.2,none,A3_minus_A2,-0.00018565883233634395,0.00025024414062499445,-65,-2080
214,subject_214,0,F1,0.2,none,A3_minus_B4,-0.000184848673150384,0.00024375915527342917,-4,-128
214,subject_214,0,F1,0.2,20dB,A3_minus_A2,0.005522505154935686,0.002851510047912592,-97,-3104
214,subject_214,0,F1,0.2,20dB,A3_minus_B4,0.00013708646229204646,-0.0036252260208129855,-15,-480
214,subject_214,0,F1,0.5,none,A3_minus_A2,1.569121401701068e-07,2.384185791015625e-06,-63,-2016
214,subject_214,0,F1,0.5,none,A3_minus_B4,2.5167743160636746e-06,-7.629394531277756e-07,-4,-128
214,subject_214,0,F1,0.5,20dB,A3_minus_A2,0.0,0.0,-91,-2912
214,subject_214,0,F1,0.5,20dB,A3_minus_B4,0.0,0.0,8,256
214,subject_214,0,F2,0.2,none,A3_minus_A2,6.360754721157491e-06,0.0011026859283447266,-56,-1792
214,subject_214,0,F2,0.2,none,A3_minus_B4,-0.00015128412985987438,0.0010317325592040794,5,160
214,subject_214,0,F2,0.2,20dB,A3_minus_A2,0.0015169026627450677,-0.0018533229827880915,-89,-2848
214,subject_214,0,F2,0.2,20dB,A3_minus_B4,0.001537993090892087,0.0037142992019653376,19,608
214,subject_214,0,F2,0.5,none,A3_minus_A2,0.0,0.0,-59,-1888
214,subject_214,0,F2,0.5,none,A3_minus_B4,0.0,0.0,1,32
214,subject_214,0,F2,0.5,20dB,A3_minus_A2,0.0,0.0,-96,-3072
214,subject_214,0,F2,0.5,20dB,A3_minus_B4,0.0,0.0,11,352
214,subject_214,0,F3,0.2,none,A3_minus_A2,-0.01983425849930498,0.006210970878601063,-46,-1472
214,subject_214,0,F3,0.2,none,A3_minus_B4,-0.002684640463012755,0.0004025220870971652,-21,-672
214,subject_214,0,F3,0.2,20dB,A3_minus_A2,-0.024319440243388613,0.02073660129538217,-81,-2592
214,subject_214,0,F3,0.2,20dB,A3_minus_B4,0.0163727539201588,-0.010513187875507632,-8,-256
214,subject_214,0,F3,0.5,none,A3_minus_A2,-0.001511252195484758,0.00047238312158648377,-9,-288
214,subject_214,0,F3,0.5,none,A3_minus_B4,-0.00014300103461906133,1.9812583923334293e-05,-1,-32
214,subject_214,0,F3,0.5,20dB,A3_minus_A2,-0.04107987785895695,0.007311034202575686,-40,-1280
214,subject_214,0,F3,0.5,20dB,A3_minus_B4,-0.016325137970861547,0.0032198905944824247,-12,-384
214,subject_214,0,F4,0.2,none,A3_minus_A2,-0.02497729913994462,0.0025679588317871205,-5,-160
214,subject_214,0,F4,0.2,none,A3_minus_B4,-0.02497729913994462,0.0025679588317871205,-5,-160
214,subject_214,0,F4,0.2,20dB,A3_minus_A2,-0.03674529790099257,0.010300541913563915,-33,-1056
214,subject_214,0,F4,0.2,20dB,A3_minus_B4,0.05870393946691621,-0.011698912584727134,-3,-96
214,subject_214,0,F4,0.5,none,A3_minus_A2,0.0,0.0,0,0
214,subject_214,0,F4,0.5,none,A3_minus_B4,0.0,0.0,0,0
214,subject_214,0,F4,0.5,20dB,A3_minus_A2,4.716808333249389e-05,-1.0371208190917969e-05,-2,-64
214,subject_214,0,F4,0.5,20dB,A3_minus_B4,0.0016903688546285878,-0.0002395153045654519,2,64
214,subject_214,0,F5,0.2,none,A3_minus_A2,-0.006521135130917344,0.003823285102844305,-41,-1312
214,subject_214,0,F5,0.2,none,A3_minus_B4,0.026827957608158925,-0.006910214424131665,11,352
214,subject_214,0,F5,0.2,20dB,A3_minus_A2,-0.007889919230969156,0.009365110397338589,-102,-3264
214,subject_214,0,F5,0.2,20dB,A3_minus_B4,0.001530797180716803,-0.0009112548828111855,2,64
214,subject_214,0,F5,0.5,none,A3_minus_A2,-0.010486037457628328,0.0007629156112670954,-12,-384
214,subject_214,0,F5,0.5,none,A3_minus_B4,0.009899285125701596,-0.0010099172592163141,-1,-32
214,subject_214,0,F5,0.5,20dB,A3_minus_A2,-0.024472580576691882,0.0036993026733393095,-46,-1472
214,subject_214,0,F5,0.5,20dB,A3_minus_B4,0.008281407631720583,-0.0007675743103028737,5,160
214,subject_214,1,F0,0.2,none,A3_minus_A2,0.0010912809126253364,-0.0002607345581054684,-28,-896
214,subject_214,1,F0,0.2,none,A3_minus_B4,0.0004512370345111094,-0.0004681587219238278,-12,-384
214,subject_214,1,F0,0.2,20dB,A3_minus_A2,0.0010984490528578306,-0.00013382434844970773,-95,-3040
214,subject_214,1,F0,0.2,20dB,A3_minus_B4,-0.00025047092098162693,0.0005112648010253892,-9,-288
214,subject_214,1,F0,0.5,none,A3_minus_A2,0.0,0.0,-34,-1088
214,subject_214,1,F0,0.5,none,A3_minus_B4,0.0,0.0,-18,-576
214,subject_214,1,F0,0.5,20dB,A3_minus_A2,0.0,0.0,-109,-3488
214,subject_214,1,F0,0.5,20dB,A3_minus_B4,0.0,0.0,15,480
214,subject_214,1,F1,0.2,none,A3_minus_A2,-0.09363776877111007,0.002276086807250971,-29,-928
214,subject_214,1,F1,0.2,none,A3_minus_B4,0.06290418164303446,-0.001714682579040533,-9,-288
214,subject_214,1,F1,0.2,20dB,A3_minus_A2,-0.06431522166402459,0.002410459518432606,-74,-2368
214,subject_214,1,F1,0.2,20dB,A3_minus_B4,-0.0008636105135764183,0.002141237258911133,-9,-288
214,subject_214,1,F1,0.5,none,A3_minus_A2,0.0,0.0,-33,-1056
214,subject_214,1,F1,0.5,none,A3_minus_B4,0.0,0.0,-21,-672
214,subject_214,1,F1,0.5,20dB,A3_minus_A2,0.000268798416648508,1.0681152343747224e-05,-78,-2496
214,subject_214,1,F1,0.5,20dB,A3_minus_B4,-0.0006832412421164946,0.0009359359741211021,2,64
214,subject_214,1,F2,0.2,none,A3_minus_A2,-0.0003167889571038529,-0.001322627067565918,-51,-1632
214,subject_214,1,F2,0.2,none,A3_minus_B4,0.005123850457827928,-0.0019224643707275446,-20,-640
214,subject_214,1,F2,0.2,20dB,A3_minus_A2,-0.006263886384166639,0.00037057399749754194,-89,-2848
214,subject_214,1,F2,0.2,20dB,A3_minus_B4,-0.00014536824204824939,0.005097150802612305,24,768
214,subject_214,1,F2,0.5,none,A3_minus_A2,0.0,0.0,-51,-1632
214,subject_214,1,F2,0.5,none,A3_minus_B4,0.0,0.0,-19,-608
214,subject_214,1,F2,0.5,20dB,A3_minus_A2,-2.5607582223585723e-06,0.00015621185302733265,-87,-2784
214,subject_214,1,F2,0.5,20dB,A3_minus_B4,-2.5607582223585723e-06,0.00015621185302733265,19,608
214,subject_214,1,F3,0.2,none,A3_minus_A2,-0.015710384576223646,0.004091191291809071,-22,-704
214,subject_214,1,F3,0.2,none,A3_minus_B4,-0.009641936003305318,0.002429270744323725,-17,-544
214,subject_214,1,F3,0.2,20dB,A3_minus_A2,-0.019104419935160877,0.016744565010070808,-81,-2592
214,subject_214,1,F3,0.2,20dB,A3_minus_B4,0.011148533037381725,-0.005066582679748535,-28,-896
214,subject_214,1,F3,0.5,none,A3_minus_A2,-0.005716127522685355,0.0009920120239257785,-10,-320
214,subject_214,1,F3,0.5,none,A3_minus_B4,0.006806294786464662,-0.0006697654724121122,-5,-160
214,subject_214,1,F3,0.5,20dB,A3_minus_A2,-0.011927283406445,0.0027277946472167997,-23,-736
214,subject_214,1,F3,0.5,20dB,A3_minus_B4,-0.0006154374756164316,0.00037648677825928567,-11,-352
214,subject_214,1,F4,0.2,none,A3_minus_A2,-0.018110894679900014,0.001624512672424333,-2,-64
214,subject_214,1,F4,0.2,none,A3_minus_B4,-0.018110894679900014,0.001624512672424333,-2,-64
214,subject_214,1,F4,0.2,20dB,A3_minus_A2,-0.02699888839791953,0.0061182851834672425,-15,-480
214,subject_214,1,F4,0.2,20dB,A3_minus_B4,-0.02699888839791953,0.0061182851834672425,-15,-480
214,subject_214,1,F4,0.5,none,A3_minus_A2,0.0,0.0,0,0
214,subject_214,1,F4,0.5,none,A3_minus_B4,0.0,0.0,0,0
214,subject_214,1,F4,0.5,20dB,A3_minus_A2,0.0,0.0,0,0
214,subject_214,1,F4,0.5,20dB,A3_minus_B4,0.0,0.0,0,0
214,subject_214,1,F5,0.2,none,A3_minus_A2,-0.002340733000700368,0.001145706176757598,-22,-704
214,subject_214,1,F5,0.2,none,A3_minus_B4,-0.003476862826296667,0.002287778854370613,-6,-192
214,subject_214,1,F5,0.2,20dB,A3_minus_A2,-0.000786458390024336,0.0008260202407832651,-74,-2368
214,subject_214,1,F5,0.2,20dB,A3_minus_B4,0.02029469634665304,-0.010062394142149253,-16,-512
214,subject_214,1,F5,0.5,none,A3_minus_A2,-0.0015197223569138885,0.00029747486114501537,-19,-608
214,subject_214,1,F5,0.5,none,A3_minus_B4,0.005224339162754887,-0.0006553411483764676,-13,-416
214,subject_214,1,F5,0.5,20dB,A3_minus_A2,-0.002884895964367473,0.0009693861007690416,-20,-640
214,subject_214,1,F5,0.5,20dB,A3_minus_B4,0.0065399045778882225,-0.0008436775207517413,-9,-288
214,subject_214,2,F0,0.2,none,A3_minus_A2,0.0021855663284817695,-0.001121926307678222,-90,-2880
214,subject_214,2,F0,0.2,none,A3_minus_B4,-0.004631872680509019,-0.00033867359161376953,-8,-256
214,subject_214,2,F0,0.2,20dB,A3_minus_A2,0.0009284012832573296,-0.001583290100097657,-118,-3776
214,subject_214,2,F0,0.2,20dB,A3_minus_B4,0.0010492898375957793,-0.0042880535125732425,-9,-288
214,subject_214,2,F0,0.5,none,A3_minus_A2,0.0,0.0,-88,-2816
214,subject_214,2,F0,0.5,none,A3_minus_B4,0.0,0.0,-6,-192
214,subject_214,2,F0,0.5,20dB,A3_minus_A2,-0.00026067751098324266,-0.0003124713897705079,-106,-3392
214,subject_214,2,F0,0.5,20dB,A3_minus_B4,0.0,0.0,2,64
214,subject_214,2,F1,0.2,none,A3_minus_A2,0.0017605843665755572,-0.0023557424545287975,-72,-2304
214,subject_214,2,F1,0.2,none,A3_minus_B4,-0.0011139460258959843,0.001595783233642581,-1,-32
214,subject_214,2,F1,0.2,20dB,A3_minus_A2,0.00294194162799144,-0.001943612098693856,-92,-2944
214,subject_214,2,F1,0.2,20dB,A3_minus_B4,0.0015308862364165066,0.0013366222381591825,15,480
214,subject_214,2,F1,0.5,none,A3_minus_A2,0.0,0.0,-72,-2304
214,subject_214,2,F1,0.5,none,A3_minus_B4,0.0,0.0,-1,-32
214,subject_214,2,F1,0.5,20dB,A3_minus_A2,0.0,0.0,-85,-2720
214,subject_214,2,F1,0.5,20dB,A3_minus_B4,0.0,0.0,-5,-160
214,subject_214,2,F2,0.2,none,A3_minus_A2,-0.0003894293503705626,-0.0009056091308593806,-84,-2688
214,subject_214,2,F2,0.2,none,A3_minus_B4,3.5879266278016075e-05,0.002187585830688482,2,64
214,subject_214,2,F2,0.2,20dB,A3_minus_A2,-0.002103513209458896,-0.0012671947479248047,-103,-3296
214,subject_214,2,F2,0.2,20dB,A3_minus_B4,-0.0014365039237862476,0.00336267948150637,6,192
214,subject_214,2,F2,0.5,none,A3_minus_A2,0.0,0.0,-83,-2656
214,subject_214,2,F2,0.5,none,A3_minus_B4,0.0,0.0,-2,-64
214,subject_214,2,F2,0.5,20dB,A3_minus_A2,0.0,0.0,-96,-3072
214,subject_214,2,F2,0.5,20dB,A3_minus_B4,0.0,0.0,-3,-96
214,subject_214,2,F3,0.2,none,A3_minus_A2,-0.07336465000612336,0.017175841331481936,-64,-2048
214,subject_214,2,F3,0.2,none,A3_minus_B4,0.018901604582250542,-0.0026004791259765653,-31,-992
214,subject_214,2,F3,0.2,20dB,A3_minus_A2,-0.01835238588451915,0.01399778339937939,-71,-2272
214,subject_214,2,F3,0.2,20dB,A3_minus_B4,0.04438952044688804,-0.027648752451777586,16,512
214,subject_214,2,F3,0.5,none,A3_minus_A2,-0.02545076710348937,0.0032735824584960993,-17,-544
214,subject_214,2,F3,0.5,none,A3_minus_B4,3.318225788007112e-05,0.00045628547668456754,-8,-256
214,subject_214,2,F3,0.5,20dB,A3_minus_A2,-0.023045227249427924,0.005919599533081063,-38,-1216
214,subject_214,2,F3,0.5,20dB,A3_minus_B4,-0.001591364425031827,0.001549673080444347,-11,-352
214,subject_214,2,F4,0.2,none,A3_minus_A2,-0.09265817637027851,0.011539043155460671,-25,-800
214,subject_214,2,F4,0.2,none,A3_minus_B4,0.18448000734381864,-0.011336885723323531,-9,-288
214,subject_214,2,F4,0.2,20dB,A3_minus_A2,-0.07308773156405479,0.01573636551265284,-40,-1280
214,subject_214,2,F4,0.2,20dB,A3_minus_B4,0.14485584654062933,-0.017205328213122595,-5,-160
214,subject_214,2,F4,0.5,none,A3_minus_A2,0.0,0.0,0,0
214,subject_214,2,F4,0.5,none,A3_minus_B4,0.0,0.0,0,0
214,subject_214,2,F4,0.5,20dB,A3_minus_A2,-0.010149410092823885,0.0009067947233608875,-8,-256
214,subject_214,2,F4,0.5,20dB,A3_minus_B4,0.004525574234639507,-0.0008503025209018189,-2,-64
214,subject_214,2,F5,0.2,none,A3_minus_A2,-0.012743904250331894,0.005839524269103433,-79,-2528
214,subject_214,2,F5,0.2,none,A3_minus_B4,-0.013316356506127391,0.0014264583587653562,-16,-512
214,subject_214,2,F5,0.2,20dB,A3_minus_A2,-0.023403749104843996,0.02110007762908879,-104,-3328
214,subject_214,2,F5,0.2,20dB,A3_minus_B4,0.027795755110453513,-0.01509175300598091,-6,-192
214,subject_214,2,F5,0.5,none,A3_minus_A2,-0.02134439423250356,0.0030800724029541315,-46,-1472
214,subject_214,2,F5,0.5,none,A3_minus_B4,0.02965673084367282,-0.0031932497024534726,-4,-128
214,subject_214,2,F5,0.5,20dB,A3_minus_A2,-0.01744163403736465,0.0037061071395877304,-46,-1472
214,subject_214,2,F5,0.5,20dB,A3_minus_B4,0.029189684027404184,-0.004162745475769641,-6,-192
215,subject_215,0,F0,0.2,none,A3_minus_A2,0.0075243109862555,-0.00350167751312256,-54,-1728
215,subject_215,0,F0,0.2,none,A3_minus_B4,0.0014359141991917568,0.0019731521606445312,-6,-192
215,subject_215,0,F0,0.2,20dB,A3_minus_A2,0.002468597456395827,-0.004755258560180664,-86,-2752
215,subject_215,0,F0,0.2,20dB,A3_minus_B4,0.0023268961555515943,-0.0024957656860351562,-33,-1056
215,subject_215,0,F0,0.5,none,A3_minus_A2,0.003332498245018911,-0.0012499332427978512,-54,-1728
215,subject_215,0,F0,0.5,none,A3_minus_B4,0.0003246956070164231,-0.0008925676345825188,-7,-224
215,subject_215,0,F0,0.5,20dB,A3_minus_A2,0.007993335449990369,-0.0001831293106079098,-64,-2048
215,subject_215,0,F0,0.5,20dB,A3_minus_B4,0.0022052398323850753,0.0037518739700317383,-3,-96
215,subject_215,0,F1,0.2,none,A3_minus_A2,-0.0016238228307301483,-0.0030253648757934543,-42,-1344
215,subject_215,0,F1,0.2,none,A3_minus_B4,-0.002211126307102518,0.0005983114242553711,-11,-352
215,subject_215,0,F1,0.2,20dB,A3_minus_A2,0.005125094637662642,-0.003517889976501473,-48,-1536
215,subject_215,0,F1,0.2,20dB,A3_minus_B4,0.00032546820857248804,-0.0019521951675415122,-6,-192
215,subject_215,0,F1,0.5,none,A3_minus_A2,0.0009788741659750855,0.0004355907440185547,-36,-1152
215,subject_215,0,F1,0.5,none,A3_minus_B4,3.3385797912899307e-06,-3.1471252441434006e-06,-5,-160
215,subject_215,0,F1,0.5,20dB,A3_minus_A2,0.0016576003846697773,-0.0014012813568115151,-55,-1760
215,subject_215,0,F1,0.5,20dB,A3_minus_B4,0.0030377899550337872,-0.0021122932434081976,-5,-160
215,subject_215,0,F2,0.2,none,A3_minus_A2,-0.007843291075371184,0.0018901824951171875,-42,-1344
215,subject_215,0,F2,0.2,none,A3_minus_B4,-0.000803217911112597,7.853507995603248e-05,13,416
215,subject_215,0,F2,0.2,20dB,A3_minus_A2,-0.0019576259401290486,-0.0042328119277954546,-58,-1856
215,subject_215,0,F2,0.2,20dB,A3_minus_B4,-0.0020385790136945303,0.000920581817626942,18,576
215,subject_215,0,F2,0.5,none,A3_minus_A2,0.0007138486519941978,0.0005743265151977595,-42,-1344
215,subject_215,0,F2,0.5,none,A3_minus_B4,0.0009033917556777737,0.0015845060348510798,10,320
215,subject_215,0,F2,0.5,20dB,A3_minus_A2,0.0005649184390712492,0.00032520294189453125,-53,-1696
215,subject_215,0,F2,0.5,20dB,A3_minus_B4,0.000257837096471647,-9.276866912844017e-05,13,416
215,subject_215,0,F3,0.2,none,A3_minus_A2,-0.06403738343887966,0.0299127939923403,-60,-1920
215,subject_215,0,F3,0.2,none,A3_minus_B4,0.053106786258140914,-0.016293382644653298,-9,-288
215,subject_215,0,F3,0.2,20dB,A3_minus_A2,-0.02746776571400389,0.020631760547152753,-52,-1664
215,subject_215,0,F3,0.2,20dB,A3_minus_B4,0.07597345979216286,-0.02732908725738524,-6,-192
215,subject_215,0,F3,0.5,none,A3_minus_A2,-0.0784217109212868,0.01247138977050781,-33,-1056
215,subject_215,0,F3,0.5,none,A3_minus_B4,0.07617228703383816,-0.007240343093872073,-4,-128
215,subject_215,0,F3,0.5,20dB,A3_minus_A2,-0.0413783568241044,0.009358501434326177,-41,-1312
215,subject_215,0,F3,0.5,20dB,A3_minus_B4,0.038682397805420266,-0.007997107505798337,-2,-64
215,subject_215,0,F4,0.2,none,A3_minus_A2,-0.08525134362505327,0.015320107123723808,-30,-960
215,subject_215,0,F4,0.2,none,A3_minus_B4,0.19534112244684465,-0.014431122162470056,-11,-352
215,subject_215,0,F4,0.2,20dB,A3_minus_A2,-0.18419180197502882,0.04471311569213868,-31,-992
215,subject_215,0,F4,0.2,20dB,A3_minus_B4,0.06200569191201666,-0.017314743995666515,-3,-96
215,subject_215,0,F4,0.5,none,A3_minus_A2,0.00391942607186202,-0.00021774768829346813,-3,-96
215,subject_215,0,F4,0.5,none,A3_minus_B4,0.009916355559662193,-0.0008167743682861439,2,64
215,subject_215,0,F4,0.5,20dB,A3_minus_A2,-0.06615152172836147,0.005765104293823237,-8,-256
215,subject_215,0,F4,0.5,20dB,A3_minus_B4,-0.04414078061610205,0.002676558494567882,-1,-32
215,subject_215,0,F5,0.2,none,A3_minus_A2,0.003348787204217274,0.008835310935976004,-54,-1728
215,subject_215,0,F5,0.2,none,A3_minus_B4,0.03825424947622835,0.004038915634156842,-6,-192
215,subject_215,0,F5,0.2,20dB,A3_minus_A2,-0.013176420530449207,0.00639647483825527,-78,-2496
215,subject_215,0,F5,0.2,20dB,A3_minus_B4,-0.00413309448407162,-0.007812685966490915,-16,-512
215,subject_215,0,F5,0.5,none,A3_minus_A2,-0.0017167095902514973,0.0009592103958127041,-48,-1536
215,subject_215,0,F5,0.5,none,A3_minus_B4,0.03789851517675302,-0.004784045219421343,10,320
215,subject_215,0,F5,0.5,20dB,A3_minus_A2,-0.011514296874596042,0.004093146324157901,-50,-1600
215,subject_215,0,F5,0.5,20dB,A3_minus_B4,0.04421572915951977,-0.006298756599426268,-7,-224
215,subject_215,1,F0,0.2,none,A3_minus_A2,-0.009304558450768496,0.004016923904418945,-130,-4160
215,subject_215,1,F0,0.2,none,A3_minus_B4,-0.011505703109992993,0.007764291763305665,5,160
215,subject_215,1,F0,0.2,20dB,A3_minus_A2,0.002093888368353447,-0.007495641708374022,-131,-4192
215,subject_215,1,F0,0.2,20dB,A3_minus_B4,-0.002612332591329647,-0.011260557174682618,4,128
215,subject_215,1,F0,0.5,none,A3_minus_A2,7.736839117455929e-05,-0.0006151914596557615,-128,-4096
215,subject_215,1,F0,0.5,none,A3_minus_B4,0.0,0.0,7,224
215,subject_215,1,F0,0.5,20dB,A3_minus_A2,7.801321721956356e-08,4.768371582048597e-08,-124,-3968
215,subject_215,1,F0,0.5,20dB,A3_minus_B4,7.801321721956356e-08,4.768371582048597e-08,11,352
215,subject_215,1,F1,0.2,none,A3_minus_A2,0.012587612984294339,0.004456305503845209,-118,-3776
215,subject_215,1,F1,0.2,none,A3_minus_B4,0.01651241979919149,0.006464409828186038,4,128
215,subject_215,1,F1,0.2,20dB,A3_minus_A2,0.0026574621020074574,0.0024078369140625028,-117,-3744
215,subject_215,1,F1,0.2,20dB,A3_minus_B4,0.00050865503870412,0.007612061500549314,0,0
215,subject_215,1,F1,0.5,none,A3_minus_A2,2.1766991347149656e-05,-0.0006151914596557589,-106,-3392
215,subject_215,1,F1,0.5,none,A3_minus_B4,-0.0011175544163322115,-0.0037319421768188393,10,320
215,subject_215,1,F1,0.5,20dB,A3_minus_A2,0.0,0.0,-113,-3616
215,subject_215,1,F1,0.5,20dB,A3_minus_B4,0.0,0.0,2,64
215,subject_215,1,F2,0.2,none,A3_minus_A2,-0.009554847432283964,0.007036805152893066,-111,-3552
215,subject_215,1,F2,0.2,none,A3_minus_B4,-0.01723032931844415,0.005586838722228982,6,192
215,subject_215,1,F2,0.2,20dB,A3_minus_A2,-0.0046469291677055935,-0.00383758544921875,-105,-3360
215,subject_215,1,F2,0.2,20dB,A3_minus_B4,-0.004769097776089026,-0.004586243629455589,-16,-512
215,subject_215,1,F2,0.5,none,A3_minus_A2,0.0,0.0,-108,-3456
215,subject_215,1,F2,0.5,none,A3_minus_B4,0.0,0.0,8,256
215,subject_215,1,F2,0.5,20dB,A3_minus_A2,0.0,0.0,-102,-3264
215,subject_215,1,F2,0.5,20dB,A3_minus_B4,0.0,0.0,8,256
215,subject_215,1,F3,0.2,none,A3_minus_A2,-0.17959176401495114,0.05268001556396483,-116,-3712
215,subject_215,1,F3,0.2,none,A3_minus_B4,0.14603290024547277,-0.053060626983642584,19,608
215,subject_215,1,F3,0.2,20dB,A3_minus_A2,-0.09095571910233602,0.060126805305480965,-116,-3712
215,subject_215,1,F3,0.2,20dB,A3_minus_B4,0.044556288353067686,-0.037605023384094244,4,128
215,subject_215,1,F3,0.5,none,A3_minus_A2,-0.16304173717097115,0.022380065917968747,-97,-3104
215,subject_215,1,F3,0.5,none,A3_minus_B4,0.11338580925932007,-0.009347510337829587,-24,-768
215,subject_215,1,F3,0.5,20dB,A3_minus_A2,-0.12516190161449536,0.027583646774291995,-87,-2784
215,subject_215,1,F3,0.5,20dB,A3_minus_B4,0.08716236946219524,-0.016437911987304682,0,0
215,subject_215,1,F4,0.2,none,A3_minus_A2,-0.22612635864969732,0.04886217960438738,-69,-2208
215,subject_215,1,F4,0.2,none,A3_minus_B4,0.12946946372972334,-0.017989671433647048,-12,-384
215,subject_215,1,F4,0.2,20dB,A3_minus_A2,-0.08564308262171849,0.030998389342736854,-64,-2048
215,subject_215,1,F4,0.2,20dB,A3_minus_B4,0.004338094605667919,0.0004838504450233594,-8,-256
215,subject_215,1,F4,0.5,none,A3_minus_A2,-0.02912909965029975,0.003224539756774919,-11,-352
215,subject_215,1,F4,0.5,none,A3_minus_B4,0.029455950138443043,-0.0022125482559204046,2,64
215,subject_215,1,F4,0.5,20dB,A3_minus_A2,-0.05796440852549445,0.007264416901455656,-22,-704
215,subject_215,1,F4,0.5,20dB,A3_minus_B4,0.07042437626025055,-0.006680256636752341,0,0
215,subject_215,1,F5,0.2,none,A3_minus_A2,-0.06495756781400885,0.037524504661559634,-123,-3936
215,subject_215,1,F5,0.2,none,A3_minus_B4,-0.014326224398637066,0.006145515441894747,3,96
215,subject_215,1,F5,0.2,20dB,A3_minus_A2,0.0006125484827741445,0.007762727737425659,-118,-3776
215,subject_215,1,F5,0.2,20dB,A3_minus_B4,0.006846968375540996,-0.012610135078429077,7,224
215,subject_215,1,F5,0.5,none,A3_minus_A2,-0.007677661760840948,0.002112240791314862,-106,-3392
215,subject_215,1,F5,0.5,none,A3_minus_B4,0.048222229556291296,-0.0036336708068825385,-2,-64
215,subject_215,1,F5,0.5,20dB,A3_minus_A2,-0.05724595717985359,0.019712266921993654,-94,-3008
215,subject_215,1,F5,0.5,20dB,A3_minus_B4,0.013626701407238428,-0.0005647182464610379,0,0
215,subject_215,2,F0,0.2,none,A3_minus_A2,-0.0026554053406897538,-0.001441383361816406,-122,-3904
215,subject_215,2,F0,0.2,none,A3_minus_B4,-0.0032649216653197755,-0.003282785415649414,13,416
215,subject_215,2,F0,0.2,20dB,A3_minus_A2,-0.0023413788942789893,0.006342649459838867,-122,-3904
215,subject_215,2,F0,0.2,20dB,A3_minus_B4,-0.0003850467306456551,-0.0005100250244140618,14,448
215,subject_215,2,F0,0.5,none,A3_minus_A2,0.0002888590893412868,-0.00031247138977050747,-119,-3808
215,subject_215,2,F0,0.5,none,A3_minus_B4,0.0,0.0,15,480
215,subject_215,2,F0,0.5,20dB,A3_minus_A2,0.0,0.0,-125,-4000
215,subject_215,2,F0,0.5,20dB,A3_minus_B4,0.0,0.0,10,320
215,subject_215,2,F1,0.2,none,A3_minus_A2,-0.0014233486078012447,-0.0003824949264526478,-101,-3232
215,subject_215,2,F1,0.2,none,A3_minus_B4,0.016542368061561064,-0.003690743446350106,21,672
215,subject_215,2,F1,0.2,20dB,A3_minus_A2,-0.0031335268173648956,0.0007757902145385659,-110,-3520
215,subject_215,2,F1,0.2,20dB,A3_minus_B4,-0.005337189778039431,-0.004601430892944333,14,448
215,subject_215,2,F1,0.5,none,A3_minus_A2,0.0,0.0,-106,-3392
215,subject_215,2,F1,0.5,none,A3_minus_B4,0.0,0.0,13,416
215,subject_215,2,F1,0.5,20dB,A3_minus_A2,0.000905824307139369,-0.0015404462814331,-111,-3552
215,subject_215,2,F1,0.5,20dB,A3_minus_B4,0.0,0.0,7,224
215,subject_215,2,F2,0.2,none,A3_minus_A2,0.004395205102781574,-0.0018712520599365179,-104,-3328
215,subject_215,2,F2,0.2,none,A3_minus_B4,0.009434831084121242,-0.000681495666503884,16,512
215,subject_215,2,F2,0.2,20dB,A3_minus_A2,0.00013188486240345298,0.000246548652648948,-108,-3456
215,subject_215,2,F2,0.2,20dB,A3_minus_B4,-0.004192069312816571,0.002512311935424838,12,384
215,subject_215,2,F2,0.5,none,A3_minus_A2,6.897877502431982e-05,-0.00031247138977050226,-105,-3360
215,subject_215,2,F2,0.5,none,A3_minus_B4,0.0,0.0,11,352
215,subject_215,2,F2,0.5,20dB,A3_minus_A2,-0.0004194829178789661,0.002427649497985823,-102,-3264
215,subject_215,2,F2,0.5,20dB,A3_minus_B4,-0.0004341333589774621,0.003042840957641596,15,480
215,subject_215,2,F3,0.2,none,A3_minus_A2,-0.09359232431429376,0.04012841206913213,-110,-3520
215,subject_215,2,F3,0.2,none,A3_minus_B4,0.1692612165059657,-0.03729031085968018,1,32
215,subject_215,2,F3,0.2,20dB,A3_minus_A2,-0.06008432107473638,0.042595863342285156,-112,-3584
215,subject_215,2,F3,0.2,20dB,A3_minus_B4,0.0775240421528558,-0.037656307220458984,4,128
215,subject_215,2,F3,0.5,none,A3_minus_A2,-0.10685694686633695,0.01809730529785157,-78,-2496
215,subject_215,2,F3,0.5,none,A3_minus_B4,0.15512267496941945,-0.010526537895202637,-13,-416
215,subject_215,2,F3,0.5,20dB,A3_minus_A2,-0.06020055921339562,0.017076849937438965,-86,-2752
215,subject_215,2,F3,0.5,20dB,A3_minus_B4,0.07040125880347858,-0.006737480163574228,-11,-352
215,subject_215,2,F4,0.2,none,A3_minus_A2,-0.09690612849936286,0.0168697402757072,-52,-1664
215,subject_215,2,F4,0.2,none,A3_minus_B4,0.04692157711323475,-0.010986589027471627,9,288
215,subject_215,2,F4,0.2,20dB,A3_minus_A2,-0.06859592995521879,0.025363028074117555,-64,-2048
215,subject_215,2,F4,0.2,20dB,A3_minus_B4,0.0342372937272053,-0.011568034983388209,4,128
215,subject_215,2,F4,0.5,none,A3_minus_A2,-0.05840012285012364,0.004486703872680631,-17,-544
215,subject_215,2,F4,0.5,none,A3_minus_B4,0.019776638239692446,-0.0012680053710937833,-1,-32
215,subject_215,2,F4,0.5,20dB,A3_minus_A2,-0.03126632658883466,0.0037588836302687723,-20,-640
215,subject_215,2,F4,0.5,20dB,A3_minus_B4,0.029908773847513004,-0.002574467504985134,-4,-128
215,subject_215,2,F5,0.2,none,A3_minus_A2,-0.018247531606309764,0.022908420562738563,-121,-3872
215,subject_215,2,F5,0.2,none,A3_minus_B4,0.03482945312132557,-0.015633802413936762,6,192
215,subject_215,2,F5,0.2,20dB,A3_minus_A2,-0.006650302242743322,0.011300988197326237,-121,-3872
215,subject_215,2,F5,0.2,20dB,A3_minus_B4,0.005388024574326522,-0.013845996856688456,8,256
215,subject_215,2,F5,0.5,none,A3_minus_A2,-0.04635060764862331,0.00654527187347452,-86,-2752
215,subject_215,2,F5,0.5,none,A3_minus_B4,0.0027204935083027237,-6.211280822830678e-05,3,96
215,subject_215,2,F5,0.5,20dB,A3_minus_A2,-0.05918506142586821,0.017084999084472224,-82,-2624
215,subject_215,2,F5,0.5,20dB,A3_minus_B4,0.030544125931220023,-0.0077158117294310186,2,64
217,subject_217,0,F0,0.2,none,A3_minus_A2,-0.0015454875614508978,0.0015518665313720703,-116,-3712
217,subject_217,0,F0,0.2,none,A3_minus_B4,-0.00967848553113626,0.009565401077270509,16,512
217,subject_217,0,F0,0.2,20dB,A3_minus_A2,0.00559520909938982,-0.00637364387512207,-123,-3936
217,subject_217,0,F0,0.2,20dB,A3_minus_B4,0.0019790330595945704,0.0031142234802246094,12,384
217,subject_217,0,F0,0.5,none,A3_minus_A2,0.0001616024313868536,-0.0006151914596557618,-116,-3712
217,subject_217,0,F0,0.5,none,A3_minus_B4,0.0,0.0,16,512
217,subject_217,0,F0,0.5,20dB,A3_minus_A2,0.0004476174827630075,-0.0012474775314331053,-123,-3936
217,subject_217,0,F0,0.5,20dB,A3_minus_B4,-0.0013288881647426365,-0.003749656677246093,10,320
217,subject_217,0,F1,0.2,none,A3_minus_A2,0.014994871662320719,0.0005258560180664146,-101,-3232
217,subject_217,0,F1,0.2,none,A3_minus_B4,0.00941193885275382,0.00643765926361084,15,480
217,subject_217,0,F1,0.2,20dB,A3_minus_A2,0.0010694596860396643,-0.0015403032302856445,-102,-3264
217,subject_217,0,F1,0.2,20dB,A3_minus_B4,-0.003925780733599282,-0.0017250299453735324,15,480
217,subject_217,0,F1,0.5,none,A3_minus_A2,0.006661189422844771,0.0008031368255615179,-99,-3168
217,subject_217,0,F1,0.5,none,A3_minus_B4,0.004635619608389874,0.0032835006713867188,16,512
217,subject_217,0,F1,0.5,20dB,A3_minus_A2,0.00016442983520015275,-0.0012399435043334989,-108,-3456
217,subject_217,0,F1,0.5,20dB,A3_minus_B4,-1.8073324881129338e-07,1.9073486327847444e-07,8,256
217,subject_217,0,F2,0.2,none,A3_minus_A2,0.000323002985989973,-0.0017747640609740989,-98,-3136
217,subject_217,0,F2,0.2,none,A3_minus_B4,0.00016684153815660352,0.001405692100524908,18,576
217,subject_217,0,F2,0.2,20dB,A3_minus_A2,0.0013836065763115357,-0.006182599067687977,-101,-3232
217,subject_217,0,F2,0.2,20dB,A3_minus_B4,0.0017184049275069668,-0.007976007461547835,1,32
217,subject_217,0,F2,0.5,none,A3_minus_A2,7.13534795373505e-05,-0.0009277105331420843,-97,-3104
217,subject_217,0,F2,0.5,none,A3_minus_B4,0.0,0.0,18,576
217,subject_217,0,F2,0.5,20dB,A3_minus_A2,1.7462360583309078e-05,-0.0015429019927978294,-109,-3488
217,subject_217,0,F2,0.5,20dB,A3_minus_B4,0.0,0.0,12,384
217,subject_217,0,F3,0.2,none,A3_minus_A2,-0.08838781739400758,0.01985831674167883,-93,-2976
217,subject_217,0,F3,0.2,none,A3_minus_B4,0.1663608115213968,-0.0221031388018723,-10,-320
217,subject_217,0,F3,0.2,20dB,A3_minus_A2,-0.052795521875346196,0.029501876569545407,-108,-3456
217,subject_217,0,F3,0.2,20dB,A3_minus_B4,0.05688387114251725,-0.026329291582942144,-7,-224
217,subject_217,0,F3,0.5,none,A3_minus_A2,-0.07305332580977009,0.008477998480913643,-57,-1824
217,subject_217,0,F3,0.5,none,A3_minus_B4,0.08818176800454935,-0.006684350967407229,-1,-32
217,subject_217,0,F3,0.5,20dB,A3_minus_A2,-0.05187472164774931,0.011170458793640134,-68,-2176
217,subject_217,0,F3,0.5,20dB,A3_minus_B4,0.04928548344448913,-0.0076105594635009766,-8,-256
217,subject_217,0,F4,0.2,none,A3_minus_A2,-0.14949522017813166,0.01596800136566162,-30,-960
217,subject_217,0,F4,0.2,none,A3_minus_B4,0.18210974285144843,-0.020362748944965037,-4,-128
217,subject_217,0,F4,0.2,20dB,A3_minus_A2,-0.13452677576121985,0.03404530933591868,-56,-1792
217,subject_217,0,F4,0.2,20dB,A3_minus_B4,0.043789996875020165,-0.009536303666378587,-15,-480
217,subject_217,0,F4,0.5,none,A3_minus_A2,-0.12132479793890028,0.007742071151733421,-15,-480
217,subject_217,0,F4,0.5,none,A3_minus_B4,-0.050345980159992365,0.0030870676040649636,-9,-288
217,subject_217,0,F4,0.5,20dB,A3_minus_A2,-0.01060979613047941,0.0014317750930786244,-6,-192
217,subject_217,0,F4,0.5,20dB,A3_minus_B4,0.00669814257198631,-0.0003798961639404075,-3,-96
217,subject_217,0,F5,0.2,none,A3_minus_A2,-0.031348080231317965,0.0037480258941656047,-109,-3488
217,subject_217,0,F5,0.2,none,A3_minus_B4,-0.01896103055073084,-0.00706349849700702,-7,-224
217,subject_217,0,F5,0.2,20dB,A3_minus_A2,-0.0022975673144891573,0.00017047405242678892,-111,-3552
217,subject_217,0,F5,0.2,20dB,A3_minus_B4,0.001709084859200516,0.0027472639083869765,11,352
217,subject_217,0,F5,0.5,none,A3_minus_A2,-0.03197399123549971,0.00639351367950506,-69,-2208
217,subject_217,0,F5,0.5,none,A3_minus_B4,-0.03925814763943691,0.00035434246063256736,-4,-128
217,subject_217,0,F5,0.5,20dB,A3_minus_A2,-0.023875833245334377,0.006938319206237165,-106,-3392
217,subject_217,0,F5,0.5,20dB,A3_minus_B4,0.04127983188010376,-0.007640314102172849,-20,-640
217,subject_217,1,F0,0.2,none,A3_minus_A2,-0.0014787206082189641,-0.00034775733947754045,-81,-2592
217,subject_217,1,F0,0.2,none,A3_minus_B4,0.020966704330177777,-0.007614660263061523,-18,-576
217,subject_217,1,F0,0.2,20dB,A3_minus_A2,0.002560040506082828,-0.0007993459701538079,-90,-2880
217,subject_217,1,F0,0.2,20dB,A3_minus_B4,-0.0014284836874196571,-0.0032756567001342787,-12,-384
217,subject_217,1,F0,0.5,none,A3_minus_A2,0.000547624807641256,-0.0005532979965209971,-77,-2464
217,subject_217,1,F0,0.5,none,A3_minus_B4,0.01720660271769603,-0.0051885128021240245,-14,-448
217,subject_217,1,F0,0.5,20dB,A3_minus_A2,-0.003597946378075534,0.0007101297378540039,-86,-2752
217,subject_217,1,F0,0.5,20dB,A3_minus_B4,-0.0054560229746343225,0.0002071857452392578,-9,-288
217,subject_217,1,F1,0.2,none,A3_minus_A2,0.003667404407689645,-0.002102065086364749,-66,-2112
217,subject_217,1,F1,0.2,none,A3_minus_B4,0.0135984004538372,-0.005152869224548343,-19,-608
217,subject_217,1,F1,0.2,20dB,A3_minus_A2,-0.00016174544273539482,-0.0002713203430175781,-69,-2208
217,subject_217,1,F1,0.2,20dB,A3_minus_B4,0.0024047500435635527,-0.0040761709213256725,-11,-352
217,subject_217,1,F1,0.5,none,A3_minus_A2,-0.0018956947532871027,0.0025326013565063477,-72,-2304
217,subject_217,1,F1,0.5,none,A3_minus_B4,-0.0023252270714344547,0.0030468225479126088,-14,-448
217,subject_217,1,F1,0.5,20dB,A3_minus_A2,0.00017624759675527457,0.00020501613616942527,-78,-2496
217,subject_217,1,F1,0.5,20dB,A3_minus_B4,0.00017624759675527457,0.00020501613616942527,-14,-448
217,subject_217,1,F2,0.2,none,A3_minus_A2,-0.003519922092749539,-0.0033234357833862305,-95,-3040
217,subject_217,1,F2,0.2,none,A3_minus_B4,-0.0038159798561459013,-0.0014131307601928655,-23,-736
217,subject_217,1,F2,0.2,20dB,A3_minus_A2,0.0019418707127272228,-0.0024930238723754883,-103,-3296
217,subject_217,1,F2,0.2,20dB,A3_minus_B4,0.00034773791915476693,-0.00018897056579592064,-2,-64
217,subject_217,1,F2,0.5,none,A3_minus_A2,0.00010272736305694252,-0.0006128311157226618,-88,-2816
217,subject_217,1,F2,0.5,none,A3_minus_B4,1.946997269186568e-06,1.2111663818342722e-05,-8,-256
217,subject_217,1,F2,0.5,20dB,A3_minus_A2,-7.589176055589064e-06,-0.00030243396759033203,-94,-3008
217,subject_217,1,F2,0.5,20dB,A3_minus_B4,0.000502630081284039,-0.002791452407836903,16,512
217,subject_217,1,F3,0.2,none,A3_minus_A2,-0.07269412014134247,0.021639436721801755,-67,-2144
217,subject_217,1,F3,0.2,none,A3_minus_B4,0.0389262045943255,-0.007169466972351074,-27,-864
217,subject_217,1,F3,0.2,20dB,A3_minus_A2,-0.03495563595403084,0.02621667434509882,-79,-2528
217,subject_217,1,F3,0.2,20dB,A3_minus_B4,0.01572590948473973,-0.01852164268493653,-5,-160
217,subject_217,1,F3,0.5,none,A3_minus_A2,-0.07081316642493363,0.007746434211730963,-38,-1216
217,subject_217,1,F3,0.5,none,A3_minus_B4,-0.0083701007444823,0.0019323587417602595,-22,-704
217,subject_217,1,F3,0.5,20dB,A3_minus_A2,-0.047924978356654435,0.011347992897033699,-54,-1728
217,subject_217,1,F3,0.5,20dB,A3_minus_B4,0.0590322398687988,-0.005172514915466303,-16,-512
217,subject_217,1,F4,0.2,none,A3_minus_A2,-0.06739421927490241,0.005591442721920192,-25,-800
217,subject_217,1,F4,0.2,none,A3_minus_B4,-0.03281958326667933,0.004164822765129583,-2,-64
217,subject_217,1,F4,0.2,20dB,A3_minus_A2,-0.09206420679847582,0.024077930311571433,-35,-1120
217,subject_217,1,F4,0.2,20dB,A3_minus_B4,-0.04393087296639919,0.011554684500109047,-14,-448
217,subject_217,1,F4,0.5,none,A3_minus_A2,-0.014078611062700475,0.0011353015899658037,-9,-288
217,subject_217,1,F4,0.5,none,A3_minus_B4,-0.004396466820210776,-0.00011081695556641735,-6,-192
217,subject_217,1,F4,0.5,20dB,A3_minus_A2,-0.009921543106790054,0.001275777816772461,-6,-192
217,subject_217,1,F4,0.5,20dB,A3_minus_B4,-0.0008723921206215124,5.176067352297142e-05,-1,-32
217,subject_217,1,F5,0.2,none,A3_minus_A2,-0.02259409251078992,0.00614487171173117,-74,-2368
217,subject_217,1,F5,0.2,none,A3_minus_B4,0.04074173602197817,-0.0020448493957523767,-17,-544
217,subject_217,1,F5,0.2,20dB,A3_minus_A2,-0.01152568302638457,0.009235200881957784,-90,-2880
217,subject_217,1,F5,0.2,20dB,A3_minus_B4,0.027407081652700782,-0.018606462478639868,-17,-544
217,subject_217,1,F5,0.5,none,A3_minus_A2,-0.010089826053143014,0.0032710695266722073,-51,-1632
217,subject_217,1,F5,0.5,none,A3_minus_B4,0.005684324932087037,0.0007726430892944156,-13,-416
217,subject_217,1,F5,0.5,20dB,A3_minus_A2,-0.028513499477767823,0.00687787532806361,-61,-1952
217,subject_217,1,F5,0.5,20dB,A3_minus_B4,-0.02002275432411693,0.004126739501953122,-6,-192
217,subject_217,2,F0,0.2,none,A3_minus_A2,0.0021716673864524694,-0.000864863395690918,-91,-2912
217,subject_217,2,F0,0.2,none,A3_minus_B4,0.006526475330655757,-0.0024613380432128903,-5,-160
217,subject_217,2,F0,0.2,20dB,A3_minus_A2,-0.0012372306936754285,0.004030084609985352,-105,-3360
217,subject_217,2,F0,0.2,20dB,A3_minus_B4,0.0011933111254904816,0.003461670875549317,3,96
217,subject_217,2,F0,0.5,none,A3_minus_A2,-2.059212862093318e-05,0.00015654563903808597,-86,-2752
217,subject_217,2,F0,0.5,none,A3_minus_B4,-2.059212862093318e-05,0.00015654563903808597,0,0
217,subject_217,2,F0,0.5,20dB,A3_minus_A2,0.00037006043164922175,-0.00031237602233886736,-107,-3424
217,subject_217,2,F0,0.5,20dB,A3_minus_B4,-1.1136624422647401e-07,-1.1920928955078125e-07,18,576
217,subject_217,2,F1,0.2,none,A3_minus_A2,0.012967152303218654,-0.0010240793228149525,-74,-2368
217,subject_217,2,F1,0.2,none,A3_minus_B4,0.014851312942603556,-0.005820131301879888,-2,-64
217,subject_217,2,F1,0.2,20dB,A3_minus_A2,-0.0003909727492121817,0.0015120029449462863,-93,-2976
217,subject_217,2,F1,0.2,20dB,A3_minus_B4,0.00446123707791557,-0.0012462139129638672,9,288
217,subject_217,2,F1,0.5,none,A3_minus_A2,-0.00024280455814285062,0.00030999183654785434,-71,-2272
217,subject_217,2,F1,0.5,none,A3_minus_B4,0.0002303755250139261,0.0003571987152099637,2,64
217,subject_217,2,F1,0.5,20dB,A3_minus_A2,9.153719523169457e-05,-0.00031237602233886996,-77,-2464
217,subject_217,2,F1,0.5,20dB,A3_minus_B4,2.062171269301416e-06,-3.0517578125111022e-06,0,0
217,subject_217,2,F2,0.2,none,A3_minus_A2,-0.0010220654790416006,-0.0003289461135864147,-73,-2336
217,subject_217,2,F2,0.2,none,A3_minus_B4,0.0012945489774729424,-0.0036070585250854437,-6,-192
217,subject_217,2,F2,0.2,20dB,A3_minus_A2,-0.0018416376749499364,0.0029172420501709095,-90,-2880
217,subject_217,2,F2,0.2,20dB,A3_minus_B4,0.00079282007557957,0.0012532949447632002,3,96
217,subject_217,2,F2,0.5,none,A3_minus_A2,-5.213328816644491e-05,-4.6181678771961554e-05,-73,-2336
217,subject_217,2,F2,0.5,none,A3_minus_B4,-6.289029312789296e-05,0.0002614259719848633,-6,-192
217,subject_217,2,F2,0.5,20dB,A3_minus_A2,-0.00041538243453054235,0.0007498025894164817,-95,-3040
217,subject_217,2,F2,0.5,20dB,A3_minus_B4,-0.00042531420676539256,-4.844665527345415e-05,2,64
217,subject_217,2,F3,0.2,none,A3_minus_A2,-0.05561084832472574,0.016112899780273443,-53,-1696
217,subject_217,2,F3,0.2,none,A3_minus_B4,0.0001959354801073232,-0.0015023708343505776,-26,-832
217,subject_217,2,F3,0.2,20dB,A3_minus_A2,-0.04579657810366555,0.029680919647216808,-85,-2720
217,subject_217,2,F3,0.2,20dB,A3_minus_B4,0.05302603672537032,-0.021098613739013672,-4,-128
217,subject_217,2,F3,0.5,none,A3_minus_A2,-0.04145944465398088,0.005682921409606939,-41,-1312
217,subject_217,2,F3,0.5,none,A3_minus_B4,-0.022218544140446994,0.003951930999755868,-29,-928
217,subject_217,2,F3,0.5,20dB,A3_minus_A2,-0.027796517881462535,0.006900405883789054,-48,-1536
217,subject_217,2,F3,0.5,20dB,A3_minus_B4,0.0028007213183887103,0.0015245199203491183,-18,-576
217,subject_217,2,F4,0.2,none,A3_minus_A2,-0.0866571303160164,0.008891453335620497,-21,-672
217,subject_217,2,F4,0.2,none,A3_minus_B4,-0.04650690933722146,0.00493174989018591,-16,-512
217,subject_217,2,F4,0.2,20dB,A3_minus_A2,-0.059340394322990875,0.01578773703395614,-37,-1184
217,subject_217,2,F4,0.2,20dB,A3_minus_B4,-0.020127901322201325,0.006144056644910051,-11,-352
217,subject_217,2,F4,0.5,none,A3_minus_A2,0.0,0.0,0,0
217,subject_217,2,F4,0.5,none,A3_minus_B4,0.0,0.0,0,0
217,subject_217,2,F4,0.5,20dB,A3_minus_A2,-0.012271386416584207,0.0013467073440551758,-3,-96
217,subject_217,2,F4,0.5,20dB,A3_minus_B4,-0.012271386416584207,0.0013467073440551758,-3,-96
217,subject_217,2,F5,0.2,none,A3_minus_A2,-0.015483817423582735,0.007441039085388457,-61,-1952
217,subject_217,2,F5,0.2,none,A3_minus_B4,-0.029234504688705698,0.006704149246216859,-1,-32
217,subject_217,2,F5,0.2,20dB,A3_minus_A2,-0.01990018411344252,0.015907301902769268,-103,-3296
217,subject_217,2,F5,0.2,20dB,A3_minus_B4,0.02574154027696096,-0.015975742340088486,-6,-192
217,subject_217,2,F5,0.5,none,A3_minus_A2,-0.01616388933491919,0.0024412631988525307,-33,-1056
217,subject_217,2,F5,0.5,none,A3_minus_B4,0.03726355556509375,-0.0030863285064697266,-17,-544
217,subject_217,2,F5,0.5,20dB,A3_minus_A2,-0.009960458301637942,0.002454991340638743,-80,-2560
217,subject_217,2,F5,0.5,20dB,A3_minus_B4,-0.013438068319988616,0.0020248699188289976,6,192
219,subject_219,0,F0,0.2,none,A3_minus_A2,0.00037464377116691594,3.411769866943498e-05,-76,-2432
219,subject_219,0,F0,0.2,none,A3_minus_B4,0.00048153057463551363,-0.0038037776947021477,-20,-640
219,subject_219,0,F0,0.2,20dB,A3_minus_A2,-0.00025527373609790516,0.0018336772918701172,-93,-2976
219,subject_219,0,F0,0.2,20dB,A3_minus_B4,0.00038641721430110465,-0.0014539718627929708,13,416
219,subject_219,0,F0,0.5,none,A3_minus_A2,0.0,0.0,-76,-2432
219,subject_219,0,F0,0.5,none,A3_minus_B4,0.0,0.0,13,416
219,subject_219,0,F0,0.5,20dB,A3_minus_A2,-0.00014735175578728388,-0.00031247138977050833,-88,-2816
219,subject_219,0,F0,0.5,20dB,A3_minus_B4,0.0,0.0,-4,-128
219,subject_219,0,F1,0.2,none,A3_minus_A2,-0.00021011181207342133,0.0007444620132446289,-68,-2176
219,subject_219,0,F1,0.2,none,A3_minus_B4,0.001807523515800824,7.426738739013672e-05,-29,-928
219,subject_219,0,F1,0.2,20dB,A3_minus_A2,-0.010220295697422443,-0.0008766889572143638,-79,-2528
219,subject_219,0,F1,0.2,20dB,A3_minus_B4,-0.001011694308008515,0.0003625392913818304,24,768
219,subject_219,0,F1,0.5,none,A3_minus_A2,0.0,0.0,-68,-2176
219,subject_219,0,F1,0.5,none,A3_minus_B4,0.0,0.0,22,704
219,subject_219,0,F1,0.5,20dB,A3_minus_A2,2.1302136266498906e-05,-0.0002225160598754855,-87,-2784
219,subject_219,0,F1,0.5,20dB,A3_minus_B4,0.00023280553063820264,-0.0036040067672729464,14,448
219,subject_219,0,F2,0.2,none,A3_minus_A2,0.00031683577247676453,-0.0024161338806152344,-86,-2752
219,subject_219,0,F2,0.2,none,A3_minus_B4,-0.00010431104863783958,-0.0008277654647827204,-15,-480
219,subject_219,0,F2,0.2,20dB,A3_minus_A2,-0.006643849622815168,0.0015628576278686468,-94,-3008
219,subject_219,0,F2,0.2,20dB,A3_minus_B4,0.01166347337550988,-0.004755449295043956,15,480
219,subject_219,0,F2,0.5,none,A3_minus_A2,0.0,0.0,-85,-2720
219,subject_219,0,F2,0.5,none,A3_minus_B4,0.0,0.0,-14,-448
219,subject_219,0,F2,0.5,20dB,A3_minus_A2,0.0,0.0,-93,-2976
219,subject_219,0,F2,0.5,20dB,A3_minus_B4,0.0,0.0,1,32
219,subject_219,0,F3,0.2,none,A3_minus_A2,-0.010818115522958749,0.00373659133911132,-43,-1376
219,subject_219,0,F3,0.2,none,A3_minus_B4,0.007518799600362058,-0.0017142534255981529,-6,-192
219,subject_219,0,F3,0.2,20dB,A3_minus_A2,-0.02125532393667484,0.016563764635573477,-80,-2560
219,subject_219,0,F3,0.2,20dB,A3_minus_B4,0.03568650527776995,-0.019222945127631855,-2,-64
219,subject_219,0,F3,0.5,none,A3_minus_A2,-0.002555082482111004,0.0004653215408325223,-21,-672
219,subject_219,0,F3,0.5,none,A3_minus_B4,0.008610311336411769,-0.0009408235549926702,-6,-192
219,subject_219,0,F3,0.5,20dB,A3_minus_A2,-0.010630419164479932,0.0025028944015502985,-32,-1024
219,subject_219,0,F3,0.5,20dB,A3_minus_B4,-0.004422256406448,0.0010915517807006808,-15,-480
219,subject_219,0,F4,0.2,none,A3_minus_A2,-0.031924300569940556,0.003457388586632415,-20,-640
219,subject_219,0,F4,0.2,none,A3_minus_B4,-0.027809095304043296,0.0030615660616079843,-19,-608
219,subject_219,0,F4,0.2,20dB,A3_minus_A2,-0.007434218902336198,0.003690308408712095,-16,-512
219,subject_219,0,F4,0.2,20dB,A3_minus_B4,-0.0006151253841757409,0.0010684669780480494,-7,-224
219,subject_219,0,F4,0.5,none,A3_minus_A2,-0.006054597358573943,0.00048754215240476295,-3,-96
219,subject_219,0,F4,0.5,none,A3_minus_B4,0.015611750190220874,-0.0013810157775878962,2,64
219,subject_219,0,F4,0.5,20dB,A3_minus_A2,0.0,0.0,0,0
219,subject_219,0,F4,0.5,20dB,A3_minus_B4,0.0,0.0,0,0
219,subject_219,0,F5,0.2,none,A3_minus_A2,-0.01008139384424922,0.003180494308473128,-42,-1344
219,subject_219,0,F5,0.2,none,A3_minus_B4,0.026681816340211384,-0.00788436412810914,-3,-96
219,subject_219,0,F5,0.2,20dB,A3_minus_A2,-0.016311657149088887,0.008099746704101546,-99,-3168
219,subject_219,0,F5,0.2,20dB,A3_minus_B4,0.04109663070060776,-0.02447038650512852,8,256
219,subject_219,0,F5,0.5,none,A3_minus_A2,-0.025345693304114292,0.0024067878723140756,-18,-576
219,subject_219,0,F5,0.5,none,A3_minus_B4,-0.02540015486483682,0.0024119138717647592,-17,-544
219,subject_219,0,F5,0.5,20dB,A3_minus_A2,-0.008353481048272826,0.0018305683136007889,-54,-1728
219,subject_219,0,F5,0.5,20dB,A3_minus_B4,-0.012602847830061492,0.0037364578247096603,-24,-768
219,subject_219,1,F0,0.2,none,A3_minus_A2,-0.0005417192707284357,0.00011942386627197127,-93,-2976
219,subject_219,1,F0,0.2,none,A3_minus_B4,-0.0008677957244920265,-0.0011355161666870128,-1,-32
219,subject_219,1,F0,0.2,20dB,A3_minus_A2,-0.00020028225664958654,3.74794006347658e-05,-102,-3264
219,subject_219,1,F0,0.2,20dB,A3_minus_B4,-0.0006119267381272664,0.0033970832824707035,10,320
219,subject_219,1,F0,0.5,none,A3_minus_A2,0.0,0.0,-92,-2944
219,subject_219,1,F0,0.5,none,A3_minus_B4,0.0,0.0,-5,-160
219,subject_219,1,F0,0.5,20dB,A3_minus_A2,0.0,0.0,-98,-3136
219,subject_219,1,F0,0.5,20dB,A3_minus_B4,0.0,0.0,16,512
219,subject_219,1,F1,0.2,none,A3_minus_A2,-0.005090895200979162,-0.0008741140365600558,-87,-2784
219,subject_219,1,F1,0.2,none,A3_minus_B4,-0.00045962991640635664,-0.0008477449417114147,-23,-736
219,subject_219,1,F1,0.2,20dB,A3_minus_A2,0.002121861800727487,-0.0014600515365600503,-93,-2976
219,subject_219,1,F1,0.2,20dB,A3_minus_B4,-0.00027492995895173067,0.001279163360595706,-20,-640
219,subject_219,1,F1,0.5,none,A3_minus_A2,0.0,0.0,-80,-2560
219,subject_219,1,F1,0.5,none,A3_minus_B4,0.0,0.0,-17,-544
219,subject_219,1,F1,0.5,20dB,A3_minus_A2,0.0,0.0,-87,-2784
219,subject_219,1,F1,0.5,20dB,A3_minus_B4,0.0,0.0,5,160
219,subject_219,1,F2,0.2,none,A3_minus_A2,0.004371232714138529,-0.00239734649658202,-102,-3264
219,subject_219,1,F2,0.2,none,A3_minus_B4,-0.007818764574007986,1.099109649657648e-05,-9,-288
219,subject_219,1,F2,0.2,20dB,A3_minus_A2,0.0019016929658342008,-0.0018169164657592662,-106,-3392
219,subject_219,1,F2,0.2,20dB,A3_minus_B4,-0.010532967127398152,0.003076624870300304,-14,-448
219,subject_219,1,F2,0.5,none,A3_minus_A2,0.0,0.0,-99,-3168
219,subject_219,1,F2,0.5,none,A3_minus_B4,0.0,0.0,-7,-224
219,subject_219,1,F2,0.5,20dB,A3_minus_A2,0.0,0.0,-109,-3488
219,subject_219,1,F2,0.5,20dB,A3_minus_B4,0.0,0.0,-2,-64
219,subject_219,1,F3,0.2,none,A3_minus_A2,-0.06010654704340723,0.02357265949249268,-90,-2880
219,subject_219,1,F3,0.2,none,A3_minus_B4,0.25702637062116906,-0.04451251029968262,-9,-288
219,subject_219,1,F3,0.2,20dB,A3_minus_A2,-0.02410246052706455,0.020457863807678223,-87,-2784
219,subject_219,1,F3,0.2,20dB,A3_minus_B4,0.03138355028517381,-0.012354707717895513,-42,-1344
219,subject_219,1,F3,0.5,none,A3_minus_A2,-0.04059329838067782,0.0063896417617797935,-66,-2112
219,subject_219,1,F3,0.5,none,A3_minus_B4,-0.04059329838067782,0.0063896417617797935,-65,-2080
219,subject_219,1,F3,0.5,20dB,A3_minus_A2,-0.04204526778239881,0.00952291488647461,-44,-1408
219,subject_219,1,F3,0.5,20dB,A3_minus_B4,0.029971150589052087,-0.003448486328125,-11,-352
219,subject_219,1,F4,0.2,none,A3_minus_A2,-0.11374217240521034,0.013940292741254051,-37,-1184
219,subject_219,1,F4,0.2,none,A3_minus_B4,0.20655912735984572,-0.009666222189471052,-18,-576
219,subject_219,1,F4,0.2,20dB,A3_minus_A2,-0.061287060096582024,0.016034843142709893,-45,-1440
219,subject_219,1,F4,0.2,20dB,A3_minus_B4,-0.023653526652360313,0.006563422420572146,-11,-352
219,subject_219,1,F4,0.5,none,A3_minus_A2,-0.013019044925169254,0.0009326696395873801,-9,-288
219,subject_219,1,F4,0.5,none,A3_minus_B4,-0.013019044925169254,0.0009326696395873801,-9,-288
219,subject_219,1,F4,0.5,20dB,A3_minus_A2,-0.045185273193572684,0.00460729598999024,-17,-544
219,subject_219,1,F4,0.5,20dB,A3_minus_B4,-0.045185273193572684,0.00460729598999024,-17,-544
219,subject_219,1,F5,0.2,none,A3_minus_A2,-0.01444913125377667,0.004374232292173916,-86,-2752
219,subject_219,1,F5,0.2,none,A3_minus_B4,0.03225577629702059,-0.003409457206726599,1,32
219,subject_219,1,F5,0.2,20dB,A3_minus_A2,-0.013357546470160742,0.011276926994323588,-87,-2784
219,subject_219,1,F5,0.2,20dB,A3_minus_B4,0.011486143153323525,-0.008398480415343815,20,640
219,subject_219,1,F5,0.5,none,A3_minus_A2,-0.05367710835129813,0.007929506301878678,-72,-2304
219,subject_219,1,F5,0.5,none,A3_minus_B4,-0.009657423798049791,0.0038670682907092427,-61,-1952
219,subject_219,1,F5,0.5,20dB,A3_minus_A2,-0.015622862024661899,0.0034348487854002005,-81,-2592
219,subject_219,1,F5,0.5,20dB,A3_minus_B4,0.06817348302982928,-0.012838115692138719,-31,-992
219,subject_219,2,F0,0.2,none,A3_minus_A2,0.00011816221015337192,0.0013165950775146486,-52,-1664
219,subject_219,2,F0,0.2,none,A3_minus_B4,-0.0013675499987471085,0.002617263793945312,-10,-320
219,subject_219,2,F0,0.2,20dB,A3_minus_A2,0.0003325747529139278,0.00011651515960693463,-64,-2048
219,subject_219,2,F0,0.2,20dB,A3_minus_B4,-0.00015120418498781873,0.00272212028503418,14,448
219,subject_219,2,F0,0.5,none,A3_minus_A2,0.0,0.0,-51,-1632
219,subject_219,2,F0,0.5,none,A3_minus_B4,0.0,0.0,-10,-320
219,subject_219,2,F0,0.5,20dB,A3_minus_A2,0.0,0.0,-69,-2208
219,subject_219,2,F0,0.5,20dB,A3_minus_B4,0.0,0.0,5,160
219,subject_219,2,F1,0.2,none,A3_minus_A2,2.4492020855859664e-07,4.768371580921027e-08,-45,-1440
219,subject_219,2,F1,0.2,none,A3_minus_B4,-3.06985899811707e-07,-1.4305114746926417e-07,-5,-160
219,subject_219,2,F1,0.2,20dB,A3_minus_A2,-0.0005879422007879498,0.00319645404815673,-75,-2400
219,subject_219,2,F1,0.2,20dB,A3_minus_B4,-0.00022904751097030385,0.002948975563049308,4,128
219,subject_219,2,F1,0.5,none,A3_minus_A2,0.0,0.0,-43,-1376
219,subject_219,2,F1,0.5,none,A3_minus_B4,0.0,0.0,-3,-96
219,subject_219,2,F1,0.5,20dB,A3_minus_A2,1.0166751387430395e-06,4.768371582308806e-08,-53,-1696
219,subject_219,2,F1,0.5,20dB,A3_minus_B4,1.0166751387430395e-06,4.768371582308806e-08,-1,-32
219,subject_219,2,F2,0.2,none,A3_minus_A2,-0.0005017117280310401,0.002794122695922857,-58,-1856
219,subject_219,2,F2,0.2,none,A3_minus_B4,1.6442974981600855e-07,-4.768371580921027e-08,-5,-160
219,subject_219,2,F2,0.2,20dB,A3_minus_A2,2.5894008482296726e-05,0.0013802051544189453,-61,-1952
219,subject_219,2,F2,0.2,20dB,A3_minus_B4,0.0002408005464165086,-0.0034342288970947155,5,160
219,subject_219,2,F2,0.5,none,A3_minus_A2,0.0,0.0,-55,-1760
219,subject_219,2,F2,0.5,none,A3_minus_B4,0.0,0.0,1,32
219,subject_219,2,F2,0.5,20dB,A3_minus_A2,-3.710136139645215e-06,0.00030264854431150123,-63,-2016
219,subject_219,2,F2,0.5,20dB,A3_minus_B4,-3.745764502127713e-06,0.0002895355224609153,5,160
219,subject_219,2,F3,0.2,none,A3_minus_A2,-0.01407288017706776,0.004271054267883309,-30,-960
219,subject_219,2,F3,0.2,none,A3_minus_B4,0.0518102927327746,-0.013998222351074216,5,160
219,subject_219,2,F3,0.2,20dB,A3_minus_A2,-0.010695660995203582,0.009921503067016599,-60,-1920
219,subject_219,2,F3,0.2,20dB,A3_minus_B4,0.03313703048313599,-0.017059707641601557,-8,-256
219,subject_219,2,F3,0.5,none,A3_minus_A2,-0.0058574472148364976,0.001201629638671875,-15,-480
219,subject_219,2,F3,0.5,none,A3_minus_B4,-0.0058574472148364976,0.001201629638671875,-12,-384
219,subject_219,2,F3,0.5,20dB,A3_minus_A2,-0.003371075920998834,0.0016695737838745145,-17,-544
219,subject_219,2,F3,0.5,20dB,A3_minus_B4,0.010702921977594926,-0.005481815338134757,8,256
219,subject_219,2,F4,0.2,none,A3_minus_A2,-0.015355654761073367,0.0015196084976196178,-8,-256
219,subject_219,2,F4,0.2,none,A3_minus_B4,0.005345599503005616,-0.00011681003283586788,3,96
219,subject_219,2,F4,0.2,20dB,A3_minus_A2,-0.03430398485211583,0.009340214360032961,-22,-704
219,subject_219,2,F4,0.2,20dB,A3_minus_B4,-0.031780373143821095,0.00884321356602677,-6,-192
219,subject_219,2,F4,0.5,none,A3_minus_A2,-0.02035304942446281,0.001526093482971197,-7,-224
219,subject_219,2,F4,0.5,none,A3_minus_B4,-0.02035304942446281,0.001526093482971197,-7,-224
219,subject_219,2,F4,0.5,20dB,A3_minus_A2,-0.018746372501043496,0.00196258374868466,-10,-320
219,subject_219,2,F4,0.5,20dB,A3_minus_B4,-0.018746372501043496,0.00196258374868466,-10,-320
219,subject_219,2,F5,0.2,none,A3_minus_A2,-0.004567717039840602,0.006620163917541791,-39,-1248
219,subject_219,2,F5,0.2,none,A3_minus_B4,0.012695299609550403,-0.0021961688995361384,-16,-512
219,subject_219,2,F5,0.2,20dB,A3_minus_A2,-0.004367140526564839,0.003799319267273303,-71,-2272
219,subject_219,2,F5,0.2,20dB,A3_minus_B4,0.0061445328813256594,-0.009002842903139192,-6,-192
219,subject_219,2,F5,0.5,none,A3_minus_A2,0.0048551220095056635,0.0004817342758180118,-26,-832
219,subject_219,2,F5,0.5,none,A3_minus_B4,0.024975520181701683,-0.004166474342346217,-5,-160
219,subject_219,2,F5,0.5,20dB,A3_minus_A2,-0.006633852094170223,0.002096033096313482,-23,-736
219,subject_219,2,F5,0.5,20dB,A3_minus_B4,-0.003663839503886379,0.0009413480758666964,-11,-352
220,subject_220,0,F0,0.2,none,A3_minus_A2,0.0007331648653661205,-0.0021887302398681634,-84,-2688
220,subject_220,0,F0,0.2,none,A3_minus_B4,0.00486118948482428,-0.004210305213928223,16,512
220,subject_220,0,F0,0.2,20dB,A3_minus_A2,0.00269540622478992,-0.00047745704650879045,-104,-3328
220,subject_220,0,F0,0.2,20dB,A3_minus_B4,0.0020975859892473636,0.0037175178527832017,1,32
220,subject_220,0,F0,0.5,none,A3_minus_A2,0.0006672352134557968,-0.0003569602966308587,-84,-2688
220,subject_220,0,F0,0.5,none,A3_minus_B4,-0.0018657950234839404,0.0026474237442016607,11,352
220,subject_220,0,F0,0.5,20dB,A3_minus_A2,0.0006725820387618597,-0.0008026123046875003,-84,-2688
220,subject_220,0,F0,0.5,20dB,A3_minus_B4,-0.0010004312351821198,1.1229515075683247e-05,18,576
220,subject_220,0,F1,0.2,none,A3_minus_A2,0.0001322687393923161,0.000447773933410639,-77,-2464
220,subject_220,0,F1,0.2,none,A3_minus_B4,0.0001421421347345131,0.0021898746490478516,18,576
220,subject_220,0,F1,0.2,20dB,A3_minus_A2,0.0003225914864195545,0.005143260955810552,-90,-2880
220,subject_220,0,F1,0.2,20dB,A3_minus_B4,0.00033083736795447294,-0.0014158248901367243,11,352
220,subject_220,0,F1,0.5,none,A3_minus_A2,4.565096754838294e-05,9.899139404297153e-05,-77,-2464
220,subject_220,0,F1,0.5,none,A3_minus_B4,-0.0014395685087045251,0.002535486221313471,16,512
220,subject_220,0,F1,0.5,20dB,A3_minus_A2,0.0014340404335833057,-0.0020107984542846735,-82,-2624
220,subject_220,0,F1,0.5,20dB,A3_minus_B4,0.0019965676501136898,-0.004309296607971191,14,448
220,subject_220,0,F2,0.2,none,A3_minus_A2,-2.8413226623058563e-05,0.00022852420806884766,-82,-2624
220,subject_220,0,F2,0.2,none,A3_minus_B4,0.0006663087382356991,-0.0038515329360961914,11,352
220,subject_220,0,F2,0.2,20dB,A3_minus_A2,-0.0006399354210468999,-0.002799940109252941,-94,-3008
220,subject_220,0,F2,0.2,20dB,A3_minus_B4,0.0008926979685668357,-0.000505042076110851,7,224
220,subject_220,0,F2,0.5,none,A3_minus_A2,0.0002784946324574378,-0.0022016048431396373,-86,-2752
220,subject_220,0,F2,0.5,none,A3_minus_B4,-0.00019895055696927955,0.0014384746551513727,6,192
220,subject_220,0,F2,0.5,20dB,A3_minus_A2,-0.00016115254391380063,0.0009294033050537276,-83,-2656
220,subject_220,0,F2,0.5,20dB,A3_minus_B4,-0.00042921944399054723,0.003058242797851579,2,64
220,subject_220,0,F3,0.2,none,A3_minus_A2,-0.007908653438299496,0.010998684593152341,-56,-1792
220,subject_220,0,F3,0.2,none,A3_minus_B4,0.008655794632673519,-0.007157367042589846,-1,-32
220,subject_220,0,F3,0.2,20dB,A3_minus_A2,-0.006601414366969038,0.01263379794427763,-76,-2432
220,subject_220,0,F3,0.2,20dB,A3_minus_B4,0.02136342444515904,-0.022919730970672333,-7,-224
220,subject_220,0,F3,0.5,none,A3_minus_A2,-7.072320174827951e-06,-0.00031185150146484375,-14,-448
220,subject_220,0,F3,0.5,none,A3_minus_B4,1.052685117741703e-06,3.814697265569489e-07,2,64
220,subject_220,0,F3,0.5,20dB,A3_minus_A2,-0.0009096223081517252,0.00037251663208007213,-18,-576
220,subject_220,0,F3,0.5,20dB,A3_minus_B4,0.00041382959381586204,-0.0007424524424572559,8,256
220,subject_220,0,F4,0.2,none,A3_minus_A2,0.0,0.0,0,0
220,subject_220,0,F4,0.2,none,A3_minus_B4,0.0,0.0,0,0
220,subject_220,0,F4,0.2,20dB,A3_minus_A2,-0.00475878841848143,0.0029161214828491155,-8,-256
220,subject_220,0,F4,0.2,20dB,A3_minus_B4,0.002875966354499937,-0.0009088516235351562,0,0
220,subject_220,0,F4,0.5,none,A3_minus_A2,0.0,0.0,0,0
220,subject_220,0,F4,0.5,none,A3_minus_B4,0.0,0.0,0,0
220,subject_220,0,F4,0.5,20dB,A3_minus_A2,0.0,0.0,0,0
220,subject_220,0,F4,0.5,20dB,A3_minus_B4,0.0,0.0,0,0
220,subject_220,0,F5,0.2,none,A3_minus_A2,-0.003363274872409505,0.00045313835143971637,-58,-1856
220,subject_220,0,F5,0.2,none,A3_minus_B4,-0.0056989994276754885,-0.002207951545712565,16,512
220,subject_220,0,F5,0.2,20dB,A3_minus_A2,0.007502467051823558,0.005870513916016576,-75,-2400
220,subject_220,0,F5,0.2,20dB,A3_minus_B4,0.005943950201899639,-0.0030558538436876587,-11,-352
220,subject_220,0,F5,0.5,none,A3_minus_A2,0.00021421816562217089,7.152557371617463e-06,-21,-672
220,subject_220,0,F5,0.5,none,A3_minus_B4,0.001070271048099869,-1.3232231140136719e-05,6,192
220,subject_220,0,F5,0.5,20dB,A3_minus_A2,-0.010389368081293426,0.0023064565658581088,-37,-1184
220,subject_220,0,F5,0.5,20dB,A3_minus_B4,0.03236242946865886,-0.007412586212158519,12,384
220,subject_220,1,F0,0.2,none,A3_minus_A2,0.0027351663542773963,0.006962347030639648,-108,-3456
220,subject_220,1,F0,0.2,none,A3_minus_B4,-8.648587212434222e-05,-0.0009707689285278313,16,512
220,subject_220,1,F0,0.2,20dB,A3_minus_A2,0.0036759187823172113,0.002315330505371093,-129,-4128
220,subject_220,1,F0,0.2,20dB,A3_minus_B4,0.0003449941916020549,0.00728473663330078,17,544
220,subject_220,1,F0,0.5,none,A3_minus_A2,0.0030507260246110945,-0.0020032167434692397,-100,-3200
220,subject_220,1,F0,0.5,none,A3_minus_B4,-0.08497938310948605,-0.0006298065185546889,38,1216
220,subject_220,1,F0,0.5,20dB,A3_minus_A2,0.0007967333398255505,0.0011133193969726568,-116,-3712
220,subject_220,1,F0,0.5,20dB,A3_minus_B4,-0.0030858041973687023,0.004657864570617676,9,288
220,subject_220,1,F1,0.2,none,A3_minus_A2,-0.001181045905457978,0.001883220672607419,-94,-3008
220,subject_220,1,F1,0.2,none,A3_minus_B4,-0.051477674727646416,0.0033371925354003934,3,96
220,subject_220,1,F1,0.2,20dB,A3_minus_A2,-0.003975492833566463,-0.0014331340789794922,-101,-3232
220,subject_220,1,F1,0.2,20dB,A3_minus_B4,-0.03634177087070789,0.0015034914016723716,12,384
220,subject_220,1,F1,0.5,none,A3_minus_A2,0.0,0.0,-93,-2976
220,subject_220,1,F1,0.5,none,A3_minus_B4,0.0068994396503363475,-0.00031249523162842074,4,128
220,subject_220,1,F1,0.5,20dB,A3_minus_A2,-0.00446417310633862,-0.002873754501342779,-95,-3040
220,subject_220,1,F1,0.5,20dB,A3_minus_B4,0.024242340448720867,-0.006073403358459475,16,512
220,subject_220,1,F2,0.2,none,A3_minus_A2,0.00021522238202820176,-0.000652146339416515,-91,-2912
220,subject_220,1,F2,0.2,none,A3_minus_B4,0.13181199640054686,-0.023351883888244607,6,192
220,subject_220,1,F2,0.2,20dB,A3_minus_A2,-0.002260009524125195,0.006562948226928711,-91,-2912
220,subject_220,1,F2,0.2,20dB,A3_minus_B4,0.09894748916179452,-0.012359619140625,5,160
220,subject_220,1,F2,0.5,none,A3_minus_A2,-1.556374747124778e-05,-2.09808349609375e-05,-84,-2688
220,subject_220,1,F2,0.5,none,A3_minus_B4,0.0006265467313504303,-0.0010229825973510631,10,320
220,subject_220,1,F2,0.5,20dB,A3_minus_A2,-0.0001281101003556273,0.002622318267822249,-85,-2720
220,subject_220,1,F2,0.5,20dB,A3_minus_B4,-0.0007319427900576159,0.004555416107177718,18,576
220,subject_220,1,F3,0.2,none,A3_minus_A2,-0.019181304036081315,0.015550362316245417,-88,-2816
220,subject_220,1,F3,0.2,none,A3_minus_B4,0.03855500116924304,-0.014969080499737109,-20,-640
220,subject_220,1,F3,0.2,20dB,A3_minus_A2,-0.034625134624336695,0.02538080352122514,-99,-3168
220,subject_220,1,F3,0.2,20dB,A3_minus_B4,-0.030642553758251978,-0.017942547798156752,-16,-512
220,subject_220,1,F3,0.5,none,A3_minus_A2,-0.004020651018018739,0.0011361703872680706,-17,-544
220,subject_220,1,F3,0.5,none,A3_minus_B4,-0.0011852082388923435,0.0002683877944946317,-4,-128
220,subject_220,1,F3,0.5,20dB,A3_minus_A2,-0.011561691789209405,0.004337430000305176,-38,-1216
220,subject_220,1,F3,0.5,20dB,A3_minus_B4,-0.006910893730632139,0.0019394397735595648,-6,-192
220,subject_220,1,F4,0.2,none,A3_minus_A2,-0.014682272324073153,0.008504141060696385,-24,-768
220,subject_220,1,F4,0.2,none,A3_minus_B4,0.0038738630099786064,-0.0033806539546231418,13,416
220,subject_220,1,F4,0.2,20dB,A3_minus_A2,-0.00843267332196973,0.008438427856302333,-36,-1152
220,subject_220,1,F4,0.2,20dB,A3_minus_B4,0.006292950027647848,-0.007543262974382153,16,512
220,subject_220,1,F4,0.5,none,A3_minus_A2,0.0,0.0,0,0
220,subject_220,1,F4,0.5,none,A3_minus_B4,0.0,0.0,0,0
220,subject_220,1,F4,0.5,20dB,A3_minus_A2,0.0,0.0,0,0
220,subject_220,1,F4,0.5,20dB,A3_minus_B4,0.0,0.0,0,0
220,subject_220,1,F5,0.2,none,A3_minus_A2,0.011547364250162673,0.0121919584274277,-91,-2912
220,subject_220,1,F5,0.2,none,A3_minus_B4,0.002150797554204331,0.002207961082456217,1,32
220,subject_220,1,F5,0.2,20dB,A3_minus_A2,-0.005041535105689832,0.008811135292052436,-116,-3712
220,subject_220,1,F5,0.2,20dB,A3_minus_B4,0.00043510317141404187,0.007253417968751216,23,736
220,subject_220,1,F5,0.5,none,A3_minus_A2,-0.010701973086861827,0.002806329727172846,-36,-1152
220,subject_220,1,F5,0.5,none,A3_minus_B4,-0.016066166784291624,0.0031933403015157666,21,672
220,subject_220,1,F5,0.5,20dB,A3_minus_A2,-0.005829691954655658,0.003464431762695598,-72,-2304
220,subject_220,1,F5,0.5,20dB,A3_minus_B4,-0.005524266663583077,0.0015167713165283175,1,32
220,subject_220,2,F0,0.2,none,A3_minus_A2,-0.001095590833724458,0.002834653854370116,-103,-3296
220,subject_220,2,F0,0.2,none,A3_minus_B4,0.01232820069047591,-0.002733635902404788,14,448
220,subject_220,2,F0,0.2,20dB,A3_minus_A2,-0.0008735597053668442,0.001154184341430664,-109,-3488
220,subject_220,2,F0,0.2,20dB,A3_minus_B4,0.0006307519734196632,-0.0028913021087646484,8,256
220,subject_220,2,F0,0.5,none,A3_minus_A2,0.0005511167781691029,0.00014195442199707066,-100,-3200
220,subject_220,2,F0,0.5,none,A3_minus_B4,0.00768386405645316,-0.0013489961624145504,7,224
220,subject_220,2,F0,0.5,20dB,A3_minus_A2,0.0007760716528082412,-0.0016107559204101562,-109,-3488
220,subject_220,2,F0,0.5,20dB,A3_minus_B4,0.0027445265101881944,-0.0014182090759277347,8,256
220,subject_220,2,F1,0.2,none,A3_minus_A2,-0.00025173980171899757,-0.001344656944274894,-80,-2560
220,subject_220,2,F1,0.2,none,A3_minus_B4,0.0006495395920396163,-0.006253099441528312,16,512
220,subject_220,2,F1,0.2,20dB,A3_minus_A2,0.006235990781853218,0.0009798765182495173,-84,-2688
220,subject_220,2,F1,0.2,20dB,A3_minus_B4,0.011697510829286273,-0.01953191757202148,12,384
220,subject_220,2,F1,0.5,none,A3_minus_A2,-0.0003113197815469704,0.00217549800872803,-82,-2624
220,subject_220,2,F1,0.5,none,A3_minus_B4,0.006132795391593504,-0.0038110017776489258,-5,-160
220,subject_220,2,F1,0.5,20dB,A3_minus_A2,-0.0005502169804234569,-0.000306892395019534,-77,-2464
220,subject_220,2,F1,0.5,20dB,A3_minus_B4,0.0012321858050903245,-0.004403138160705561,10,320
220,subject_220,2,F2,0.2,none,A3_minus_A2,5.3740330256957236e-05,0.0052013874053955245,-77,-2464
220,subject_220,2,F2,0.2,none,A3_minus_B4,0.003924120714806634,-0.012298107147216797,15,480
220,subject_220,2,F2,0.2,20dB,A3_minus_A2,-0.0008481562968682965,0.0069001674652099665,-85,-2720
220,subject_220,2,F2,0.2,20dB,A3_minus_B4,0.0007667668689119722,0.002253079414367698,3,96
220,subject_220,2,F2,0.5,none,A3_minus_A2,-0.000369805484101704,0.0013453245162964034,-73,-2336
220,subject_220,2,F2,0.5,none,A3_minus_B4,-0.002178444342918695,-0.003043055534362793,11,352
220,subject_220,2,F2,0.5,20dB,A3_minus_A2,-0.005969515671239378,0.0007564544677734486,-82,-2624
220,subject_220,2,F2,0.5,20dB,A3_minus_B4,0.00115547549646422,-0.006015253067016585,6,192
220,subject_220,2,F3,0.2,none,A3_minus_A2,-0.009154564857333014,0.013384999071564124,-77,-2464
220,subject_220,2,F3,0.2,none,A3_minus_B4,0.014156700980919368,-0.01194623767457259,-15,-480
220,subject_220,2,F3,0.2,20dB,A3_minus_A2,-0.010528934077267849,0.01909871968095908,-71,-2272
220,subject_220,2,F3,0.2,20dB,A3_minus_B4,0.03003523009775222,-0.0323414525240138,7,224
220,subject_220,2,F3,0.5,none,A3_minus_A2,-0.00029028057705815513,6.864070892333152e-05,-15,-480
220,subject_220,2,F3,0.5,none,A3_minus_B4,0.002586060959940184,-0.0006152153015136774,-8,-256
220,subject_220,2,F3,0.5,20dB,A3_minus_A2,-0.011269477313618381,0.0035278797149658203,-43,-1376
220,subject_220,2,F3,0.5,20dB,A3_minus_B4,0.009526980224110915,-0.0021927833557128934,-16,-512
220,subject_220,2,F4,0.2,none,A3_minus_A2,-0.00342157226632267,0.0015263203885525767,-14,-448
220,subject_220,2,F4,0.2,none,A3_minus_B4,-0.002902519479668797,0.002414809700821474,3,96
220,subject_220,2,F4,0.2,20dB,A3_minus_A2,-0.0030081508180916927,0.003123339627281424,-24,-768
220,subject_220,2,F4,0.2,20dB,A3_minus_B4,0.003182504570402145,-0.001955127602930151,-1,-32
220,subject_220,2,F4,0.5,none,A3_minus_A2,0.0,0.0,0,0
220,subject_220,2,F4,0.5,none,A3_minus_B4,0.0,0.0,0,0
220,subject_220,2,F4,0.5,20dB,A3_minus_A2,0.0,0.0,0,0
220,subject_220,2,F4,0.5,20dB,A3_minus_B4,0.0,0.0,0,0
220,subject_220,2,F5,0.2,none,A3_minus_A2,-0.007782491469278341,0.006804165840150839,-85,-2720
220,subject_220,2,F5,0.2,none,A3_minus_B4,0.016901589136214312,-0.009999160766600027,19,608
220,subject_220,2,F5,0.2,20dB,A3_minus_A2,0.0014960535962984522,0.0033030748367302437,-89,-2848
220,subject_220,2,F5,0.2,20dB,A3_minus_B4,0.006473087870826788,-0.0030180072784427095,20,640
220,subject_220,2,F5,0.5,none,A3_minus_A2,0.010318486603118515,-0.0029173517227171417,-48,-1536
220,subject_220,2,F5,0.5,none,A3_minus_B4,-0.012939756771112698,-0.0008766222000119242,-17,-544
220,subject_220,2,F5,0.5,20dB,A3_minus_A2,-0.0029182924834270096,0.0007404041290282465,-48,-1536
220,subject_220,2,F5,0.5,20dB,A3_minus_B4,0.012989365782427598,-0.0017513847351070255,9,288
221,subject_221,0,F0,0.2,none,A3_minus_A2,0.0006754805772111183,-0.002437090873718262,-28,-896
221,subject_221,0,F0,0.2,none,A3_minus_B4,-1.2762400636745497e-05,-1.2874603271484375e-05,6,192
221,subject_221,0,F0,0.2,20dB,A3_minus_A2,-0.0013618747027166478,0.0021815776824951182,-67,-2144
221,subject_221,0,F0,0.2,20dB,A3_minus_B4,0.000669109354447528,0.0014847278594970707,6,192
221,subject_221,0,F0,0.5,none,A3_minus_A2,0.0,0.0,-28,-896
221,subject_221,0,F0,0.5,none,A3_minus_B4,0.0,0.0,6,192
221,subject_221,0,F0,0.5,20dB,A3_minus_A2,-0.0004648850922883696,0.0006253719329833984,-78,-2496
221,subject_221,0,F0,0.5,20dB,A3_minus_B4,-0.00087581892417532,0.0009378433227539063,2,64
221,subject_221,0,F1,0.2,none,A3_minus_A2,0.003860469444891379,0.0004557847976684598,-37,-1184
221,subject_221,0,F1,0.2,none,A3_minus_B4,0.0006495036772662388,-0.004347610473632801,9,288
221,subject_221,0,F1,0.2,20dB,A3_minus_A2,-0.000253484950370364,0.001790595054626462,-54,-1728
221,subject_221,0,F1,0.2,20dB,A3_minus_B4,-0.0004338781172243955,0.0012652158737182645,1,32
221,subject_221,0,F1,0.5,none,A3_minus_A2,0.0,0.0,-28,-896
221,subject_221,0,F1,0.5,none,A3_minus_B4,0.0,0.0,2,64
221,subject_221,0,F1,0.5,20dB,A3_minus_A2,0.0,0.0,-82,-2624
221,subject_221,0,F1,0.5,20dB,A3_minus_B4,0.0,0.0,8,256
221,subject_221,0,F2,0.2,none,A3_minus_A2,-9.697911952599725e-05,-0.0009760618209838645,-47,-1504
221,subject_221,0,F2,0.2,none,A3_minus_B4,0.0008889596448362624,-0.0014703512191772405,-14,-448
221,subject_221,0,F2,0.2,20dB,A3_minus_A2,0.00033808651334510387,0.000132226943969721,-68,-2176
221,subject_221,0,F2,0.2,20dB,A3_minus_B4,0.0005967359461873656,-0.0034984350204467773,8,256
221,subject_221,0,F2,0.5,none,A3_minus_A2,3.80686955505638e-05,-0.00031247138977050226,-51,-1632
221,subject_221,0,F2,0.5,none,A3_minus_B4,8.939412909469979e-05,-0.0005065441131591741,-12,-384
221,subject_221,0,F2,0.5,20dB,A3_minus_A2,-7.604614571832258e-06,-0.0006249904632568415,-62,-1984
221,subject_221,0,F2,0.5,20dB,A3_minus_B4,0.0,0.0,10,320
221,subject_221,0,F3,0.2,none,A3_minus_A2,-0.020500035668050032,0.010113263130187983,-30,-960
221,subject_221,0,F3,0.2,none,A3_minus_B4,0.026387156287672298,-0.008816528320312503,1,32
221,subject_221,0,F3,0.2,20dB,A3_minus_A2,-0.022702305358869523,0.02330010888735083,-62,-1984
221,subject_221,0,F3,0.2,20dB,A3_minus_B4,0.015946124740558787,-0.009802889823913571,8,256
221,subject_221,0,F3,0.5,none,A3_minus_A2,-0.01386293646994119,0.0022132635116577093,-14,-448
221,subject_221,0,F3,0.5,none,A3_minus_B4,0.04636398583999224,-0.004835462570190435,4,128
221,subject_221,0,F3,0.5,20dB,A3_minus_A2,-0.02561990403786929,0.004992582239932181,-22,-704
221,subject_221,0,F3,0.5,20dB,A3_minus_B4,0.037462207293799565,-0.0053745251514252385,-5,-160
221,subject_221,0,F4,0.2,none,A3_minus_A2,-0.0430431794515691,0.0057822465896606445,-9,-288
221,subject_221,0,F4,0.2,none,A3_minus_B4,-0.042549743712616106,0.005619335174560536,-7,-224
221,subject_221,0,F4,0.2,20dB,A3_minus_A2,-0.02624842905903435,0.006812858581542958,-13,-416
221,subject_221,0,F4,0.2,20dB,A3_minus_B4,0.007186984530548557,-0.0006630420684814453,-1,-32
221,subject_221,0,F4,0.5,none,A3_minus_A2,0.0,0.0,0,0
221,subject_221,0,F4,0.5,none,A3_minus_B4,0.0,0.0,0,0
221,subject_221,0,F4,0.5,20dB,A3_minus_A2,0.0,0.0,0,0
221,subject_221,0,F4,0.5,20dB,A3_minus_B4,0.0,0.0,0,0
221,subject_221,0,F5,0.2,none,A3_minus_A2,-0.0311491590310915,0.010610632896423403,-28,-896
221,subject_221,0,F5,0.2,none,A3_minus_B4,0.012873664150028219,-0.003520116806030066,3,96
221,subject_221,0,F5,0.2,20dB,A3_minus_A2,-0.005411533134228819,0.004873175621032101,-55,-1760
221,subject_221,0,F5,0.2,20dB,A3_minus_B4,0.001076781088329426,-0.006959323883056194,21,672
221,subject_221,0,F5,0.5,none,A3_minus_A2,-0.010184774849911093,0.002938671112060476,-28,-896
221,subject_221,0,F5,0.5,none,A3_minus_B4,-0.0011640620410311442,0.000899758338928254,4,128
221,subject_221,0,F5,0.5,20dB,A3_minus_A2,0.0013128870575176421,0.0017101192474365534,-24,-768
221,subject_221,0,F5,0.5,20dB,A3_minus_B4,-0.0002462104692959599,0.00047326087951553297,-3,-96
221,subject_221,1,F0,0.2,none,A3_minus_A2,3.36049745577327e-05,0.00031476020812988255,-31,-992
221,subject_221,1,F0,0.2,none,A3_minus_B4,3.36049745577327e-05,0.00031476020812988255,-31,-992
221,subject_221,1,F0,0.2,20dB,A3_minus_A2,0.0012693789123154886,-0.0013538360595703128,-88,-2816
221,subject_221,1,F0,0.2,20dB,A3_minus_B4,-0.0010937342779904213,0.0018654346466064455,21,672
221,subject_221,1,F0,0.5,none,A3_minus_A2,0.0,0.0,-27,-864
221,subject_221,1,F0,0.5,none,A3_minus_B4,0.0,0.0,-27,-864
221,subject_221,1,F0,0.5,20dB,A3_minus_A2,0.0,0.0,-82,-2624
221,subject_221,1,F0,0.5,20dB,A3_minus_B4,0.0,0.0,26,832
221,subject_221,1,F1,0.2,none,A3_minus_A2,0.0,0.0,-24,-768
221,subject_221,1,F1,0.2,none,A3_minus_B4,0.0,0.0,-24,-768
221,subject_221,1,F1,0.2,20dB,A3_minus_A2,0.00031137984944251684,-2.9158592224132196e-05,-52,-1664
221,subject_221,1,F1,0.2,20dB,A3_minus_B4,-0.00013662077621390267,0.001352238655090321,-2,-64
221,subject_221,1,F1,0.5,none,A3_minus_A2,0.0,0.0,-26,-832
221,subject_221,1,F1,0.5,none,A3_minus_B4,0.0,0.0,-26,-832
221,subject_221,1,F1,0.5,20dB,A3_minus_A2,0.0,0.0,-58,-1856
221,subject_221,1,F1,0.5,20dB,A3_minus_B4,0.0,0.0,-8,-256
221,subject_221,1,F2,0.2,none,A3_minus_A2,0.00013180754397978944,-0.0006128311157226618,-31,-992
221,subject_221,1,F2,0.2,none,A3_minus_B4,0.00031160642737049216,-0.00030035972595215954,-16,-512
221,subject_221,1,F2,0.2,20dB,A3_minus_A2,-0.0018633696829439828,-0.0007971525192260742,-71,-2272
221,subject_221,1,F2,0.2,20dB,A3_minus_B4,-0.0018572562325687159,-0.0007393836975097545,13,416
221,subject_221,1,F2,0.5,none,A3_minus_A2,0.0,0.0,-29,-928
221,subject_221,1,F2,0.5,none,A3_minus_B4,0.0,0.0,-14,-448
221,subject_221,1,F2,0.5,20dB,A3_minus_A2,0.0,0.0,-90,-2880
221,subject_221,1,F2,0.5,20dB,A3_minus_B4,0.0,0.0,9,288
221,subject_221,1,F3,0.2,none,A3_minus_A2,-0.006652957021017869,0.0025444746017456027,-21,-672
221,subject_221,1,F3,0.2,none,A3_minus_B4,-0.00581801829213191,0.0022307157516479464,-20,-640
221,subject_221,1,F3,0.2,20dB,A3_minus_A2,-0.019838378406177526,0.013611162185668949,-61,-1952
221,subject_221,1,F3,0.2,20dB,A3_minus_B4,0.0010912309458852576,-0.0017485017776489309,-10,-320
221,subject_221,1,F3,0.5,none,A3_minus_A2,-0.0048452197013979514,0.0006348371505737332,-8,-256
221,subject_221,1,F3,0.5,none,A3_minus_B4,-0.0048452197013979514,0.0006348371505737332,-8,-256
221,subject_221,1,F3,0.5,20dB,A3_minus_A2,-0.00570008305684766,0.0015042781829833901,-23,-736
221,subject_221,1,F3,0.5,20dB,A3_minus_B4,-0.004876356468557219,0.0012541055679321234,-9,-288
221,subject_221,1,F4,0.2,none,A3_minus_A2,-0.0640842081779418,0.008098554611206094,-10,-320
221,subject_221,1,F4,0.2,none,A3_minus_B4,-0.0640842081779418,0.008098554611206094,-10,-320
221,subject_221,1,F4,0.2,20dB,A3_minus_A2,-0.01564478258266888,0.004603843688964854,-9,-288
221,subject_221,1,F4,0.2,20dB,A3_minus_B4,-0.01564478258266888,0.004603843688964854,-9,-288
221,subject_221,1,F4,0.5,none,A3_minus_A2,0.0,0.0,0,0
221,subject_221,1,F4,0.5,none,A3_minus_B4,0.0,0.0,0,0
221,subject_221,1,F4,0.5,20dB,A3_minus_A2,-0.03613759032002406,0.00310463905334471,-4,-128
221,subject_221,1,F4,0.5,20dB,A3_minus_B4,-0.03613759032002406,0.00310463905334471,-4,-128
221,subject_221,1,F5,0.2,none,A3_minus_A2,-0.006794610453617622,0.0022879362106323214,-21,-672
221,subject_221,1,F5,0.2,none,A3_minus_B4,-0.006794610453617622,0.0022879362106323214,-21,-672
221,subject_221,1,F5,0.2,20dB,A3_minus_A2,0.0010431552797314225,0.0010602903366088157,-62,-1984
221,subject_221,1,F5,0.2,20dB,A3_minus_B4,0.004811539923395003,-0.008480739593504434,6,192
221,subject_221,1,F5,0.5,none,A3_minus_A2,-0.0034114430257119466,0.000492310523986822,-8,-256
221,subject_221,1,F5,0.5,none,A3_minus_B4,-0.0034114430257119466,0.000492310523986822,-8,-256
221,subject_221,1,F5,0.5,20dB,A3_minus_A2,-0.008330528733690556,0.0017681741714477908,-29,-928
221,subject_221,1,F5,0.5,20dB,A3_minus_B4,0.004400538890701355,-0.000422353744507116,-11,-352
221,subject_221,2,F0,0.2,none,A3_minus_A2,-0.00036979428099215284,-2.9253959655761025e-05,-20,-640
221,subject_221,2,F0,0.2,none,A3_minus_B4,-0.00036979428099215284,-2.9253959655761025e-05,-20,-640
221,subject_221,2,F0,0.2,20dB,A3_minus_A2,0.0001653945600352813,-0.0014481067657470693,-64,-2048
221,subject_221,2,F0,0.2,20dB,A3_minus_B4,0.00010978845794085146,-0.003136682510375976,3,96
221,subject_221,2,F0,0.5,none,A3_minus_A2,0.0,0.0,-20,-640
221,subject_221,2,F0,0.5,none,A3_minus_B4,0.0,0.0,-18,-576
221,subject_221,2,F0,0.5,20dB,A3_minus_A2,0.0,0.0,-82,-2624
221,subject_221,2,F0,0.5,20dB,A3_minus_B4,0.0,0.0,-54,-1728
221,subject_221,2,F1,0.2,none,A3_minus_A2,0.0004425239494416644,-0.0003051280975341908,-23,-736
221,subject_221,2,F1,0.2,none,A3_minus_B4,-5.295327596854804e-06,7.3432922363253494e-06,-7,-224
221,subject_221,2,F1,0.2,20dB,A3_minus_A2,0.0003337338573174975,-0.0006249427795410184,-75,-2400
221,subject_221,2,F1,0.2,20dB,A3_minus_B4,0.0008719985151515175,-0.0028904914855956976,-7,-224
221,subject_221,2,F1,0.5,none,A3_minus_A2,0.0,0.0,-23,-736
221,subject_221,2,F1,0.5,none,A3_minus_B4,0.0,0.0,-7,-224
221,subject_221,2,F1,0.5,20dB,A3_minus_A2,0.0,0.0,-59,-1888
221,subject_221,2,F1,0.5,20dB,A3_minus_B4,0.0,0.0,-13,-416
221,subject_221,2,F2,0.2,none,A3_minus_A2,-0.00011370845837177512,0.000461411476135265,-39,-1248
221,subject_221,2,F2,0.2,none,A3_minus_B4,-0.00011370845837177512,0.000461411476135265,-21,-672
221,subject_221,2,F2,0.2,20dB,A3_minus_A2,-0.0005185271160836891,0.0001704931259155218,-76,-2432
221,subject_221,2,F2,0.2,20dB,A3_minus_B4,-0.0003933347250590913,-0.001388168334960943,1,32
221,subject_221,2,F2,0.5,none,A3_minus_A2,0.0,0.0,-39,-1248
221,subject_221,2,F2,0.5,none,A3_minus_B4,0.0,0.0,-21,-672
221,subject_221,2,F2,0.5,20dB,A3_minus_A2,-0.0002722994969861503,1.6713142395041736e-05,-67,-2144
221,subject_221,2,F2,0.5,20dB,A3_minus_B4,-0.00012410024717190993,0.000905370712280279,10,320
221,subject_221,2,F3,0.2,none,A3_minus_A2,-0.0024934463663583983,0.0022946596145629883,-20,-640
221,subject_221,2,F3,0.2,none,A3_minus_B4,-0.00046435886308415775,-0.0005162239074707059,-4,-128
221,subject_221,2,F3,0.2,20dB,A3_minus_A2,-0.013057569831378402,0.01212279796600342,-64,-2048
221,subject_221,2,F3,0.2,20dB,A3_minus_B4,-0.01302521798618983,0.012689352035522461,-48,-1536
221,subject_221,2,F3,0.5,none,A3_minus_A2,-1.1349483465039611e-05,5.28335571289007e-05,-11,-352
221,subject_221,2,F3,0.5,none,A3_minus_B4,-1.1349483465039611e-05,5.28335571289007e-05,-8,-256
221,subject_221,2,F3,0.5,20dB,A3_minus_A2,-0.00011719729815951041,7.274150848388117e-05,-13,-416
221,subject_221,2,F3,0.5,20dB,A3_minus_B4,3.230750816385353e-05,-0.0001589536666870145,2,64
221,subject_221,2,F4,0.2,none,A3_minus_A2,3.765634353669611e-05,-1.0371208190917969e-05,-2,-64
221,subject_221,2,F4,0.2,none,A3_minus_B4,3.765634353669611e-05,-1.0371208190917969e-05,-2,-64
221,subject_221,2,F4,0.2,20dB,A3_minus_A2,-0.016814811164536536,0.005382694429033635,-18,-576
221,subject_221,2,F4,0.2,20dB,A3_minus_B4,-0.00026967305142377995,0.0002810375152763056,-8,-256
221,subject_221,2,F4,0.5,none,A3_minus_A2,0.0,0.0,0,0
221,subject_221,2,F4,0.5,none,A3_minus_B4,0.0,0.0,0,0
221,subject_221,2,F4,0.5,20dB,A3_minus_A2,-0.003747586933206648,0.00039582252502440296,-1,-32
221,subject_221,2,F4,0.5,20dB,A3_minus_B4,-0.003747586933206648,0.00039582252502440296,-1,-32
221,subject_221,2,F5,0.2,none,A3_minus_A2,-0.003893310223187285,0.0019705152511599947,-21,-672
221,subject_221,2,F5,0.2,none,A3_minus_B4,0.005518402878308848,0.0003590869903558058,6,192
221,subject_221,2,F5,0.2,20dB,A3_minus_A2,-0.004892704089250799,0.005105638504028502,-55,-1760
221,subject_221,2,F5,0.2,20dB,A3_minus_B4,0.014611341475021078,-0.0048008728027346265,-13,-416
221,subject_221,2,F5,0.5,none,A3_minus_A2,-0.006620578386026921,0.000946426391601557,-8,-256
221,subject_221,2,F5,0.5,none,A3_minus_B4,-0.006620578386026921,0.000946426391601557,-8,-256
221,subject_221,2,F5,0.5,20dB,A3_minus_A2,-0.0004471731066164608,-0.000510149002075265,-28,-896
221,subject_221,2,F5,0.5,20dB,A3_minus_B4,-6.80975465243705e-05,-0.0007638025283814229,-25,-800
222,subject_222,0,F0,0.2,none,A3_minus_A2,0.000683145317736944,-0.00242636203765869,-10,-320
222,subject_222,0,F0,0.2,none,A3_minus_B4,0.0027377232641683236,0.0018781661987304701,3,96
222,subject_222,0,F0,0.2,20dB,A3_minus_A2,0.0010569014212276073,-0.0010480880737304688,-13,-416
222,subject_222,0,F0,0.2,20dB,A3_minus_B4,0.00043379356693939997,0.0007056713104248089,-1,-32
222,subject_222,0,F0,0.5,none,A3_minus_A2,-6.143743078723674e-07,4.7683715821353334e-08,-10,-320
222,subject_222,0,F0,0.5,none,A3_minus_B4,3.388882596766507e-08,-1.9073486328020917e-07,3,96
222,subject_222,0,F0,0.5,20dB,A3_minus_A2,-1.9808391549247517e-07,4.7683715821353334e-08,-10,-320
222,subject_222,0,F0,0.5,20dB,A3_minus_B4,3.3009062150313184e-08,-1.9073486328020917e-07,4,128
222,subject_222,0,F1,0.2,none,A3_minus_A2,-0.0007305809474296154,0.0004971027374267578,-10,-320
222,subject_222,0,F1,0.2,none,A3_minus_B4,-0.002825820258404832,0.001347184181213379,4,128
222,subject_222,0,F1,0.2,20dB,A3_minus_A2,0.0008805816787909038,-0.001980423927307129,-27,-864
222,subject_222,0,F1,0.2,20dB,A3_minus_B4,-0.0007472972385578203,-0.002299880981445318,6,192
222,subject_222,0,F1,0.5,none,A3_minus_A2,0.0002688470692717715,-0.00047402381896972934,-10,-320
222,subject_222,0,F1,0.5,none,A3_minus_B4,-0.001192119783143042,0.0007030963897705078,4,128
222,subject_222,0,F1,0.5,20dB,A3_minus_A2,-5.280205915703107e-05,4.920959472656805e-05,-15,-480
222,subject_222,0,F1,0.5,20dB,A3_minus_B4,-5.280205915703107e-05,4.920959472656805e-05,-2,-64
222,subject_222,0,F2,0.2,none,A3_minus_A2,-0.0012300691510009898,-0.0003869771957397128,-27,-864
222,subject_222,0,F2,0.2,none,A3_minus_B4,0.0004354864859390517,0.0008892297744751421,-12,-384
222,subject_222,0,F2,0.2,20dB,A3_minus_A2,-0.000643692684956676,-0.0011689424514770286,-23,-736
222,subject_222,0,F2,0.2,20dB,A3_minus_B4,-0.0009657783183101287,0.0010158300399780162,-6,-192
222,subject_222,0,F2,0.5,none,A3_minus_A2,-0.00037828093366876203,-0.000503158569335943,-26,-832
222,subject_222,0,F2,0.5,none,A3_minus_B4,-0.00010932263738894221,0.0006739616394042802,-11,-352
222,subject_222,0,F2,0.5,20dB,A3_minus_A2,0.0005081504344790488,-0.001000523567199707,-36,-1152
222,subject_222,0,F2,0.5,20dB,A3_minus_B4,-0.0007005829246171658,-0.003903174400329612,-8,-256
222,subject_222,0,F3,0.2,none,A3_minus_A2,0.0024314521215700324,-0.0023566484451293945,-9,-288
222,subject_222,0,F3,0.2,none,A3_minus_B4,-0.0013929923308744208,0.0013706922531127874,4,128
222,subject_222,0,F3,0.2,20dB,A3_minus_A2,-0.00044579799641830675,0.00228381824493408,-22,-704
222,subject_222,0,F3,0.2,20dB,A3_minus_B4,0.0014173111672199923,-0.0003982238769531382,-8,-256
222,subject_222,0,F3,0.5,none,A3_minus_A2,0.0007165897055614323,-0.0003906249999999917,-9,-288
222,subject_222,0,F3,0.5,none,A3_minus_B4,-0.00042461946077487767,0.0006677627563476674,4,128
222,subject_222,0,F3,0.5,20dB,A3_minus_A2,-0.00030704783629609267,-3.914833068847934e-05,-9,-288
222,subject_222,0,F3,0.5,20dB,A3_minus_B4,-0.0010704400403351855,0.0010199546813964844,3,96
222,subject_222,0,F4,0.2,none,A3_minus_A2,-0.008453652107927923,0.0035263776779174694,-6,-192
222,subject_222,0,F4,0.2,none,A3_minus_B4,0.008642092485750652,-0.0023945093154907338,1,32
222,subject_222,0,F4,0.2,20dB,A3_minus_A2,-0.0024346345294166127,0.0043081521987915206,-6,-192
222,subject_222,0,F4,0.2,20dB,A3_minus_B4,0.006607537670214825,-0.004151988029479969,2,64
222,subject_222,0,F4,0.5,none,A3_minus_A2,-0.013549617862423702,0.001312303543090837,-3,-96
222,subject_222,0,F4,0.5,none,A3_minus_B4,0.011554519299156851,-0.0006249189376830999,0,0
222,subject_222,0,F4,0.5,20dB,A3_minus_A2,-0.017836008047551033,0.0015825271606445257,-4,-128
222,subject_222,0,F4,0.5,20dB,A3_minus_B4,0.005902178936862512,-0.0007081031799316406,1,32
222,subject_222,0,F5,0.2,none,A3_minus_A2,0.0025846601881944764,-0.004472851753234856,-9,-288
222,subject_222,0,F5,0.2,none,A3_minus_B4,-0.001348047363745053,0.0008111333847043781,4,128
222,subject_222,0,F5,0.2,20dB,A3_minus_A2,-0.003081551910460334,-0.0011255884170532637,-26,-832
222,subject_222,0,F5,0.2,20dB,A3_minus_B4,0.006554994591445151,-0.0011419248580942648,-14,-448
222,subject_222,0,F5,0.5,none,A3_minus_A2,-0.0010986712700500334,0.0005097866058349568,-9,-288
222,subject_222,0,F5,0.5,none,A3_minus_B4,0.0023977845428628797,-0.0010846376419067424,3,96
222,subject_222,0,F5,0.5,20dB,A3_minus_A2,0.0021021050712306533,-0.00031919956207283884,-8,-256
222,subject_222,0,F5,0.5,20dB,A3_minus_B4,0.0012903393337051483,-0.0003750467300406568,15,480
222,subject_222,1,F0,0.2,none,A3_minus_A2,0.0017889434856073194,-0.0015324831008911126,-59,-1888
222,subject_222,1,F0,0.2,none,A3_minus_B4,0.0018991709782696375,0.0013178586959838867,5,160
222,subject_222,1,F0,0.2,20dB,A3_minus_A2,0.0012634868820953216,-0.0062214374542236325,-84,-2688
222,subject_222,1,F0,0.2,20dB,A3_minus_B4,0.012284568232310278,-0.003977918624877929,0,0
222,subject_222,1,F0,0.5,none,A3_minus_A2,0.0006457089670917071,-0.0012242078781127931,-53,-1696
222,subject_222,1,F0,0.5,none,A3_minus_B4,-0.001708280375932958,0.00037848949432373047,4,128
222,subject_222,1,F0,0.5,20dB,A3_minus_A2,-1.5125397771598159e-05,-0.00037682056427001953,-72,-2304
222,subject_222,1,F0,0.5,20dB,A3_minus_B4,-6.846227425327811e-05,0.0005340337753295898,2,64
222,subject_222,1,F1,0.2,none,A3_minus_A2,-0.0020165828928604412,0.00017199516296387274,-54,-1728
222,subject_222,1,F1,0.2,none,A3_minus_B4,0.4752985829747658,-0.07139744758605958,3,96
222,subject_222,1,F1,0.2,20dB,A3_minus_A2,-0.01787343080776793,0.0088611364364624,-75,-2400
222,subject_222,1,F1,0.2,20dB,A3_minus_B4,0.30313053593753736,-0.05092701911926269,-1,-32
222,subject_222,1,F1,0.5,none,A3_minus_A2,0.00020361057001139216,-0.0005718469619750977,-47,-1504
222,subject_222,1,F1,0.5,none,A3_minus_B4,-0.0013338763645265317,0.0009181022644042941,11,352
222,subject_222,1,F1,0.5,20dB,A3_minus_A2,0.0004492834443752258,-0.0005489587783813477,-64,-2048
222,subject_222,1,F1,0.5,20dB,A3_minus_B4,-0.0010122138509860434,0.0007466554641723522,9,288
222,subject_222,1,F2,0.2,none,A3_minus_A2,0.0012583071444289828,0.002539253234863287,-69,-2208
222,subject_222,1,F2,0.2,none,A3_minus_B4,0.0004195704551683832,0.013136696815490734,7,224
222,subject_222,1,F2,0.2,20dB,A3_minus_A2,0.0025308833236525885,-0.0013325214385986328,-72,-2304
222,subject_222,1,F2,0.2,20dB,A3_minus_B4,-0.004791353315805935,-0.00015444755554197553,-4,-128
222,subject_222,1,F2,0.5,none,A3_minus_A2,9.19719139780284e-05,-0.0009263515472412165,-69,-2208
222,subject_222,1,F2,0.5,none,A3_minus_B4,-1.3308532706091114e-05,-0.0006138801574707142,-10,-320
222,subject_222,1,F2,0.5,20dB,A3_minus_A2,1.1612498241220237e-05,8.432865142821155e-05,-89,-2848
222,subject_222,1,F2,0.5,20dB,A3_minus_B4,1.0690118536160753e-05,8.118152618408203e-05,-9,-288
222,subject_222,1,F3,0.2,none,A3_minus_A2,-0.01262855885229186,0.010274706541170464,-62,-1984
222,subject_222,1,F3,0.2,none,A3_minus_B4,-0.0003748381094865749,-0.007080330194364201,-4,-128
222,subject_222,1,F3,0.2,20dB,A3_minus_A2,-0.03896953612865417,0.02293625256076895,-73,-2336
222,subject_222,1,F3,0.2,20dB,A3_minus_B4,0.2596908588289111,-0.07158833566612553,-7,-224
222,subject_222,1,F3,0.5,none,A3_minus_A2,-0.0696781924919847,0.0073080778121948214,-48,-1536
222,subject_222,1,F3,0.5,none,A3_minus_B4,0.08834076671398705,-0.010554544448852538,9,288
222,subject_222,1,F3,0.5,20dB,A3_minus_A2,-0.016727925737118454,0.0052793502807617215,-48,-1536
222,subject_222,1,F3,0.5,20dB,A3_minus_B4,0.032542327511819735,-0.007053470611572271,0,0
222,subject_222,1,F4,0.2,none,A3_minus_A2,-0.12068072645050165,0.023165664400781605,-39,-1248
222,subject_222,1,F4,0.2,none,A3_minus_B4,0.1487927834488616,-0.018329387295874244,-16,-512
222,subject_222,1,F4,0.2,20dB,A3_minus_A2,-0.08477852521424722,0.02969829680432645,-47,-1504
222,subject_222,1,F4,0.2,20dB,A3_minus_B4,0.07253255677051484,-0.013691925406493999,-11,-352
222,subject_222,1,F4,0.5,none,A3_minus_A2,-0.06303731691238568,0.005021649360656716,-10,-320
222,subject_222,1,F4,0.5,none,A3_minus_B4,0.015382877234534575,-0.00039336585998536733,-6,-192
222,subject_222,1,F4,0.5,20dB,A3_minus_A2,-0.042101958924979144,0.00427881932864746,-10,-320
222,subject_222,1,F4,0.5,20dB,A3_minus_B4,-0.00753941076762743,0.0011535093844946276,-7,-224
222,subject_222,1,F5,0.2,none,A3_minus_A2,-0.015742802931235644,0.005189485549927916,-56,-1792
222,subject_222,1,F5,0.2,none,A3_minus_B4,0.0008206895287194982,-0.008907036781310232,0,0
222,subject_222,1,F5,0.2,20dB,A3_minus_A2,-0.0027116928401405005,0.009227433204651081,-74,-2368
222,subject_222,1,F5,0.2,20dB,A3_minus_B4,0.008354307688939855,-0.005462388992308581,8,256
222,subject_222,1,F5,0.5,none,A3_minus_A2,-0.024522706759636748,0.003953828811645549,-44,-1408
222,subject_222,1,F5,0.5,none,A3_minus_B4,0.00046745293819583367,0.002069840431213346,7,224
222,subject_222,1,F5,0.5,20dB,A3_minus_A2,-0.011176690244043996,0.0024998378753652573,-63,-2016
222,subject_222,1,F5,0.5,20dB,A3_minus_B4,0.011059514591803321,-0.0023416614532468585,-7,-224
222,subject_222,2,F0,0.2,none,A3_minus_A2,-0.0371075542504542,0.007474327087402342,-68,-2176
222,subject_222,2,F0,0.2,none,A3_minus_B4,-0.10190778089757657,0.02205967903137207,3,96
222,subject_222,2,F0,0.2,20dB,A3_minus_A2,-0.015167621950151755,0.00026314258575439384,-82,-2624
222,subject_222,2,F0,0.2,20dB,A3_minus_B4,-0.0019250758146931446,-0.0021410942077636705,-14,-448
222,subject_222,2,F0,0.5,none,A3_minus_A2,0.0001150116385382205,-0.00011966228485107457,-59,-1888
222,subject_222,2,F0,0.5,none,A3_minus_B4,-0.003314069951908749,-0.0006449460983276372,-3,-96
222,subject_222,2,F0,0.5,20dB,A3_minus_A2,-0.00011112909517052572,0.00013513565063476545,-70,-2240
222,subject_222,2,F0,0.5,20dB,A3_minus_B4,0.0006657328854569045,0.00031080245971679653,-3,-96
222,subject_222,2,F1,0.2,none,A3_minus_A2,-0.20226858238140366,0.021164536476135254,-67,-2144
222,subject_222,2,F1,0.2,none,A3_minus_B4,0.13811575097969708,-0.026274967193603505,-3,-96
222,subject_222,2,F1,0.2,20dB,A3_minus_A2,-0.10197885437366239,0.021316313743591303,-81,-2592
222,subject_222,2,F1,0.2,20dB,A3_minus_B4,-0.08886954401398484,0.02244417667388915,-14,-448
222,subject_222,2,F1,0.5,none,A3_minus_A2,-0.17681725243087598,0.0040550470352172935,-55,-1760
222,subject_222,2,F1,0.5,none,A3_minus_B4,0.07022275324341187,-0.0008869886398315402,1,32
222,subject_222,2,F1,0.5,20dB,A3_minus_A2,-0.039797004324663376,0.0011910915374755832,-76,-2432
222,subject_222,2,F1,0.5,20dB,A3_minus_B4,-0.04253724577213269,0.00228683948516846,6,192
222,subject_222,2,F2,0.2,none,A3_minus_A2,-0.10796934371517963,0.005852961540222162,-69,-2208
222,subject_222,2,F2,0.2,none,A3_minus_B4,0.0884319384536596,-0.015179777145385764,-14,-448
222,subject_222,2,F2,0.2,20dB,A3_minus_A2,-0.01575272148047624,0.0015532255172729381,-69,-2208
222,subject_222,2,F2,0.2,20dB,A3_minus_B4,-0.003796243253766818,0.0056236982345581055,12,384
222,subject_222,2,F2,0.5,none,A3_minus_A2,-0.007530119132223234,0.0005371093749999833,-57,-1824
222,subject_222,2,F2,0.5,none,A3_minus_B4,-0.007435045409760477,0.0011523008346557562,-9,-288
222,subject_222,2,F2,0.5,20dB,A3_minus_A2,-0.00022189671870620487,-0.00045888423919676624,-56,-1792
222,subject_222,2,F2,0.5,20dB,A3_minus_B4,-6.629866185292599e-05,-0.00038509368896483265,0,0
222,subject_222,2,F3,0.2,none,A3_minus_A2,-0.06163857765715974,0.025179649353027342,-62,-1984
222,subject_222,2,F3,0.2,none,A3_minus_B4,-0.0019429157327053304,0.002940654754638672,-7,-224
222,subject_222,2,F3,0.2,20dB,A3_minus_A2,-0.0272441460664119,0.027898200228246448,-68,-2176
222,subject_222,2,F3,0.2,20dB,A3_minus_B4,0.009436058881696852,0.002909708023071292,-15,-480
222,subject_222,2,F3,0.5,none,A3_minus_A2,-0.05098370170127353,0.008796501159667972,-43,-1376
222,subject_222,2,F3,0.5,none,A3_minus_B4,0.0034926876808789586,0.0006170749664306668,-10,-320
222,subject_222,2,F3,0.5,20dB,A3_minus_A2,-0.04198501431398505,0.01372954845428466,-57,-1824
222,subject_222,2,F3,0.5,20dB,A3_minus_B4,0.006439183664719295,0.0046967267990112305,-25,-800
222,subject_222,2,F4,0.2,none,A3_minus_A2,-0.2328697713611696,0.03684406011515004,-39,-1248
222,subject_222,2,F4,0.2,none,A3_minus_B4,0.06469370482954417,-0.011521919079491072,0,0
222,subject_222,2,F4,0.2,20dB,A3_minus_A2,-0.05168465485809648,0.02265919052466639,-35,-1120
222,subject_222,2,F4,0.2,20dB,A3_minus_B4,-0.0036804458894934555,0.0018198769706314066,-1,-32
222,subject_222,2,F4,0.5,none,A3_minus_A2,0.0,0.0,0,0
222,subject_222,2,F4,0.5,none,A3_minus_B4,0.0,0.0,0,0
222,subject_222,2,F4,0.5,20dB,A3_minus_A2,-0.002629031089126599,-9.811574569426607e-05,-4,-128
222,subject_222,2,F4,0.5,20dB,A3_minus_B4,-0.0028690509637812056,0.00010042224299353086,-2,-64
222,subject_222,2,F5,0.2,none,A3_minus_A2,-0.03568028525160116,0.01169293403625371,-72,-2304
222,subject_222,2,F5,0.2,none,A3_minus_B4,-0.0026632381846063424,-0.005999894142150977,-16,-512
222,subject_222,2,F5,0.2,20dB,A3_minus_A2,-0.009561406031934894,0.012028512954711176,-79,-2528
222,subject_222,2,F5,0.2,20dB,A3_minus_B4,0.001271584749304111,-0.0035361289977997173,-11,-352
222,subject_222,2,F5,0.5,none,A3_minus_A2,-0.021264519129267967,0.005374789237976421,-44,-1408
222,subject_222,2,F5,0.5,none,A3_minus_B4,0.04124366381582334,-0.006715764999389667,1,32
222,subject_222,2,F5,0.5,20dB,A3_minus_A2,-0.006258945044654851,0.0040256834030151095,-57,-1824
222,subject_222,2,F5,0.5,20dB,A3_minus_B4,0.006320574538200674,-0.002906727790831627,-2,-64
223,subject_223,0,F0,0.2,none,A3_minus_A2,0.000161684292724118,-0.0002922773361206054,-99,-3168
223,subject_223,0,F0,0.2,none,A3_minus_B4,-0.00034649193415603463,0.0009375810623168945,19,608
223,subject_223,0,F0,0.2,20dB,A3_minus_A2,-0.0006915578965696056,-0.0013553380966186534,-116,-3712
223,subject_223,0,F0,0.2,20dB,A3_minus_B4,-0.0004179045478949206,0.0012683629989624018,16,512
223,subject_223,0,F0,0.5,none,A3_minus_A2,0.0,0.0,-98,-3136
223,subject_223,0,F0,0.5,none,A3_minus_B4,0.0,0.0,20,640
223,subject_223,0,F0,0.5,20dB,A3_minus_A2,0.0,0.0,-113,-3616
223,subject_223,0,F0,0.5,20dB,A3_minus_B4,0.0,0.0,16,512
223,subject_223,0,F1,0.2,none,A3_minus_A2,-7.369760357534005e-06,0.0008527040481567383,-92,-2944
223,subject_223,0,F1,0.2,none,A3_minus_B4,-0.0006941394002488721,0.0023532152175903265,9,288
223,subject_223,0,F1,0.2,20dB,A3_minus_A2,-0.0049777849073500136,-0.0016527414321899497,-95,-3040
223,subject_223,0,F1,0.2,20dB,A3_minus_B4,0.0016671273331176906,-0.005543828010559082,17,544
223,subject_223,0,F1,0.5,none,A3_minus_A2,0.0,0.0,-86,-2752
223,subject_223,0,F1,0.5,none,A3_minus_B4,0.0,0.0,15,480
223,subject_223,0,F1,0.5,20dB,A3_minus_A2,0.0,0.0,-94,-3008
223,subject_223,0,F1,0.5,20dB,A3_minus_B4,0.0,0.0,7,224
223,subject_223,0,F2,0.2,none,A3_minus_A2,0.00023734925738949642,-0.0012272834777831976,-88,-2816
223,subject_223,0,F2,0.2,none,A3_minus_B4,4.611535089793506e-05,-0.0003154039382934348,11,352
223,subject_223,0,F2,0.2,20dB,A3_minus_A2,0.00023950006551309855,-0.0005207061767578125,-97,-3104
223,subject_223,0,F2,0.2,20dB,A3_minus_B4,-5.630843580561873e-05,-0.0011753797531127985,15,480
223,subject_223,0,F2,0.5,none,A3_minus_A2,0.0,0.0,-88,-2816
223,subject_223,0,F2,0.5,none,A3_minus_B4,0.0,0.0,11,352
223,subject_223,0,F2,0.5,20dB,A3_minus_A2,3.120058827654759e-05,0.0004808664321899192,-84,-2688
223,subject_223,0,F2,0.5,20dB,A3_minus_B4,-0.00010288500962474245,0.001406121253967274,25,800
223,subject_223,0,F3,0.2,none,A3_minus_A2,-0.034205474744332776,0.012274384498596191,-55,-1760
223,subject_223,0,F3,0.2,none,A3_minus_B4,0.015722788413388145,-0.0014542341232299805,-11,-352
223,subject_223,0,F3,0.2,20dB,A3_minus_A2,-0.01455432843814819,0.013854074478149403,-76,-2432
223,subject_223,0,F3,0.2,20dB,A3_minus_B4,0.06903080302845055,-0.033127784729003906,-1,-32
223,subject_223,0,F3,0.5,none,A3_minus_A2,-0.01986626807106262,0.0029595851898193276,-13,-416
223,subject_223,0,F3,0.5,none,A3_minus_B4,-0.007803893120907901,0.0013971328735351562,-2,-64
223,subject_223,0,F3,0.5,20dB,A3_minus_A2,-0.016046537354380774,0.0041355371475219616,-26,-832
223,subject_223,0,F3,0.5,20dB,A3_minus_B4,-0.006221565109877147,0.0019477844238281194,-8,-256
223,subject_223,0,F4,0.2,none,A3_minus_A2,-0.012676988536505007,0.0009974875237998004,-8,-256
223,subject_223,0,F4,0.2,none,A3_minus_B4,0.0018025612917291767,-0.001062806627506352,2,64
223,subject_223,0,F4,0.2,20dB,A3_minus_A2,-0.00936822879051391,0.0023864317182644146,-14,-448
223,subject_223,0,F4,0.2,20dB,A3_minus_B4,0.01744203845114356,-0.004693541312296462,15,480
223,subject_223,0,F4,0.5,none,A3_minus_A2,0.0,0.0,0,0
223,subject_223,0,F4,0.5,none,A3_minus_B4,0.0,0.0,0,0
223,subject_223,0,F4,0.5,20dB,A3_minus_A2,-0.0014730295534466364,0.0003121137619018499,-1,-32
223,subject_223,0,F4,0.5,20dB,A3_minus_B4,-0.0014730295534466364,0.0003121137619018499,-1,-32
223,subject_223,0,F5,0.2,none,A3_minus_A2,-0.031575290893712804,0.008372335433958968,-77,-2464
223,subject_223,0,F5,0.2,none,A3_minus_B4,0.03024214093630917,-0.006533412933351454,28,896
223,subject_223,0,F5,0.2,20dB,A3_minus_A2,-0.009242032995427252,0.002051954269407831,-113,-3616
223,subject_223,0,F5,0.2,20dB,A3_minus_B4,0.022876989414843507,-0.017859101295469415,-3,-96
223,subject_223,0,F5,0.5,none,A3_minus_A2,-0.009194083367184192,0.0017373895645135945,-24,-768
223,subject_223,0,F5,0.5,none,A3_minus_B4,0.01569696400508036,-0.0008401918411253956,-13,-416
223,subject_223,0,F5,0.5,20dB,A3_minus_A2,-0.00757038757872408,0.0024518394470199253,-60,-1920
223,subject_223,0,F5,0.5,20dB,A3_minus_B4,0.005361651456420091,-0.0011306047439585826,7,224
223,subject_223,1,F0,0.2,none,A3_minus_A2,-0.0016128090916716076,0.0008846044540405263,-97,-3104
223,subject_223,1,F0,0.2,none,A3_minus_B4,-0.0001807510417854985,-0.0023381471633911136,10,320
223,subject_223,1,F0,0.2,20dB,A3_minus_A2,0.0003935932135377129,0.0027240276336669925,-116,-3712
223,subject_223,1,F0,0.2,20dB,A3_minus_B4,-0.00042236417044705377,0.005069184303283691,5,160
223,subject_223,1,F0,0.5,none,A3_minus_A2,0.0,0.0,-95,-3040
223,subject_223,1,F0,0.5,none,A3_minus_B4,0.0,0.0,6,192
223,subject_223,1,F0,0.5,20dB,A3_minus_A2,0.0,0.0,-109,-3488
223,subject_223,1,F0,0.5,20dB,A3_minus_B4,0.0,0.0,-4,-128
223,subject_223,1,F1,0.2,none,A3_minus_A2,0.006280327131079844,-0.002144718170166024,-76,-2432
223,subject_223,1,F1,0.2,none,A3_minus_B4,-0.013855800248052219,-0.0013230562210083119,9,288
223,subject_223,1,F1,0.2,20dB,A3_minus_A2,0.005252495486885778,-0.00045936107635498324,-94,-3008
223,subject_223,1,F1,0.2,20dB,A3_minus_B4,0.0013054536363235059,0.0003853321075439481,9,288
223,subject_223,1,F1,0.5,none,A3_minus_A2,0.0,0.0,-76,-2432
223,subject_223,1,F1,0.5,none,A3_minus_B4,0.0,0.0,9,288
223,subject_223,1,F1,0.5,20dB,A3_minus_A2,-0.015159105110345905,4.768371582308806e-08,-81,-2592
223,subject_223,1,F1,0.5,20dB,A3_minus_B4,0.002833241938906994,-0.003457021713256833,16,512
223,subject_223,1,F2,0.2,none,A3_minus_A2,-0.001680965841430293,0.0006801605224609486,-88,-2816
223,subject_223,1,F2,0.2,none,A3_minus_B4,-0.007722146347823866,0.0011259078979492243,0,0
223,subject_223,1,F2,0.2,20dB,A3_minus_A2,-0.0006907075245088379,0.0018599271774291937,-98,-3136
223,subject_223,1,F2,0.2,20dB,A3_minus_B4,-0.0015216483180111595,0.002638912200927712,10,320
223,subject_223,1,F2,0.5,none,A3_minus_A2,0.0,0.0,-80,-2560
223,subject_223,1,F2,0.5,none,A3_minus_B4,0.0,0.0,8,256
223,subject_223,1,F2,0.5,20dB,A3_minus_A2,0.0,0.0,-90,-2880
223,subject_223,1,F2,0.5,20dB,A3_minus_B4,0.0,0.0,-1,-32
223,subject_223,1,F3,0.2,none,A3_minus_A2,-0.021635636778881917,0.009140859603881835,-47,-1504
223,subject_223,1,F3,0.2,none,A3_minus_B4,0.02411452421151239,-0.006473149299621589,-4,-128
223,subject_223,1,F3,0.2,20dB,A3_minus_A2,-0.030647739533012697,0.019065824508666993,-64,-2048
223,subject_223,1,F3,0.2,20dB,A3_minus_B4,0.027245522432082225,-0.015285095759164605,6,192
223,subject_223,1,F3,0.5,none,A3_minus_A2,0.0004529831243580418,0.00021190643310547985,-13,-416
223,subject_223,1,F3,0.5,none,A3_minus_B4,0.0004529831243580418,0.00021190643310547985,-7,-224
223,subject_223,1,F3,0.5,20dB,A3_minus_A2,-0.004731725015535204,0.0020417451858520536,-26,-832
223,subject_223,1,F3,0.5,20dB,A3_minus_B4,0.01075617048866917,-0.006439924240112305,-1,-32
223,subject_223,1,F4,0.2,none,A3_minus_A2,-0.017742855921582645,0.0027217864990234375,-13,-416
223,subject_223,1,F4,0.2,none,A3_minus_B4,-0.017742855921582645,0.0027217864990234375,-13,-416
223,subject_223,1,F4,0.2,20dB,A3_minus_A2,-0.011906545895755016,0.004575863772637245,-19,-608
223,subject_223,1,F4,0.2,20dB,A3_minus_B4,0.003927329103195376,0.00040906467677284675,3,96
223,subject_223,1,F4,0.5,none,A3_minus_A2,0.0,0.0,0,0
223,subject_223,1,F4,0.5,none,A3_minus_B4,0.0,0.0,0,0
223,subject_223,1,F4,0.5,20dB,A3_minus_A2,-0.01013371898494242,0.0012497901916503906,-4,-128
223,subject_223,1,F4,0.5,20dB,A3_minus_B4,-0.01013371898494242,0.0012497901916503906,-4,-128
223,subject_223,1,F5,0.2,none,A3_minus_A2,-0.007251460481697336,0.004729051589967004,-61,-1952
223,subject_223,1,F5,0.2,none,A3_minus_B4,0.020648202919133496,-0.006584253311157251,7,224
223,subject_223,1,F5,0.2,20dB,A3_minus_A2,-0.014740560102200817,0.006227655410765996,-101,-3232
223,subject_223,1,F5,0.2,20dB,A3_minus_B4,0.006599794151739502,-0.0030683183670042607,-15,-480
223,subject_223,1,F5,0.5,none,A3_minus_A2,-0.0010097893615430564,0.001975650787353088,-33,-1056
223,subject_223,1,F5,0.5,none,A3_minus_B4,0.012544866199526439,-0.001392254829406886,-14,-448
223,subject_223,1,F5,0.5,20dB,A3_minus_A2,-0.020486919453384544,0.004933066368104373,-55,-1760
223,subject_223,1,F5,0.5,20dB,A3_minus_B4,2.837419381229722e-05,-0.0009777545928955078,-4,-128
223,subject_223,2,F0,0.2,none,A3_minus_A2,-0.01133154570771211,0.0029979944229125977,-95,-3040
223,subject_223,2,F0,0.2,none,A3_minus_B4,-0.0174017924870995,0.007300615310668945,19,608
223,subject_223,2,F0,0.2,20dB,A3_minus_A2,-0.10549486786945295,0.015283823013305668,-100,-3200
223,subject_223,2,F0,0.2,20dB,A3_minus_B4,-0.15566718871279406,0.024672317504882815,27,864
223,subject_223,2,F0,0.5,none,A3_minus_A2,0.0,0.0,-84,-2688
223,subject_223,2,F0,0.5,none,A3_minus_B4,0.0,0.0,4,128
223,subject_223,2,F0,0.5,20dB,A3_minus_A2,-0.019169739064686553,0.0034374952316284183,-111,-3552
223,subject_223,2,F0,0.5,20dB,A3_minus_B4,-0.03177613167682125,0.0065623998641967775,28,896
223,subject_223,2,F1,0.2,none,A3_minus_A2,-0.0816462458098961,0.0083132028579712,-82,-2624
223,subject_223,2,F1,0.2,none,A3_minus_B4,-0.08170945783252037,0.009635162353515622,-20,-640
223,subject_223,2,F1,0.2,20dB,A3_minus_A2,-0.008575587786808114,0.003592419624328616,-88,-2816
223,subject_223,2,F1,0.2,20dB,A3_minus_B4,0.1417533706978631,-0.021223402023315435,-10,-320
223,subject_223,2,F1,0.5,none,A3_minus_A2,0.0,0.0,-73,-2336
223,subject_223,2,F1,0.5,none,A3_minus_B4,0.0,0.0,-11,-352
223,subject_223,2,F1,0.5,20dB,A3_minus_A2,0.0,0.0,-99,-3168
223,subject_223,2,F1,0.5,20dB,A3_minus_B4,0.13260192732817977,-0.007187485694885254,-8,-256
223,subject_223,2,F2,0.2,none,A3_minus_A2,0.00029508463027383414,-0.0009221076965332253,-86,-2752
223,subject_223,2,F2,0.2,none,A3_minus_B4,0.20597432342432853,-0.015397834777832076,-18,-576
223,subject_223,2,F2,0.2,20dB,A3_minus_A2,0.00014439935480581312,0.0012528657913207786,-106,-3392
223,subject_223,2,F2,0.2,20dB,A3_minus_B4,0.07117667231814195,-0.014394140243530251,-4,-128
223,subject_223,2,F2,0.5,none,A3_minus_A2,-3.2891130352652453e-07,1.9073486329235223e-07,-85,-2720
223,subject_223,2,F2,0.5,none,A3_minus_B4,-3.2891130352652453e-07,1.9073486329235223e-07,-23,-736
223,subject_223,2,F2,0.5,20dB,A3_minus_A2,0.0,0.0,-96,-3072
223,subject_223,2,F2,0.5,20dB,A3_minus_B4,0.0,0.0,-11,-352
223,subject_223,2,F3,0.2,none,A3_minus_A2,-0.36348491157944807,0.028538918495178214,-68,-2176
223,subject_223,2,F3,0.2,none,A3_minus_B4,0.22794702291383473,-0.07037951946258547,11,352
223,subject_223,2,F3,0.2,20dB,A3_minus_A2,-0.08735779609761352,0.035302551927199305,-101,-3232
223,subject_223,2,F3,0.2,20dB,A3_minus_B4,0.18331247037484388,-0.06981243328731007,0,0
223,subject_223,2,F3,0.5,none,A3_minus_A2,-0.04351944340307412,0.006561923027038577,-35,-1120
223,subject_223,2,F3,0.5,none,A3_minus_B4,-0.019015058650847294,0.0034071445465087835,-29,-928
223,subject_223,2,F3,0.5,20dB,A3_minus_A2,-0.03984251993852439,0.009701323509216306,-44,-1408
223,subject_223,2,F3,0.5,20dB,A3_minus_B4,0.2573384325023884,-0.012308478355407715,-17,-544
223,subject_223,2,F4,0.2,none,A3_minus_A2,-0.4250974438801691,0.0325359826172239,-56,-1792
223,subject_223,2,F4,0.2,none,A3_minus_B4,-0.13194738203916856,-0.007078855098208103,-22,-704
223,subject_223,2,F4,0.2,20dB,A3_minus_A2,-0.23703790290321436,0.03864833978838081,-59,-1888
223,subject_223,2,F4,0.2,20dB,A3_minus_B4,-0.08103147355460649,-0.010258981256824173,-11,-352
223,subject_223,2,F4,0.5,none,A3_minus_A2,-0.13359407098337073,0.0069268703460693415,-6,-192
223,subject_223,2,F4,0.5,none,A3_minus_B4,-0.03385889983522716,0.0017413616180419755,0,0
223,subject_223,2,F4,0.5,20dB,A3_minus_A2,-0.03873608330541778,0.003177730731299927,-14,-448
223,subject_223,2,F4,0.5,20dB,A3_minus_B4,0.03013160901537759,-0.0016136482436146238,-9,-288
223,subject_223,2,F5,0.2,none,A3_minus_A2,-0.3364186235082407,0.030110836029052748,-75,-2400
223,subject_223,2,F5,0.2,none,A3_minus_B4,-0.3528374348062471,0.013118476867675713,22,704
223,subject_223,2,F5,0.2,20dB,A3_minus_A2,-0.2333366651594062,0.028178544044491896,-102,-3264
223,subject_223,2,F5,0.2,20dB,A3_minus_B4,-0.33985342726122525,0.022399773597719094,26,832
223,subject_223,2,F5,0.5,none,A3_minus_A2,-0.05156018220910852,0.007065467834472372,-72,-2304
223,subject_223,2,F5,0.5,none,A3_minus_B4,-0.04363224650365183,0.0046519804000851595,-3,-96
223,subject_223,2,F5,0.5,20dB,A3_minus_A2,-0.02882139111168769,0.008308329582214904,-92,-2944
223,subject_223,2,F5,0.5,20dB,A3_minus_B4,0.018500637412579124,-0.003358125686645702,-16,-512
228,subject_228,0,F0,0.2,none,A3_minus_A2,-0.03564441404404306,0.0036784648895263686,-95,-3040
228,subject_228,0,F0,0.2,none,A3_minus_B4,-0.035578591878028476,0.008292031288146973,4,128
228,subject_228,0,F0,0.2,20dB,A3_minus_A2,-0.0019567667386759524,-0.0011357784271240224,-111,-3552
228,subject_228,0,F0,0.2,20dB,A3_minus_B4,0.0010265113026122208,-0.0008843660354614247,9,288
228,subject_228,0,F0,0.5,none,A3_minus_A2,0.0,0.0,-86,-2752
228,subject_228,0,F0,0.5,none,A3_minus_B4,0.0,0.0,-12,-384
228,subject_228,0,F0,0.5,20dB,A3_minus_A2,0.0,0.0,-95,-3040
228,subject_228,0,F0,0.5,20dB,A3_minus_B4,0.0,0.0,5,160
228,subject_228,0,F1,0.2,none,A3_minus_A2,-0.022191730796773612,0.002374196052551264,-79,-2528
228,subject_228,0,F1,0.2,none,A3_minus_B4,0.08635222138015308,0.0012264728546142606,-17,-544
228,subject_228,0,F1,0.2,20dB,A3_minus_A2,-0.010728486525170666,0.0006608963012695312,-106,-3392
228,subject_228,0,F1,0.2,20dB,A3_minus_B4,0.2725202906479467,-0.04099049568176269,-4,-128
228,subject_228,0,F1,0.5,none,A3_minus_A2,0.0,0.0,-80,-2560
228,subject_228,0,F1,0.5,none,A3_minus_B4,0.0,0.0,-21,-672
228,subject_228,0,F1,0.5,20dB,A3_minus_A2,0.0007280388078783062,-0.0006249904632568276,-91,-2912
228,subject_228,0,F1,0.5,20dB,A3_minus_B4,0.0,0.0,6,192
228,subject_228,0,F2,0.2,none,A3_minus_A2,-0.0043762123744350845,-0.0016180753707885631,-86,-2752
228,subject_228,0,F2,0.2,none,A3_minus_B4,0.2517673683960808,-0.018004655838012695,2,64
228,subject_228,0,F2,0.2,20dB,A3_minus_A2,0.0023718691429976957,0.002536392211914068,-110,-3520
228,subject_228,0,F2,0.2,20dB,A3_minus_B4,0.0006081716713506324,0.00960609912872315,10,320
228,subject_228,0,F2,0.5,none,A3_minus_A2,0.0,0.0,-82,-2624
228,subject_228,0,F2,0.5,none,A3_minus_B4,0.0,0.0,5,160
228,subject_228,0,F2,0.5,20dB,A3_minus_A2,0.0,0.0,-100,-3200
228,subject_228,0,F2,0.5,20dB,A3_minus_B4,0.0,0.0,15,480
228,subject_228,0,F3,0.2,none,A3_minus_A2,-0.16356552891102893,0.03054054737091065,-75,-2400
228,subject_228,0,F3,0.2,none,A3_minus_B4,0.1050142397491527,-0.01196080684661864,-6,-192
228,subject_228,0,F3,0.2,20dB,A3_minus_A2,-0.0625842142915971,0.03218507766723633,-85,-2720
228,subject_228,0,F3,0.2,20dB,A3_minus_B4,0.02406074722071594,-0.011106801033020017,-12,-384
228,subject_228,0,F3,0.5,none,A3_minus_A2,-0.24563712724942022,0.02100725173950195,-59,-1888
228,subject_228,0,F3,0.5,none,A3_minus_B4,0.2021884580598723,-0.014115524291992185,-9,-288
228,subject_228,0,F3,0.5,20dB,A3_minus_A2,-0.054711922525982004,0.011764931678771975,-56,-1792
228,subject_228,0,F3,0.5,20dB,A3_minus_B4,0.09956081025883279,-0.012321400642395022,-18,-576
228,subject_228,0,F4,0.2,none,A3_minus_A2,-0.389745919185323,0.03647588215531852,-55,-1760
228,subject_228,0,F4,0.2,none,A3_minus_B4,0.3131700399173809,-0.024582627797813394,0,0
228,subject_228,0,F4,0.2,20dB,A3_minus_A2,-0.16394182110933997,0.037217295229417,-54,-1728
228,subject_228,0,F4,0.2,20dB,A3_minus_B4,0.06953529548317405,-0.009565046307803193,-3,-96
228,subject_228,0,F4,0.5,none,A3_minus_A2,-0.07485519991677592,0.0047794103622436634,-17,-544
228,subject_228,0,F4,0.5,none,A3_minus_B4,0.15643616990560005,-0.006237840652465826,0,0
228,subject_228,0,F4,0.5,20dB,A3_minus_A2,-0.042513678593049775,0.0026816308287361257,-19,-608
228,subject_228,0,F4,0.5,20dB,A3_minus_B4,0.05767979885484742,-0.002740849190076833,3,96
228,subject_228,0,F5,0.2,none,A3_minus_A2,-0.07811984248077763,0.01662910938262848,-98,-3136
228,subject_228,0,F5,0.2,none,A3_minus_B4,0.0636346337694107,-0.00927764892577923,-7,-224
228,subject_228,0,F5,0.2,20dB,A3_minus_A2,-0.028402227089866727,0.01758098125457047,-104,-3328
228,subject_228,0,F5,0.2,20dB,A3_minus_B4,0.026594033253161342,-0.012437710762026002,15,480
228,subject_228,0,F5,0.5,none,A3_minus_A2,-0.012912210705749771,0.002521133422851561,-46,-1472
228,subject_228,0,F5,0.5,none,A3_minus_B4,0.0521801489602467,-0.007545251846313411,1,32
228,subject_228,0,F5,0.5,20dB,A3_minus_A2,-0.03933908090066751,0.0069974136352529415,-91,-2912
228,subject_228,0,F5,0.5,20dB,A3_minus_B4,0.022726967857355618,-0.0018483781814572081,-19,-608
228,subject_228,1,F0,0.2,none,A3_minus_A2,-0.0005029601538915074,0.0008255958557128913,-59,-1888
228,subject_228,1,F0,0.2,none,A3_minus_B4,-0.0010069393092422274,0.0011374235153198253,-27,-864
228,subject_228,1,F0,0.2,20dB,A3_minus_A2,0.00023815447910635612,-9.24825668334947e-05,-60,-1920
228,subject_228,1,F0,0.2,20dB,A3_minus_B4,-0.0019320648632259463,0.003564572334289551,-4,-128
228,subject_228,1,F0,0.5,none,A3_minus_A2,0.0,0.0,-59,-1888
228,subject_228,1,F0,0.5,none,A3_minus_B4,6.896445050585953e-07,-7.152557373072896e-08,-27,-864
228,subject_228,1,F0,0.5,20dB,A3_minus_A2,0.0,0.0,-51,-1632
228,subject_228,1,F0,0.5,20dB,A3_minus_B4,0.0,0.0,-8,-256
228,subject_228,1,F1,0.2,none,A3_minus_A2,0.0003894853628807482,0.00021500587463380016,-46,-1472
228,subject_228,1,F1,0.2,none,A3_minus_B4,-0.00012930075744677083,0.0014520168304443387,-25,-800
228,subject_228,1,F1,0.2,20dB,A3_minus_A2,0.0003781879547730682,0.0007731437683105441,-38,-1216
228,subject_228,1,F1,0.2,20dB,A3_minus_B4,3.203637434268103e-05,0.0006149530410766574,14,448
228,subject_228,1,F1,0.5,none,A3_minus_A2,0.0,0.0,-44,-1408
228,subject_228,1,F1,0.5,none,A3_minus_B4,0.0,-2.3841857918482923e-08,-25,-800
228,subject_228,1,F1,0.5,20dB,A3_minus_A2,0.0,0.0,-61,-1952
228,subject_228,1,F1,0.5,20dB,A3_minus_B4,0.0,-2.6226043700616763e-07,27,864
228,subject_228,1,F2,0.2,none,A3_minus_A2,0.0007078799741044861,0.00043158531188963734,-56,-1792
228,subject_228,1,F2,0.2,none,A3_minus_B4,0.0019261668209615834,0.0007771492004394476,-30,-960
228,subject_228,1,F2,0.2,20dB,A3_minus_A2,-0.000793618466730095,0.0007677793502807728,-56,-1792
228,subject_228,1,F2,0.2,20dB,A3_minus_B4,-0.00047144995424730496,-0.00010726451873779852,10,320
228,subject_228,1,F2,0.5,none,A3_minus_A2,3.1396948330097985e-07,5.722045898493011e-07,-55,-1760
228,subject_228,1,F2,0.5,none,A3_minus_B4,4.609884545203613e-07,9.536743164617612e-08,-31,-992
228,subject_228,1,F2,0.5,20dB,A3_minus_A2,-7.934314236734963e-07,4.768371580921027e-08,-77,-2464
228,subject_228,1,F2,0.5,20dB,A3_minus_B4,-3.0352856583704124e-07,-2.3841857904605135e-08,-11,-352
228,subject_228,1,F3,0.2,none,A3_minus_A2,-0.028103432335893075,0.009603214263916027,-41,-1312
228,subject_228,1,F3,0.2,none,A3_minus_B4,0.06578978968108373,-0.0160825252532959,1,32
228,subject_228,1,F3,0.2,20dB,A3_minus_A2,-0.007236435450145962,0.008948040008544919,-49,-1568
228,subject_228,1,F3,0.2,20dB,A3_minus_B4,0.05080961640971182,-0.027796101570129392,5,160
228,subject_228,1,F3,0.5,none,A3_minus_A2,-0.048472768450984915,0.006767058372497567,-28,-896
228,subject_228,1,F3,0.5,none,A3_minus_B4,0.07213701077674983,-0.005939316749572751,-4,-128
228,subject_228,1,F3,0.5,20dB,A3_minus_A2,-0.023217773021665167,0.005888295173645017,-37,-1184
228,subject_228,1,F3,0.5,20dB,A3_minus_B4,-0.011039002278643295,0.002933025360107422,-23,-736
228,subject_228,1,F4,0.2,none,A3_minus_A2,-0.038011406168813267,0.008475548815836342,-25,-800
228,subject_228,1,F4,0.2,none,A3_minus_B4,-0.006543013528286679,-0.0003813992898429597,-15,-480
228,subject_228,1,F4,0.2,20dB,A3_minus_A2,-0.028878872763922203,0.008162060705059204,-19,-608
228,subject_228,1,F4,0.2,20dB,A3_minus_B4,-0.025151276546591106,0.006875363317363908,-16,-512
228,subject_228,1,F4,0.5,none,A3_minus_A2,0.0,0.0,0,0
228,subject_228,1,F4,0.5,none,A3_minus_B4,0.0,0.0,0,0
228,subject_228,1,F4,0.5,20dB,A3_minus_A2,-0.015528089111954912,0.001550054550170904,-6,-192
228,subject_228,1,F4,0.5,20dB,A3_minus_B4,-0.015528089111954912,0.001550054550170904,-6,-192
228,subject_228,1,F5,0.2,none,A3_minus_A2,-0.009686602126990351,0.0038583803176878914,-60,-1920
228,subject_228,1,F5,0.2,none,A3_minus_B4,0.021265754055985298,-0.006727099418640137,-20,-640
228,subject_228,1,F5,0.2,20dB,A3_minus_A2,-0.0019591700043726235,0.0007297134399406602,-42,-1344
228,subject_228,1,F5,0.2,20dB,A3_minus_B4,0.008673679507850807,-0.007009530067443849,15,480
228,subject_228,1,F5,0.5,none,A3_minus_A2,0.0011454970866999759,0.001757149696350352,-28,-896
228,subject_228,1,F5,0.5,none,A3_minus_B4,0.0021086685216644696,0.0013892221450808179,-17,-544
228,subject_228,1,F5,0.5,20dB,A3_minus_A2,-0.013433255197064398,0.004121613502502439,-40,-1280
228,subject_228,1,F5,0.5,20dB,A3_minus_B4,-0.007417378477541092,0.003211545944213856,-22,-704
228,subject_228,2,F0,0.2,none,A3_minus_A2,0.017293866443100825,-0.00025706291198730746,-25,-800
228,subject_228,2,F0,0.2,none,A3_minus_B4,0.0009635157629048763,-0.0020280599594116253,-10,-320
228,subject_228,2,F0,0.2,20dB,A3_minus_A2,0.00930603764712501,0.0020961284637451144,-36,-1152
228,subject_228,2,F0,0.2,20dB,A3_minus_B4,-0.003653142214105287,0.0037214517593383775,2,64
228,subject_228,2,F0,0.5,none,A3_minus_A2,0.012992514626180451,0.00010197162628173759,-25,-800
228,subject_228,2,F0,0.5,none,A3_minus_B4,0.0062361036493072675,-0.0001812219619750973,-5,-160
228,subject_228,2,F0,0.5,20dB,A3_minus_A2,0.008242462715285725,0.0003393411636352546,-39,-1248
228,subject_228,2,F0,0.5,20dB,A3_minus_B4,-0.0007985708104758515,0.001729130744934082,-4,-128
228,subject_228,2,F1,0.2,none,A3_minus_A2,-0.002485402661786651,-0.0016472816467285323,-27,-864
228,subject_228,2,F1,0.2,none,A3_minus_B4,-0.005119224026827851,-0.0016468048095703292,-8,-256
228,subject_228,2,F1,0.2,20dB,A3_minus_A2,0.004965120505485032,-0.0022015810012817327,-29,-928
228,subject_228,2,F1,0.2,20dB,A3_minus_B4,0.0026514796538243957,-0.002225732803344732,-4,-128
228,subject_228,2,F1,0.5,none,A3_minus_A2,-0.0006855836843442376,-0.0007288694381713812,-23,-736
228,subject_228,2,F1,0.5,none,A3_minus_B4,0.0005110514122570464,-0.0007912635803222628,-6,-192
228,subject_228,2,F1,0.5,20dB,A3_minus_A2,0.004343989652506153,-0.001544570922851568,-32,-1024
228,subject_228,2,F1,0.5,20dB,A3_minus_B4,2.8079156422222695e-06,-2.4747848510739412e-05,5,160
228,subject_228,2,F2,0.2,none,A3_minus_A2,0.00024310507787284052,-0.004987215995788552,-22,-704
228,subject_228,2,F2,0.2,none,A3_minus_B4,0.005162320077339189,-0.0014959812164306308,-6,-192
228,subject_228,2,F2,0.2,20dB,A3_minus_A2,3.9243030776958676e-05,-0.0030361175537109153,-25,-800
228,subject_228,2,F2,0.2,20dB,A3_minus_B4,-0.0029576169484659687,-0.010271525382995583,2,64
228,subject_228,2,F2,0.5,none,A3_minus_A2,0.00016518276169819046,0.00036377906799317516,-24,-768
228,subject_228,2,F2,0.5,none,A3_minus_B4,0.002947745416218339,-0.00042150020599363014,-8,-256
228,subject_228,2,F2,0.5,20dB,A3_minus_A2,-0.00031598111671016227,-0.001619243621826194,-34,-1088
228,subject_228,2,F2,0.5,20dB,A3_minus_B4,-0.0005424814079422191,-0.0018834114074707253,3,96
228,subject_228,2,F3,0.2,none,A3_minus_A2,-0.01616906290961495,0.0043454939679595656,-21,-672
228,subject_228,2,F3,0.2,none,A3_minus_B4,0.00609537532720239,0.002460668248123951,1,32
228,subject_228,2,F3,0.2,20dB,A3_minus_A2,0.021894584331452194,0.006027208183423394,-29,-928
228,subject_228,2,F3,0.2,20dB,A3_minus_B4,0.019120816999773638,-0.0018450458729777769,-6,-192
228,subject_228,2,F3,0.5,none,A3_minus_A2,-0.001215901108524875,0.0005951642990112277,-14,-448
228,subject_228,2,F3,0.5,none,A3_minus_B4,0.005457618286110133,0.0002812385559081976,2,64
228,subject_228,2,F3,0.5,20dB,A3_minus_A2,-0.006765907772985358,0.002793717384338368,-33,-1056
228,subject_228,2,F3,0.5,20dB,A3_minus_B4,0.017289273044958975,-0.0016896724700927734,-7,-224
228,subject_228,2,F4,0.2,none,A3_minus_A2,-0.037543942393810426,0.007508721704799742,-16,-512
228,subject_228,2,F4,0.2,none,A3_minus_B4,0.037700333006583264,-0.01203452903182739,2,64
228,subject_228,2,F4,0.2,20dB,A3_minus_A2,-0.014392202010490962,0.005665612220764171,-15,-480
228,subject_228,2,F4,0.2,20dB,A3_minus_B4,-0.004615794915153515,0.0011133432388305553,-7,-224
228,subject_228,2,F4,0.5,none,A3_minus_A2,-0.010304079548793865,0.004137897491455073,-7,-224
228,subject_228,2,F4,0.5,none,A3_minus_B4,0.007263663140038901,-0.002062416076660162,0,0
228,subject_228,2,F4,0.5,20dB,A3_minus_A2,-0.025538812951616308,0.001984453201293951,-8,-256
228,subject_228,2,F4,0.5,20dB,A3_minus_B4,0.0204584469302187,-0.0018329143524170033,-2,-64
228,subject_228,2,F5,0.2,none,A3_minus_A2,0.013393036282376869,0.0007668066024779097,-17,-544
228,subject_228,2,F5,0.2,none,A3_minus_B4,-0.00033870935536484126,-0.005968346595764368,-2,-64
228,subject_228,2,F5,0.2,20dB,A3_minus_A2,0.0036622609719749732,0.0026865816116332653,-29,-928
228,subject_228,2,F5,0.2,20dB,A3_minus_B4,0.0030015491342716416,-0.001299443244934112,-12,-384
228,subject_228,2,F5,0.5,none,A3_minus_A2,0.004588956402287181,-0.00023264408111564605,-19,-608
228,subject_228,2,F5,0.5,none,A3_minus_B4,0.009746114495857938,-0.0003091335296630804,4,128
228,subject_228,2,F5,0.5,20dB,A3_minus_A2,-0.003076424826209845,-0.00015026092529293877,-27,-864
228,subject_228,2,F5,0.5,20dB,A3_minus_B4,-0.000809744106673449,-0.0008692264556882934,-8,-256
230,subject_230,0,F0,0.2,none,A3_minus_A2,1.328270124290043e-05,-0.00030028820037841797,-92,-2944
230,subject_230,0,F0,0.2,none,A3_minus_B4,0.003006987308491915,-0.0027550697326660153,11,352
230,subject_230,0,F0,0.2,20dB,A3_minus_A2,0.00035593053455684753,0.0015819549560546877,-111,-3552
230,subject_230,0,F0,0.2,20dB,A3_minus_B4,-0.00043774117018102743,0.0009520530700683595,17,544
230,subject_230,0,F0,0.5,none,A3_minus_A2,0.0,0.0,-81,-2592
230,subject_230,0,F0,0.5,none,A3_minus_B4,0.0,0.0,22,704
230,subject_230,0,F0,0.5,20dB,A3_minus_A2,0.0,0.0,-112,-3584
230,subject_230,0,F0,0.5,20dB,A3_minus_B4,0.0,0.0,13,416
230,subject_230,0,F1,0.2,none,A3_minus_A2,-3.109215072072402e-07,5.722045898493011e-07,-72,-2304
230,subject_230,0,F1,0.2,none,A3_minus_B4,-3.109215072072402e-07,5.722045898493011e-07,17,544
230,subject_230,0,F1,0.2,20dB,A3_minus_A2,0.005130902426717654,0.0010026454925537026,-90,-2880
230,subject_230,0,F1,0.2,20dB,A3_minus_B4,0.003103378999824713,-0.006969141960144046,8,256
230,subject_230,0,F1,0.5,none,A3_minus_A2,0.0,0.0,-71,-2272
230,subject_230,0,F1,0.5,none,A3_minus_B4,0.0,0.0,16,512
230,subject_230,0,F1,0.5,20dB,A3_minus_A2,0.0,0.0,-87,-2784
230,subject_230,0,F1,0.5,20dB,A3_minus_B4,0.0,0.0,10,320
230,subject_230,0,F2,0.2,none,A3_minus_A2,-7.598532492281151e-05,0.0014276981353759932,-77,-2464
230,subject_230,0,F2,0.2,none,A3_minus_B4,0.003329684675442479,-0.002195119857788086,11,352
230,subject_230,0,F2,0.2,20dB,A3_minus_A2,-0.0010938693871853644,0.0010069370269775169,-91,-2912
230,subject_230,0,F2,0.2,20dB,A3_minus_B4,-0.0006021299386187451,0.005322408676147444,0,0
230,subject_230,0,F2,0.5,none,A3_minus_A2,0.0,0.0,-73,-2336
230,subject_230,0,F2,0.5,none,A3_minus_B4,0.0,0.0,5,160
230,subject_230,0,F2,0.5,20dB,A3_minus_A2,0.0,0.0,-83,-2656
230,subject_230,0,F2,0.5,20dB,A3_minus_B4,0.0,0.0,25,800
230,subject_230,0,F3,0.2,none,A3_minus_A2,-0.0373688228183795,0.01575062274932862,-72,-2304
230,subject_230,0,F3,0.2,none,A3_minus_B4,0.0175048242975393,-0.0032581567764282254,-27,-864
230,subject_230,0,F3,0.2,20dB,A3_minus_A2,-0.019306180962512798,0.02105588912963867,-82,-2624
230,subject_230,0,F3,0.2,20dB,A3_minus_B4,0.03190143657680977,-0.0176995038986206,-17,-544
230,subject_230,0,F3,0.5,none,A3_minus_A2,-0.008244051933253616,0.0013098001480102567,-25,-800
230,subject_230,0,F3,0.5,none,A3_minus_B4,0.013426489108905315,-0.0014331817626953014,-9,-288
230,subject_230,0,F3,0.5,20dB,A3_minus_A2,-0.022829584630571276,0.006321597099304202,-35,-1120
230,subject_230,0,F3,0.5,20dB,A3_minus_B4,0.025186397219828294,-0.0037461757659912054,-3,-96
230,subject_230,0,F4,0.2,none,A3_minus_A2,-0.06607084471566793,0.010841753625870032,-27,-864
230,subject_230,0,F4,0.2,none,A3_minus_B4,-0.01319702380613208,0.0012383658413256116,1,32
230,subject_230,0,F4,0.2,20dB,A3_minus_A2,-0.0338940523719522,0.011884262222582487,-37,-1184
230,subject_230,0,F4,0.2,20dB,A3_minus_B4,0.046654353454581354,-0.014629749780810386,12,384
230,subject_230,0,F4,0.5,none,A3_minus_A2,0.0,0.0,0,0
230,subject_230,0,F4,0.5,none,A3_minus_B4,0.0,0.0,0,0
230,subject_230,0,F4,0.5,20dB,A3_minus_A2,0.0,0.0,0,0
230,subject_230,0,F4,0.5,20dB,A3_minus_B4,0.0,0.0,0,0
230,subject_230,0,F5,0.2,none,A3_minus_A2,-0.021006307075744246,0.00579739093780561,-69,-2208
230,subject_230,0,F5,0.2,none,A3_minus_B4,0.029316181169882327,-0.017358455657959126,7,224
230,subject_230,0,F5,0.2,20dB,A3_minus_A2,-0.014568997081450874,0.010579171180724767,-98,-3136
230,subject_230,0,F5,0.2,20dB,A3_minus_B4,0.03568137286588069,-0.02727175712585375,10,320
230,subject_230,0,F5,0.5,none,A3_minus_A2,-0.010519852992928236,0.0019075059890742083,-49,-1568
230,subject_230,0,F5,0.5,none,A3_minus_B4,-0.01217051515698131,0.0030129623413090445,-8,-256
230,subject_230,0,F5,0.5,20dB,A3_minus_A2,-0.02380936640565956,0.004913005828857564,-45,-1440
230,subject_230,0,F5,0.5,20dB,A3_minus_B4,0.01923255817663616,-0.00045337200164823066,-14,-448
230,subject_230,1,F0,0.2,none,A3_minus_A2,-0.0001721488615444855,-0.00014951229095459036,-114,-3648
230,subject_230,1,F0,0.2,none,A3_minus_B4,-0.000937546086728247,-0.005903863906860351,14,448
230,subject_230,1,F0,0.2,20dB,A3_minus_A2,-0.0019836001885451537,0.00673813819885254,-120,-3840
230,subject_230,1,F0,0.2,20dB,A3_minus_B4,-0.002493891465324083,0.00566704273223877,10,320
230,subject_230,1,F0,0.5,none,A3_minus_A2,0.0,0.0,-113,-3616
230,subject_230,1,F0,0.5,none,A3_minus_B4,0.0,0.0,15,480
230,subject_230,1,F0,0.5,20dB,A3_minus_A2,0.0,0.0,-111,-3552
230,subject_230,1,F0,0.5,20dB,A3_minus_B4,0.0,0.0,4,128
230,subject_230,1,F1,0.2,none,A3_minus_A2,-0.0009645951724976953,0.0019775867462158148,-101,-3232
230,subject_230,1,F1,0.2,none,A3_minus_B4,-0.001416243645198989,0.0034912109375000028,-1,-32
230,subject_230,1,F1,0.2,20dB,A3_minus_A2,-0.0007312883780770107,-0.0001430511474609375,-101,-3232
230,subject_230,1,F1,0.2,20dB,A3_minus_B4,0.005949947580440096,-0.003143954277038577,6,192
230,subject_230,1,F1,0.5,none,A3_minus_A2,0.0,0.0,-95,-3040
230,subject_230,1,F1,0.5,none,A3_minus_B4,0.0,0.0,4,128
230,subject_230,1,F1,0.5,20dB,A3_minus_A2,0.0,0.0,-83,-2656
230,subject_230,1,F1,0.5,20dB,A3_minus_B4,0.0,0.0,12,384
230,subject_230,1,F2,0.2,none,A3_minus_A2,-0.0001439578516553297,0.00019903182983399548,-99,-3168
230,subject_230,1,F2,0.2,none,A3_minus_B4,6.262282233748806e-05,-0.0025011301040649414,-6,-192
230,subject_230,1,F2,0.2,20dB,A3_minus_A2,0.0005073905338548457,0.0005781173706054799,-104,-3328
230,subject_230,1,F2,0.2,20dB,A3_minus_B4,0.0014467690844455205,0.001989126205444336,-8,-256
230,subject_230,1,F2,0.5,none,A3_minus_A2,0.0,0.0,-95,-3040
230,subject_230,1,F2,0.5,none,A3_minus_B4,0.0,0.0,-6,-192
230,subject_230,1,F2,0.5,20dB,A3_minus_A2,0.0,0.0,-96,-3072
230,subject_230,1,F2,0.5,20dB,A3_minus_B4,0.0,0.0,10,320
230,subject_230,1,F3,0.2,none,A3_minus_A2,-0.08104576826033849,0.03250041007995605,-95,-3040
230,subject_230,1,F3,0.2,none,A3_minus_B4,0.053566560489169746,-0.01832468509674072,-4,-128
230,subject_230,1,F3,0.2,20dB,A3_minus_A2,-0.036390474236448256,0.02845087051391601,-95,-3040
230,subject_230,1,F3,0.2,20dB,A3_minus_B4,0.04729704643845878,-0.02716169357299804,-2,-64
230,subject_230,1,F3,0.5,none,A3_minus_A2,-0.0317002983885466,0.004795432090759277,-37,-1184
230,subject_230,1,F3,0.5,none,A3_minus_B4,0.014226281641143146,-0.002238106727600095,-5,-160
230,subject_230,1,F3,0.5,20dB,A3_minus_A2,-0.03895909352107019,0.009692835807800296,-54,-1728
230,subject_230,1,F3,0.5,20dB,A3_minus_B4,0.006085361651043897,-0.00018358230590820312,-15,-480
230,subject_230,1,F4,0.2,none,A3_minus_A2,-0.05334900863468306,0.009959387779235829,-32,-1024
230,subject_230,1,F4,0.2,none,A3_minus_B4,0.028463338704995067,-0.0032375335693359264,-11,-352
230,subject_230,1,F4,0.2,20dB,A3_minus_A2,-0.07172539556104951,0.02249163188568526,-41,-1312
230,subject_230,1,F4,0.2,20dB,A3_minus_B4,0.014044013859404458,-0.0024728914297444393,-7,-224
230,subject_230,1,F4,0.5,none,A3_minus_A2,-0.006760598351473135,0.0007806301116943526,-3,-96
230,subject_230,1,F4,0.5,none,A3_minus_B4,-0.0042441264559514025,0.0004685163497925027,-2,-64
230,subject_230,1,F4,0.5,20dB,A3_minus_A2,-0.014723720968865095,0.002075672149658203,-10,-320
230,subject_230,1,F4,0.5,20dB,A3_minus_B4,-0.0007947908453722619,0.00012929439544678845,-4,-128
230,subject_230,1,F5,0.2,none,A3_minus_A2,-0.018735007698808204,0.01017683982849054,-98,-3136
230,subject_230,1,F5,0.2,none,A3_minus_B4,0.03177388974575379,-0.015598478317260245,0,0
230,subject_230,1,F5,0.2,20dB,A3_minus_A2,-0.017146133066166414,0.01769845962524351,-103,-3296
230,subject_230,1,F5,0.2,20dB,A3_minus_B4,0.03489301126340294,-0.023292818069456975,2,64
230,subject_230,1,F5,0.5,none,A3_minus_A2,-0.003403364972356826,0.0013369894027714935,-72,-2304
230,subject_230,1,F5,0.5,none,A3_minus_B4,0.0026652869423351433,-0.0005178833007809178,5,160
230,subject_230,1,F5,0.5,20dB,A3_minus_A2,-0.014187252951245455,0.0017889928817735878,-92,-2944
230,subject_230,1,F5,0.5,20dB,A3_minus_B4,0.015039431067730646,-0.006322212219238746,6,192
230,subject_230,2,F0,0.2,none,A3_minus_A2,-0.0006929114608738018,-0.0015478134155273438,-93,-2976
230,subject_230,2,F0,0.2,none,A3_minus_B4,0.0,0.0,16,512
230,subject_230,2,F0,0.2,20dB,A3_minus_A2,0.0005743134819411466,-0.0026422739028930664,-110,-3520
230,subject_230,2,F0,0.2,20dB,A3_minus_B4,-0.00024429575905315914,0.0035084962844848626,21,672
230,subject_230,2,F0,0.5,none,A3_minus_A2,0.0,0.0,-96,-3072
230,subject_230,2,F0,0.5,none,A3_minus_B4,0.0,0.0,13,416
230,subject_230,2,F0,0.5,20dB,A3_minus_A2,0.0,0.0,-102,-3264
230,subject_230,2,F0,0.5,20dB,A3_minus_B4,0.0,0.0,7,224
230,subject_230,2,F1,0.2,none,A3_minus_A2,0.00016533569749199728,-0.00030760765075682484,-73,-2336
230,subject_230,2,F1,0.2,none,A3_minus_B4,0.0,0.0,17,544
230,subject_230,2,F1,0.2,20dB,A3_minus_A2,-0.0031218122757294964,-0.00043714046478271484,-94,-3008
230,subject_230,2,F1,0.2,20dB,A3_minus_B4,0.002097093430251107,0.0015525341033935658,12,384
230,subject_230,2,F1,0.5,none,A3_minus_A2,0.0,0.0,-73,-2336
230,subject_230,2,F1,0.5,none,A3_minus_B4,0.0,0.0,17,544
230,subject_230,2,F1,0.5,20dB,A3_minus_A2,0.0,0.0,-88,-2816
230,subject_230,2,F1,0.5,20dB,A3_minus_B4,0.0,0.0,16,512
230,subject_230,2,F2,0.2,none,A3_minus_A2,0.000314860770629366,-0.0006151676177978682,-78,-2496
230,subject_230,2,F2,0.2,none,A3_minus_B4,-1.918972792225304e-06,9.822845458973273e-06,-4,-128
230,subject_230,2,F2,0.2,20dB,A3_minus_A2,0.0015825800388356015,-0.00041604042053222656,-91,-2912
230,subject_230,2,F2,0.2,20dB,A3_minus_B4,0.004147762212721062,-0.0026710033416748047,2,64
230,subject_230,2,F2,0.5,none,A3_minus_A2,0.0,0.0,-70,-2240
230,subject_230,2,F2,0.5,none,A3_minus_B4,0.0,0.0,4,128
230,subject_230,2,F2,0.5,20dB,A3_minus_A2,0.0,0.0,-85,-2720
230,subject_230,2,F2,0.5,20dB,A3_minus_B4,0.0,0.0,0,0
230,subject_230,2,F3,0.2,none,A3_minus_A2,-0.04475648392505249,0.020799994468688965,-65,-2080
230,subject_230,2,F3,0.2,none,A3_minus_B4,0.017068720761013623,-0.006070852279663086,-9,-288
230,subject_230,2,F3,0.2,20dB,A3_minus_A2,-0.022025117167348895,0.02005620002746583,-92,-2944
230,subject_230,2,F3,0.2,20dB,A3_minus_B4,0.055448185805389016,-0.030900263786315912,-11,-352
230,subject_230,2,F3,0.5,none,A3_minus_A2,-0.007500851201776015,0.0013543367385864258,-16,-512
230,subject_230,2,F3,0.5,none,A3_minus_B4,0.0026033680323820363,-0.00030734539031981867,-2,-64
230,subject_230,2,F3,0.5,20dB,A3_minus_A2,-0.028863410773240616,0.008826447486877442,-48,-1536
230,subject_230,2,F3,0.5,20dB,A3_minus_B4,0.005894567183975852,0.0013413438796997107,-24,-768
230,subject_230,2,F4,0.2,none,A3_minus_A2,-0.044938081685490516,0.008129757102816493,-20,-640
230,subject_230,2,F4,0.2,none,A3_minus_B4,0.03401898460159103,-0.0021502886926538234,-3,-96
230,subject_230,2,F4,0.2,20dB,A3_minus_A2,-0.007131777037525211,0.0028722071719527176,-12,-384
230,subject_230,2,F4,0.2,20dB,A3_minus_B4,0.004034967732142292,0.0008436570960126955,2,64
230,subject_230,2,F4,0.5,none,A3_minus_A2,-0.005659609675964461,0.0007001876831054521,-3,-96
230,subject_230,2,F4,0.5,none,A3_minus_B4,0.005362564297177741,-0.0005446910858154241,1,32
230,subject_230,2,F4,0.5,20dB,A3_minus_A2,-0.0010126710770794745,0.00014336109161378063,-4,-128
230,subject_230,2,F4,0.5,20dB,A3_minus_B4,0.008709567505675864,-0.0011640548706054743,2,64
230,subject_230,2,F5,0.2,none,A3_minus_A2,-0.008353201408169753,0.002459330558776243,-83,-2656
230,subject_230,2,F5,0.2,none,A3_minus_B4,-0.00012566636735300563,0.0028518056869508285,12,384
230,subject_230,2,F5,0.2,20dB,A3_minus_A2,-0.003046301608225832,0.001271419525145312,-82,-2624
230,subject_230,2,F5,0.2,20dB,A3_minus_B4,0.004215561365345621,-0.006427989006043154,22,704
230,subject_230,2,F5,0.5,none,A3_minus_A2,-0.028282067814053846,0.004644055366515694,-52,-1664
230,subject_230,2,F5,0.5,none,A3_minus_B4,-0.004363245351115097,0.0012704706192016302,-9,-288
230,subject_230,2,F5,0.5,20dB,A3_minus_A2,-0.033684410834911915,0.00541107177734404,-41,-1312
230,subject_230,2,F5,0.5,20dB,A3_minus_B4,0.021273179609142545,-0.0028078842163072187,7,224
231,subject_231,0,F0,0.2,none,A3_minus_A2,-0.0026713700222416037,-0.0005833387374877923,-118,-3776
231,subject_231,0,F0,0.2,none,A3_minus_B4,-0.0018689175911426048,-0.0031863927841186516,6,192
231,subject_231,0,F0,0.2,20dB,A3_minus_A2,0.00040885091423703557,0.007802724838256834,-126,-4032
231,subject_231,0,F0,0.2,20dB,A3_minus_B4,0.00013316826020037809,0.008248090744018553,7,224
231,subject_231,0,F0,0.5,none,A3_minus_A2,-0.0023832030628412326,0.0003334999084472663,-113,-3616
231,subject_231,0,F0,0.5,none,A3_minus_B4,-0.005044725169753406,0.003416800498962403,11,352
231,subject_231,0,F0,0.5,20dB,A3_minus_A2,-0.0009531252129360013,0.00011718273162841797,-130,-4160
231,subject_231,0,F0,0.5,20dB,A3_minus_B4,-0.0009787293435667976,-0.0020792484283447266,2,64
231,subject_231,0,F1,0.2,none,A3_minus_A2,-0.05811803529099535,0.005482149124145505,-97,-3104
231,subject_231,0,F1,0.2,none,A3_minus_B4,0.050690328146249186,-0.003618526458740237,15,480
231,subject_231,0,F1,0.2,20dB,A3_minus_A2,-0.0008695111770578023,-0.0020652770996093667,-86,-2752
231,subject_231,0,F1,0.2,20dB,A3_minus_B4,-0.00228779594904438,-0.002128505706787104,14,448
231,subject_231,0,F1,0.5,none,A3_minus_A2,0.0006657084419146031,-0.001542854309082034,-95,-3040
231,subject_231,0,F1,0.5,none,A3_minus_B4,0.0,0.0,14,448
231,subject_231,0,F1,0.5,20dB,A3_minus_A2,-0.00010389967345147966,-0.0001385688781738309,-95,-3040
231,subject_231,0,F1,0.5,20dB,A3_minus_B4,0.016091730614823163,-0.0012517690658569447,14,448
231,subject_231,0,F2,0.2,none,A3_minus_A2,0.0018856019317858852,-0.00011296272277833141,-97,-3104
231,subject_231,0,F2,0.2,none,A3_minus_B4,0.010417283376552788,0.001127004623413086,13,416
231,subject_231,0,F2,0.2,20dB,A3_minus_A2,0.0020402314288610057,-0.003830051422119146,-108,-3456
231,subject_231,0,F2,0.2,20dB,A3_minus_B4,0.0024220238175693964,-0.0027048587799072266,10,320
231,subject_231,0,F2,0.5,none,A3_minus_A2,4.3636710939765067e-05,0.0005015373229980691,-91,-2912
231,subject_231,0,F2,0.5,none,A3_minus_B4,0.00809267009465664,0.0006260633468627985,18,576
231,subject_231,0,F2,0.5,20dB,A3_minus_A2,-0.0010378440300815583,0.0022021770477294866,-102,-3264
231,subject_231,0,F2,0.5,20dB,A3_minus_B4,-0.0014118134092129253,0.0036376953124999944,8,256
231,subject_231,0,F3,0.2,none,A3_minus_A2,-0.02902001267421994,0.018877792358398426,-78,-2496
231,subject_231,0,F3,0.2,none,A3_minus_B4,0.03536300153384886,-0.017007374763488778,-12,-384
231,subject_231,0,F3,0.2,20dB,A3_minus_A2,-0.024768969752994252,0.026203754712311622,-100,-3200
231,subject_231,0,F3,0.2,20dB,A3_minus_B4,0.057627838109926444,-0.039823329953993125,5,160
231,subject_231,0,F3,0.5,none,A3_minus_A2,-0.007190831797210251,0.0015271902084350586,-18,-576
231,subject_231,0,F3,0.5,none,A3_minus_B4,0.020731550427349532,-0.0036368370056152344,3,96
231,subject_231,0,F3,0.5,20dB,A3_minus_A2,-0.04574622475708168,0.012371659278869629,-59,-1888
231,subject_231,0,F3,0.5,20dB,A3_minus_B4,0.007866091912694273,-0.0025873661041259655,-13,-416
231,subject_231,0,F4,0.2,none,A3_minus_A2,-0.01131989462799865,0.0036423969268798706,-15,-480
231,subject_231,0,F4,0.2,none,A3_minus_B4,-0.007780007591552618,0.002680473327636712,-11,-352
231,subject_231,0,F4,0.2,20dB,A3_minus_A2,-0.027185456484597026,0.012537390819729044,-30,-960
231,subject_231,0,F4,0.2,20dB,A3_minus_B4,0.0010174007668730667,0.002315662883033115,-1,-32
231,subject_231,0,F4,0.5,none,A3_minus_A2,0.0,0.0,0,0
231,subject_231,0,F4,0.5,none,A3_minus_B4,0.0,0.0,0,0
231,subject_231,0,F4,0.5,20dB,A3_minus_A2,9.885312213242514e-06,-3.0994415283203125e-06,-2,-64
231,subject_231,0,F4,0.5,20dB,A3_minus_B4,9.885312213242514e-06,-3.0994415283203125e-06,-2,-64
231,subject_231,0,F5,0.2,none,A3_minus_A2,-0.004772141168331245,0.00743943691253772,-104,-3328
231,subject_231,0,F5,0.2,none,A3_minus_B4,0.0026698605463870706,-0.014351158142089745,3,96
231,subject_231,0,F5,0.2,20dB,A3_minus_A2,-0.012780657563034481,0.012007880210878057,-110,-3520
231,subject_231,0,F5,0.2,20dB,A3_minus_B4,0.008088587536612124,-0.003409290313717145,12,384
231,subject_231,0,F5,0.5,none,A3_minus_A2,-0.007639441738970021,0.0005999374389640266,-35,-1120
231,subject_231,0,F5,0.5,none,A3_minus_B4,-0.004275543634427947,0.0011464643478381817,6,192
231,subject_231,0,F5,0.5,20dB,A3_minus_A2,-0.014810224718308618,0.005326485633850096,-62,-1984
231,subject_231,0,F5,0.5,20dB,A3_minus_B4,-0.007192164101377685,0.0013420343399044299,5,160
231,subject_231,1,F0,0.2,none,A3_minus_A2,1.3678037635855844e-05,8.540153503418073e-05,-85,-2720
231,subject_231,1,F0,0.2,none,A3_minus_B4,-0.0006274705874957931,0.00311269760131836,-7,-224
231,subject_231,1,F0,0.2,20dB,A3_minus_A2,-0.00017888451742464895,-0.00034720897674560443,-92,-2944
231,subject_231,1,F0,0.2,20dB,A3_minus_B4,-0.0006086545360979301,0.0017987251281738285,-6,-192
231,subject_231,1,F0,0.5,none,A3_minus_A2,0.00011917199789834854,0.00019474029541015608,-81,-2592
231,subject_231,1,F0,0.5,none,A3_minus_B4,0.00011917199789834854,0.00019474029541015608,6,192
231,subject_231,1,F0,0.5,20dB,A3_minus_A2,6.442806933293355e-05,0.0004808664321899409,-99,-3168
231,subject_231,1,F0,0.5,20dB,A3_minus_B4,-0.0004922871556161112,0.0014061212539672845,2,64
231,subject_231,1,F1,0.2,none,A3_minus_A2,0.00019083466573732721,-0.0013083219528198242,-66,-2112
231,subject_231,1,F1,0.2,none,A3_minus_B4,-9.507367370886755e-05,-0.00038113594055175226,-2,-64
231,subject_231,1,F1,0.2,20dB,A3_minus_A2,0.00011835905167245642,0.004720425605773931,-99,-3168
231,subject_231,1,F1,0.2,20dB,A3_minus_B4,-0.0004258011513833537,0.0064282178878784235,-18,-576
231,subject_231,1,F1,0.5,none,A3_minus_A2,0.0,0.0,-67,-2144
231,subject_231,1,F1,0.5,none,A3_minus_B4,0.0,0.0,5,160
231,subject_231,1,F1,0.5,20dB,A3_minus_A2,-2.0653103760537306e-07,4.768371582308806e-08,-89,-2848
231,subject_231,1,F1,0.5,20dB,A3_minus_B4,-2.0653103760537306e-07,4.768371582308806e-08,2,64
231,subject_231,1,F2,0.2,none,A3_minus_A2,-6.86542721766159e-05,-0.00015037059783937212,-73,-2336
231,subject_231,1,F2,0.2,none,A3_minus_B4,-0.00010256085082538391,-0.0003504991531372015,0,0
231,subject_231,1,F2,0.2,20dB,A3_minus_A2,0.0005719951268279289,0.0003682374954223633,-79,-2528
231,subject_231,1,F2,0.2,20dB,A3_minus_B4,0.0009525543111355006,-0.001327085494995106,-6,-192
231,subject_231,1,F2,0.5,none,A3_minus_A2,-1.01345148273424e-06,4.863739013671875e-05,-70,-2240
231,subject_231,1,F2,0.5,none,A3_minus_B4,-8.109376334886065e-07,4.837512969968483e-05,3,96
231,subject_231,1,F2,0.5,20dB,A3_minus_A2,0.0,0.0,-72,-2304
231,subject_231,1,F2,0.5,20dB,A3_minus_B4,0.0,0.0,0,0
231,subject_231,1,F3,0.2,none,A3_minus_A2,-0.0215261765179946,0.019168895306200126,-79,-2528
231,subject_231,1,F3,0.2,none,A3_minus_B4,0.038090207672542675,-0.012442078023180203,-28,-896
231,subject_231,1,F3,0.2,20dB,A3_minus_A2,-0.005987445474300301,0.008876943588256844,-62,-1984
231,subject_231,1,F3,0.2,20dB,A3_minus_B4,0.012798222684093474,-0.010799264907836906,-18,-576
231,subject_231,1,F3,0.5,none,A3_minus_A2,-0.017229834560435364,0.004177141189575198,-23,-736
231,subject_231,1,F3,0.5,none,A3_minus_B4,-0.013980697986529123,0.0033860445022582952,-8,-256
231,subject_231,1,F3,0.5,20dB,A3_minus_A2,-0.019361438761388072,0.00645291805267334,-47,-1504
231,subject_231,1,F3,0.5,20dB,A3_minus_B4,-0.0025875037761018405,0.0021190643310546875,-20,-640
231,subject_231,1,F4,0.2,none,A3_minus_A2,-0.015934737796364118,0.0047342777252197266,-15,-480
231,subject_231,1,F4,0.2,none,A3_minus_B4,0.07063770083848553,-0.011398634388550488,10,320
231,subject_231,1,F4,0.2,20dB,A3_minus_A2,-0.05036399217677889,0.02350054905978971,-53,-1696
231,subject_231,1,F4,0.2,20dB,A3_minus_B4,-0.031135673350094706,0.017487203341405938,-39,-1248
231,subject_231,1,F4,0.5,none,A3_minus_A2,-0.0017729625938756044,0.00030989646911622204,-2,-64
231,subject_231,1,F4,0.5,none,A3_minus_B4,-0.0017729625938756044,0.00030989646911622204,-2,-64
231,subject_231,1,F4,0.5,20dB,A3_minus_A2,-0.00827267228901718,0.0014877319335937222,-10,-320
231,subject_231,1,F4,0.5,20dB,A3_minus_B4,0.012401485056670936,-0.0010899782180786022,-5,-160
231,subject_231,1,F5,0.2,none,A3_minus_A2,-0.00418966026959211,0.004085006713866163,-60,-1920
231,subject_231,1,F5,0.2,none,A3_minus_B4,0.01493985599894998,-0.0114688920974741,-8,-256
231,subject_231,1,F5,0.2,20dB,A3_minus_A2,-0.004204570300867516,0.008661694526670337,-96,-3072
231,subject_231,1,F5,0.2,20dB,A3_minus_B4,-0.0010384948324304588,0.002521615028385861,6,192
231,subject_231,1,F5,0.5,none,A3_minus_A2,-0.004617396795129736,0.001634755134582909,-48,-1536
231,subject_231,1,F5,0.5,none,A3_minus_B4,0.00258136548525556,-0.0002445411682122853,-30,-960
231,subject_231,1,F5,0.5,20dB,A3_minus_A2,-0.009799576048317604,0.0012140607833867265,-64,-2048
231,subject_231,1,F5,0.5,20dB,A3_minus_B4,0.02566091624479583,-0.007820825576780335,-16,-512
231,subject_231,2,F0,0.2,none,A3_minus_A2,0.0001199140931511522,-1.6927719116224815e-06,-110,-3520
231,subject_231,2,F0,0.2,none,A3_minus_B4,-0.0010666391499150052,0.0017595052719116197,12,384
231,subject_231,2,F0,0.2,20dB,A3_minus_A2,0.0002294648640273067,-0.0024907588958740243,-108,-3456
231,subject_231,2,F0,0.2,20dB,A3_minus_B4,-0.00037553353270425305,0.0009054183959960934,9,288
231,subject_231,2,F0,0.5,none,A3_minus_A2,0.0009072853270133407,-0.0016994476318359375,-109,-3488
231,subject_231,2,F0,0.5,none,A3_minus_B4,-0.0006624919672333363,0.0013768434524536128,13,416
231,subject_231,2,F0,0.5,20dB,A3_minus_A2,6.650707296707026e-05,-0.00029296875000000026,-121,-3872
231,subject_231,2,F0,0.5,20dB,A3_minus_B4,0.0,0.0,11,352
231,subject_231,2,F1,0.2,none,A3_minus_A2,0.0010217752357384313,0.0010886192321777344,-95,-3040
231,subject_231,2,F1,0.2,none,A3_minus_B4,0.0011465170984408246,0.0016610383987426675,14,448
231,subject_231,2,F1,0.2,20dB,A3_minus_A2,-0.002389272181895663,-0.004821872711181632,-99,-3168
231,subject_231,2,F1,0.2,20dB,A3_minus_B4,-0.004663146241183469,0.0016177892684936523,15,480
231,subject_231,2,F1,0.5,none,A3_minus_A2,0.004690401609853012,0.0006859540939331138,-92,-2944
231,subject_231,2,F1,0.5,none,A3_minus_B4,0.0036285506877575813,0.003110909461975106,12,384
231,subject_231,2,F1,0.5,20dB,A3_minus_A2,0.0006530463540386222,-0.0017525196075439398,-105,-3360
231,subject_231,2,F1,0.5,20dB,A3_minus_B4,0.0006110861209176477,-0.0020987510681152316,7,224
231,subject_231,2,F2,0.2,none,A3_minus_A2,-0.0006034912195467257,-0.0027704238891601562,-95,-3040
231,subject_231,2,F2,0.2,none,A3_minus_B4,-0.0005476400899251388,-0.0023065805435180664,17,544
231,subject_231,2,F2,0.2,20dB,A3_minus_A2,-0.0002563055182456253,-0.003066706657409657,-104,-3328
231,subject_231,2,F2,0.2,20dB,A3_minus_B4,0.003181196941143938,-0.003179621696472179,9,288
231,subject_231,2,F2,0.5,none,A3_minus_A2,1.0557374045205847e-05,0.00020496845245362993,-92,-2944
231,subject_231,2,F2,0.5,none,A3_minus_B4,-0.00024169961556275155,0.0014061212539673018,18,576
231,subject_231,2,F2,0.5,20dB,A3_minus_A2,-6.231522555388835e-05,0.00020854473114015337,-100,-3200
231,subject_231,2,F2,0.5,20dB,A3_minus_B4,-0.00012648597876996348,-0.00210416316986084,12,384
231,subject_231,2,F3,0.2,none,A3_minus_A2,-0.02143358443565546,0.01344373226165771,-86,-2752
231,subject_231,2,F3,0.2,none,A3_minus_B4,0.06515467402251574,-0.029165792465209964,1,32
231,subject_231,2,F3,0.2,20dB,A3_minus_A2,-0.04209884818535059,0.03980608997736042,-107,-3424
231,subject_231,2,F3,0.2,20dB,A3_minus_B4,0.06660309950209431,-0.037335795698851065,8,256
231,subject_231,2,F3,0.5,none,A3_minus_A2,-0.009463509560461603,0.0022623538970947266,-30,-960
231,subject_231,2,F3,0.5,none,A3_minus_B4,0.026067800884504777,-0.004348468780517589,5,160
231,subject_231,2,F3,0.5,20dB,A3_minus_A2,-0.02453310141532583,0.00869185924530029,-57,-1824
231,subject_231,2,F3,0.5,20dB,A3_minus_B4,-0.002095676316949735,0.0018884658813476535,-21,-672
231,subject_231,2,F4,0.2,none,A3_minus_A2,-0.056065170931628217,0.01642985799863994,-40,-1280
231,subject_231,2,F4,0.2,none,A3_minus_B4,0.03323689702738264,-0.006538335707389847,5,160
231,subject_231,2,F4,0.2,20dB,A3_minus_A2,-0.04820019820261123,0.017804547320874026,-49,-1568
231,subject_231,2,F4,0.2,20dB,A3_minus_B4,-0.014584784078842006,0.0067651391561005525,9,288
231,subject_231,2,F4,0.5,none,A3_minus_A2,-0.004452383746670563,0.0005751609802246149,-4,-128
231,subject_231,2,F4,0.5,none,A3_minus_B4,-0.004452383746670563,0.0005751609802246149,-4,-128
231,subject_231,2,F4,0.5,20dB,A3_minus_A2,-0.004016690463808814,0.0007000923156738337,-3,-96
231,subject_231,2,F4,0.5,20dB,A3_minus_B4,-0.004016690463808814,0.0007000923156738337,-3,-96
231,subject_231,2,F5,0.2,none,A3_minus_A2,-0.007222029592927726,0.005898470878601528,-85,-2720
231,subject_231,2,F5,0.2,none,A3_minus_B4,-0.0007887588887527386,-0.003823270797727596,9,288
231,subject_231,2,F5,0.2,20dB,A3_minus_A2,-0.022486770391008548,0.022117929458616986,-108,-3456
231,subject_231,2,F5,0.2,20dB,A3_minus_B4,0.027117321835177677,-0.023164629936218095,10,320
231,subject_231,2,F5,0.5,none,A3_minus_A2,-0.008499566959002891,0.002065238952636314,-38,-1216
231,subject_231,2,F5,0.5,none,A3_minus_B4,0.014446819703291425,-0.0006396102905261852,-5,-160
231,subject_231,2,F5,0.5,20dB,A3_minus_A2,-0.013196549359964393,0.0038291788101185303,-75,-2400
231,subject_231,2,F5,0.5,20dB,A3_minus_B4,0.02475770505634145,-0.003229446411132743,9,288
232,subject_232,0,F0,0.2,none,A3_minus_A2,0.004192893613659265,-0.0011880636215209975,-81,-2592
232,subject_232,0,F0,0.2,none,A3_minus_B4,-0.002758735037673432,0.00284147262573242,40,1280
232,subject_232,0,F0,0.2,20dB,A3_minus_A2,-0.0015939722439100024,-0.004354381561279298,-109,-3488
232,subject_232,0,F0,0.2,20dB,A3_minus_B4,-0.0019030444842762506,0.0014795780181884755,10,320
232,subject_232,0,F0,0.5,none,A3_minus_A2,0.000844024095009388,0.0004977941513061527,-84,-2688
232,subject_232,0,F0,0.5,none,A3_minus_B4,0.0018546039707096895,0.00031950473785400356,23,736
232,subject_232,0,F0,0.5,20dB,A3_minus_A2,0.0004330230655593681,0.00018506050109863299,-95,-3040
232,subject_232,0,F0,0.5,20dB,A3_minus_B4,-0.002040500440109838,0.0023188352584838866,21,672
232,subject_232,0,F1,0.2,none,A3_minus_A2,-0.015046367935525495,-0.0012961149215698214,-68,-2176
232,subject_232,0,F1,0.2,none,A3_minus_B4,-0.04897561162257702,0.002650141716003418,-1,-32
232,subject_232,0,F1,0.2,20dB,A3_minus_A2,-0.02686601369893893,0.006243491172790522,-108,-3456
232,subject_232,0,F1,0.2,20dB,A3_minus_B4,0.030024732456997327,-0.000501823425292966,7,224
232,subject_232,0,F1,0.5,none,A3_minus_A2,-0.0007203735420517887,0.0012739419937133761,-63,-2016
232,subject_232,0,F1,0.5,none,A3_minus_B4,0.001226511852765455,-0.000715875625610346,3,96
232,subject_232,0,F1,0.5,20dB,A3_minus_A2,0.003458114085185926,0.0005967140197753878,-94,-3008
232,subject_232,0,F1,0.5,20dB,A3_minus_B4,0.003127006862177595,0.0006625652313232422,17,544
232,subject_232,0,F2,0.2,none,A3_minus_A2,-0.023297748443328103,0.0014545679092407005,-71,-2272
232,subject_232,0,F2,0.2,none,A3_minus_B4,-0.024125490430222385,0.002550435066223128,3,96
232,subject_232,0,F2,0.2,20dB,A3_minus_A2,-0.02609573776164531,0.004909038543701172,-106,-3392
232,subject_232,0,F2,0.2,20dB,A3_minus_B4,0.0016158313740177732,0.003253388404846208,-1,-32
232,subject_232,0,F2,0.5,none,A3_minus_A2,-0.010144247885977009,0.0005866527557372991,-66,-2112
232,subject_232,0,F2,0.5,none,A3_minus_B4,-0.01014711594808837,0.0005714893341064453,8,256
232,subject_232,0,F2,0.5,20dB,A3_minus_A2,-0.006810326935443811,-0.0004559755325317383,-82,-2624
232,subject_232,0,F2,0.5,20dB,A3_minus_B4,-0.008610633385988109,0.0007689237594604714,13,416
232,subject_232,0,F3,0.2,none,A3_minus_A2,-0.030568126424672215,0.013230085372924805,-65,-2080
232,subject_232,0,F3,0.2,none,A3_minus_B4,0.040235419042275566,-0.014304089546203616,-6,-192
232,subject_232,0,F3,0.2,20dB,A3_minus_A2,-0.018051033658583293,0.01941084575525899,-87,-2784
232,subject_232,0,F3,0.2,20dB,A3_minus_B4,0.01373977738387211,-0.006457638740539548,-21,-672
232,subject_232,0,F3,0.5,none,A3_minus_A2,-0.04089851007191925,0.007108998298645017,-47,-1504
232,subject_232,0,F3,0.5,none,A3_minus_B4,0.05291999691863225,-0.006258249282836914,-5,-160
232,subject_232,0,F3,0.5,20dB,A3_minus_A2,-0.024421016653356276,0.0076291561126708984,-50,-1600
232,subject_232,0,F3,0.5,20dB,A3_minus_B4,0.022693925386754188,-0.003888845443725586,-3,-96
232,subject_232,0,F4,0.2,none,A3_minus_A2,-0.1504644638571193,0.020660021988735927,-37,-1184
232,subject_232,0,F4,0.2,none,A3_minus_B4,0.05027871234275594,-0.00786604534533314,4,128
232,subject_232,0,F4,0.2,20dB,A3_minus_A2,-0.040399406193444065,0.012794704638342369,-41,-1312
232,subject_232,0,F4,0.2,20dB,A3_minus_B4,-0.002574690003058322,0.0025774594626124525,13,416
232,subject_232,0,F4,0.5,none,A3_minus_A2,0.0,0.0,0,0
232,subject_232,0,F4,0.5,none,A3_minus_B4,0.0,0.0,0,0
232,subject_232,0,F4,0.5,20dB,A3_minus_A2,-0.013806158704365856,0.0014544486999511774,-3,-96
232,subject_232,0,F4,0.5,20dB,A3_minus_B4,-0.012387938137283783,0.0011444807052612416,-1,-32
232,subject_232,0,F5,0.2,none,A3_minus_A2,-0.019096683914643364,0.013212857246397813,-67,-2144
232,subject_232,0,F5,0.2,none,A3_minus_B4,-0.09657645501082968,-0.001210746765136883,27,864
232,subject_232,0,F5,0.2,20dB,A3_minus_A2,-0.01928619157978062,0.01193595409393336,-109,-3488
232,subject_232,0,F5,0.2,20dB,A3_minus_B4,0.0011809475627337918,-0.0004191827774048945,11,352
232,subject_232,0,F5,0.5,none,A3_minus_A2,-0.015950363621588082,0.003044734001159455,-36,-1152
232,subject_232,0,F5,0.5,none,A3_minus_B4,0.01907412300281308,-0.0034330463409425332,-1,-32
232,subject_232,0,F5,0.5,20dB,A3_minus_A2,-0.011252878051138282,0.003441982269287533,-88,-2816
232,subject_232,0,F5,0.5,20dB,A3_minus_B4,-0.00490776024534334,-0.002943525314330668,8,256
232,subject_232,1,F0,0.2,none,A3_minus_A2,0.0007550160336400324,-0.0035961151123046885,-92,-2944
232,subject_232,1,F0,0.2,none,A3_minus_B4,0.00481683522900056,-0.0025416135787963857,23,736
232,subject_232,1,F0,0.2,20dB,A3_minus_A2,-0.000345797014752236,-0.0006725072860717784,-98,-3136
232,subject_232,1,F0,0.2,20dB,A3_minus_B4,-0.0002595043709980871,0.0009270191192626946,21,672
232,subject_232,1,F0,0.5,none,A3_minus_A2,0.0005643616677595276,-0.0007569074630737306,-97,-3104
232,subject_232,1,F0,0.5,none,A3_minus_B4,0.001051839659876208,0.0014061212539672853,18,576
232,subject_232,1,F0,0.5,20dB,A3_minus_A2,-0.005044260166156889,0.0026396036148071296,-103,-3296
232,subject_232,1,F0,0.5,20dB,A3_minus_B4,-0.0012062741810012767,0.0025632619857788082,10,320
232,subject_232,1,F1,0.2,none,A3_minus_A2,0.0045498702979678285,-0.0007624864578247015,-72,-2304
232,subject_232,1,F1,0.2,none,A3_minus_B4,-0.00040058209725657434,-0.00021085739135741355,20,640
232,subject_232,1,F1,0.2,20dB,A3_minus_A2,-0.0008395983937852236,-0.00032956600189208707,-81,-2592
232,subject_232,1,F1,0.2,20dB,A3_minus_B4,-0.0005777485655862336,-0.0021985769271850586,19,608
232,subject_232,1,F1,0.5,none,A3_minus_A2,-0.0011467907477165085,-0.00023190975189209262,-62,-1984
232,subject_232,1,F1,0.5,none,A3_minus_B4,-0.001425189981043573,0.001953077316284177,31,992
232,subject_232,1,F1,0.5,20dB,A3_minus_A2,8.34906198363683e-05,0.00014529228210449774,-76,-2432
232,subject_232,1,F1,0.5,20dB,A3_minus_B4,8.34906198363683e-05,0.00014529228210449774,8,256
232,subject_232,1,F2,0.2,none,A3_minus_A2,4.207068425188254e-06,-0.00028178691864014227,-60,-1920
232,subject_232,1,F2,0.2,none,A3_minus_B4,-9.029007239647058e-05,0.0013845443725585826,17,544
232,subject_232,1,F2,0.2,20dB,A3_minus_A2,0.0010289576300337444,-0.007030057907104509,-94,-3008
232,subject_232,1,F2,0.2,20dB,A3_minus_B4,0.0005649463361958595,-0.003580665588378912,-1,-32
232,subject_232,1,F2,0.5,none,A3_minus_A2,-0.00042661773345997744,0.0006774902343749944,-62,-1984
232,subject_232,1,F2,0.5,none,A3_minus_B4,-0.000715639211991359,0.002289295196533203,16,512
232,subject_232,1,F2,0.5,20dB,A3_minus_A2,-4.1851711786833334e-05,-0.00013253688812256414,-71,-2272
232,subject_232,1,F2,0.5,20dB,A3_minus_B4,0.001003653259605386,-0.0017157316207885853,17,544
232,subject_232,1,F3,0.2,none,A3_minus_A2,-0.02466859096315943,0.012344724112579197,-60,-1920
232,subject_232,1,F3,0.2,none,A3_minus_B4,0.031131971197460473,-0.010200804299286034,-8,-256
232,subject_232,1,F3,0.2,20dB,A3_minus_A2,-0.013112689103941477,0.02147190570831299,-82,-2624
232,subject_232,1,F3,0.2,20dB,A3_minus_B4,0.04567179458377524,-0.023173880577087386,-1,-32
232,subject_232,1,F3,0.5,none,A3_minus_A2,-0.0237447043996859,0.004321455955505371,-30,-960
232,subject_232,1,F3,0.5,none,A3_minus_B4,-0.02357777915258552,0.004242062568664551,-29,-928
232,subject_232,1,F3,0.5,20dB,A3_minus_A2,-0.03005330930300154,0.007626938819885257,-38,-1216
232,subject_232,1,F3,0.5,20dB,A3_minus_B4,-0.022370774582917363,0.005621552467346191,-16,-512
232,subject_232,1,F4,0.2,none,A3_minus_A2,-0.08585149514030732,0.01719515323638915,-25,-800
232,subject_232,1,F4,0.2,none,A3_minus_B4,0.0792063133036649,-0.008511328697204584,-5,-160
232,subject_232,1,F4,0.2,20dB,A3_minus_A2,-0.07238602542704697,0.023576934914803394,-34,-1088
232,subject_232,1,F4,0.2,20dB,A3_minus_B4,0.01951926727733877,-0.003166105521322682,-4,-128
232,subject_232,1,F4,0.5,none,A3_minus_A2,0.0,0.0,0,0
232,subject_232,1,F4,0.5,none,A3_minus_B4,0.0,0.0,0,0
232,subject_232,1,F4,0.5,20dB,A3_minus_A2,-0.007023249998653114,0.00044581890106201727,-8,-256
232,subject_232,1,F4,0.5,20dB,A3_minus_B4,0.0015959032072156987,-0.0008134603500366266,-3,-96
232,subject_232,1,F5,0.2,none,A3_minus_A2,-0.021823756066694955,0.008317704200744923,-80,-2560
232,subject_232,1,F5,0.2,none,A3_minus_B4,0.027497696448545383,-0.009133148193360419,-3,-96
232,subject_232,1,F5,0.2,20dB,A3_minus_A2,-0.014825263366255115,0.010674352645873061,-84,-2688
232,subject_232,1,F5,0.2,20dB,A3_minus_B4,-0.002523924092230345,-0.0025202941894525294,33,1056
232,subject_232,1,F5,0.5,none,A3_minus_A2,0.005044590997250964,-0.0005775213241577121,-33,-1056
232,subject_232,1,F5,0.5,none,A3_minus_B4,0.035235933640727524,-0.006985874176026377,3,96
232,subject_232,1,F5,0.5,20dB,A3_minus_A2,-0.007928693217396088,0.0017143487930308537,-59,-1888
232,subject_232,1,F5,0.5,20dB,A3_minus_B4,0.010373901879779268,-0.004091281890867465,15,480
232,subject_232,2,F0,0.2,none,A3_minus_A2,-0.007558227794589811,-0.0009418010711669915,-91,-2912
232,subject_232,2,F0,0.2,none,A3_minus_B4,-0.010476934636713509,-0.002048301696777343,15,480
232,subject_232,2,F0,0.2,20dB,A3_minus_A2,-0.0015482213729463012,-0.005423212051391603,-108,-3456
232,subject_232,2,F0,0.2,20dB,A3_minus_B4,-0.002958021954743373,-0.0032620191574096683,9,288
232,subject_232,2,F0,0.5,none,A3_minus_A2,0.0014504327499338387,-0.0009374618530273438,-92,-2944
232,subject_232,2,F0,0.5,none,A3_minus_B4,0.0,0.0,14,448
232,subject_232,2,F0,0.5,20dB,A3_minus_A2,0.000888900913651014,-0.0006158828735351564,-94,-3008
232,subject_232,2,F0,0.5,20dB,A3_minus_B4,-0.001893865472805345,-0.0028145313262939453,15,480
232,subject_232,2,F1,0.2,none,A3_minus_A2,0.007345115079445463,0.003151965141296384,-76,-2432
232,subject_232,2,F1,0.2,none,A3_minus_B4,0.005973919702377373,0.0052102088928222545,9,288
232,subject_232,2,F1,0.2,20dB,A3_minus_A2,0.00736774642484761,-0.0026221036911010798,-84,-2688
232,subject_232,2,F1,0.2,20dB,A3_minus_B4,-0.00046343052856023803,0.0020824193954467746,9,288
232,subject_232,2,F1,0.5,none,A3_minus_A2,3.971661880974864e-05,5.245208740262131e-07,-69,-2208
232,subject_232,2,F1,0.5,none,A3_minus_B4,-0.0007581687024025285,0.0009265899658203042,16,512
232,subject_232,2,F1,0.5,20dB,A3_minus_A2,-0.0002084287966397369,0.002136135101318354,-87,-2784
232,subject_232,2,F1,0.5,20dB,A3_minus_B4,-0.0020368394722236616,0.004567694664001462,15,480
232,subject_232,2,F2,0.2,none,A3_minus_A2,-0.0003668561203049592,-0.0014086246490478405,-84,-2688
232,subject_232,2,F2,0.2,none,A3_minus_B4,0.0032080107703329475,-0.000594878196716303,15,480
232,subject_232,2,F2,0.2,20dB,A3_minus_A2,0.002247051060205507,-0.004524731636047358,-97,-3104
232,subject_232,2,F2,0.2,20dB,A3_minus_B4,0.00026976374909182255,-0.003497433662414534,14,448
232,subject_232,2,F2,0.5,none,A3_minus_A2,5.97039135801225e-05,-0.0006240844726562722,-78,-2496
232,subject_232,2,F2,0.5,none,A3_minus_B4,0.0029930202373318338,-0.0032519578933715987,19,608
232,subject_232,2,F2,0.5,20dB,A3_minus_A2,1.7673051011968255e-05,-0.000937128067016596,-99,-3168
232,subject_232,2,F2,0.5,20dB,A3_minus_B4,1.7681215780385173e-07,-5.245208740123353e-07,13,416
232,subject_232,2,F3,0.2,none,A3_minus_A2,-0.025640531412769008,0.017778969595086125,-71,-2272
232,subject_232,2,F3,0.2,none,A3_minus_B4,0.10899526514425872,-0.03612403869628905,4,128
232,subject_232,2,F3,0.2,20dB,A3_minus_A2,-0.03917998310250326,0.035229190889369016,-83,-2656
232,subject_232,2,F3,0.2,20dB,A3_minus_B4,0.034008471891617376,-0.026930975914001454,-1,-32
232,subject_232,2,F3,0.5,none,A3_minus_A2,-0.03029853621107037,0.005551695823669434,-24,-768
232,subject_232,2,F3,0.5,none,A3_minus_B4,0.10038815359485653,-0.011139130592346197,7,224
232,subject_232,2,F3,0.5,20dB,A3_minus_A2,-0.05375243986350853,0.011864376068115232,-43,-1376
232,subject_232,2,F3,0.5,20dB,A3_minus_B4,0.05145478568175221,-0.008766317367553705,-2,-64
232,subject_232,2,F4,0.2,none,A3_minus_A2,-0.10722572505630978,0.021578292610123895,-36,-1152
232,subject_232,2,F4,0.2,none,A3_minus_B4,0.0010021564774618241,0.004579940509766456,-9,-288
232,subject_232,2,F4,0.2,20dB,A3_minus_A2,-0.040808192747944005,0.013962713332548893,-42,-1344
232,subject_232,2,F4,0.2,20dB,A3_minus_B4,-0.0038293372700000106,-0.0018702034571649317,4,128
232,subject_232,2,F4,0.5,none,A3_minus_A2,0.0,0.0,0,0
232,subject_232,2,F4,0.5,none,A3_minus_B4,0.0,0.0,0,0
232,subject_232,2,F4,0.5,20dB,A3_minus_A2,0.0,0.0,0,0
232,subject_232,2,F4,0.5,20dB,A3_minus_B4,0.0,0.0,0,0
232,subject_232,2,F5,0.2,none,A3_minus_A2,-0.005473006505170019,0.009606699943542553,-81,-2592
232,subject_232,2,F5,0.2,none,A3_minus_B4,0.011122322312655086,-0.0027040529251065454,2,64
232,subject_232,2,F5,0.2,20dB,A3_minus_A2,-0.03222157740565024,0.01728479385376342,-99,-3168
232,subject_232,2,F5,0.2,20dB,A3_minus_B4,-0.002766327862808282,0.00046749114990748963,12,384
232,subject_232,2,F5,0.5,none,A3_minus_A2,-0.0014028046713470133,0.003171744346618509,-52,-1664
232,subject_232,2,F5,0.5,none,A3_minus_B4,0.021444888241468618,-0.001179175376892161,-9,-288
232,subject_232,2,F5,0.5,20dB,A3_minus_A2,-0.028537492988256474,0.009494390487670937,-70,-2240
232,subject_232,2,F5,0.5,20dB,A3_minus_B4,-0.008735759319920433,0.0069542837142956004,-10,-320
233,subject_233,0,F0,0.2,none,A3_minus_A2,-3.8710842886757746e-07,4.768371582026913e-08,-114,-3648
233,subject_233,0,F0,0.2,none,A3_minus_B4,-5.429329945627615e-07,-1.0013580322266276e-06,14,448
233,subject_233,0,F0,0.2,20dB,A3_minus_A2,-0.000891953552272895,0.001026344299316406,-123,-3936
233,subject_233,0,F0,0.2,20dB,A3_minus_B4,-0.0008586846043492358,0.0016499757766723633,14,448
233,subject_233,0,F0,0.5,none,A3_minus_A2,0.0,0.0,-114,-3648
233,subject_233,0,F0,0.5,none,A3_minus_B4,0.0,0.0,14,448
233,subject_233,0,F0,0.5,20dB,A3_minus_A2,0.0,0.0,-114,-3648
233,subject_233,0,F0,0.5,20dB,A3_minus_B4,0.0,0.0,10,320
233,subject_233,0,F1,0.2,none,A3_minus_A2,-0.08833701219201373,0.0023438215255737332,-103,-3296
233,subject_233,0,F1,0.2,none,A3_minus_B4,-0.06098798198769373,0.001718330383300784,12,384
233,subject_233,0,F1,0.2,20dB,A3_minus_A2,-0.06455722942897069,0.004769968986511233,-109,-3488
233,subject_233,0,F1,0.2,20dB,A3_minus_B4,-0.004397608049377055,0.0013309240341186496,11,352
233,subject_233,0,F1,0.5,none,A3_minus_A2,0.0,0.0,-99,-3168
233,subject_233,0,F1,0.5,none,A3_minus_B4,0.0,0.0,7,224
233,subject_233,0,F1,0.5,20dB,A3_minus_A2,0.0,0.0,-108,-3456
233,subject_233,0,F1,0.5,20dB,A3_minus_B4,0.04761008073117523,-0.0009377479553222684,8,256
233,subject_233,0,F2,0.2,none,A3_minus_A2,7.878123646776203e-07,2.8610229491077277e-07,-96,-3072
233,subject_233,0,F2,0.2,none,A3_minus_B4,6.460563675148023e-07,-8.106231689508636e-07,2,64
233,subject_233,0,F2,0.2,20dB,A3_minus_A2,-0.00048577033683017135,0.001369810104370095,-108,-3456
233,subject_233,0,F2,0.2,20dB,A3_minus_B4,-0.000429965161352186,0.0035444259643554465,12,384
233,subject_233,0,F2,0.5,none,A3_minus_A2,0.0,0.0,-92,-2944
233,subject_233,0,F2,0.5,none,A3_minus_B4,0.0,0.0,2,64
233,subject_233,0,F2,0.5,20dB,A3_minus_A2,0.0,0.0,-101,-3232
233,subject_233,0,F2,0.5,20dB,A3_minus_B4,0.0,0.0,11,352
233,subject_233,0,F3,0.2,none,A3_minus_A2,-0.10352986604078751,0.024673056602478025,-78,-2496
233,subject_233,0,F3,0.2,none,A3_minus_B4,0.15705517263701552,-0.025933607101440423,8,256
233,subject_233,0,F3,0.2,20dB,A3_minus_A2,-0.08967771236073219,0.04843728542327881,-100,-3200
233,subject_233,0,F3,0.2,20dB,A3_minus_B4,0.07031107260124259,-0.030227279663085943,11,352
233,subject_233,0,F3,0.5,none,A3_minus_A2,-0.1496671874581672,0.0156214714050293,-55,-1760
233,subject_233,0,F3,0.5,none,A3_minus_B4,0.04373082943821771,-0.002181363105773923,0,0
233,subject_233,0,F3,0.5,20dB,A3_minus_A2,-0.03708075667197086,0.00725710391998291,-58,-1856
233,subject_233,0,F3,0.5,20dB,A3_minus_B4,0.0909767950707181,-0.012938075065612786,1,32
233,subject_233,0,F4,0.2,none,A3_minus_A2,-0.30487234768719773,0.028204013180410464,-42,-1344
233,subject_233,0,F4,0.2,none,A3_minus_B4,-0.22606358637622392,0.02070744163957794,-33,-1056
233,subject_233,0,F4,0.2,20dB,A3_minus_A2,-0.13897452172850677,0.03314685642517018,-58,-1856
233,subject_233,0,F4,0.2,20dB,A3_minus_B4,0.14031476146524113,-0.021875269141332365,-18,-576
233,subject_233,0,F4,0.5,none,A3_minus_A2,-0.011595135675914747,0.0008787393569946178,-3,-96
233,subject_233,0,F4,0.5,none,A3_minus_B4,0.028569626388950553,-0.0019320249557495117,2,64
233,subject_233,0,F4,0.5,20dB,A3_minus_A2,-0.008045642362858985,0.0008787393569946178,-3,-96
233,subject_233,0,F4,0.5,20dB,A3_minus_B4,0.019388445747809513,-0.0019320249557495117,2,64
233,subject_233,0,F5,0.2,none,A3_minus_A2,-0.015502669382300382,0.007200946807861527,-78,-2496
233,subject_233,0,F5,0.2,none,A3_minus_B4,0.06627974437126483,-0.01407019615173316,9,288
233,subject_233,0,F5,0.2,20dB,A3_minus_A2,-0.04155569754399835,0.02248828411102187,-112,-3584
233,subject_233,0,F5,0.2,20dB,A3_minus_B4,0.03957163867124436,-0.014732737541189797,19,608
233,subject_233,0,F5,0.5,none,A3_minus_A2,-0.04318393818076771,0.0062691307067872515,-61,-1952
233,subject_233,0,F5,0.5,none,A3_minus_B4,0.016301887876700505,-0.00260618209838874,-4,-128
233,subject_233,0,F5,0.5,20dB,A3_minus_A2,-0.04552403418713524,0.01182450771331655,-85,-2720
233,subject_233,0,F5,0.5,20dB,A3_minus_B4,-0.006383062166797515,0.003801493644714063,-6,-192
233,subject_233,1,F0,0.2,none,A3_minus_A2,-0.0011297757107477935,-7.867813110351562e-06,-82,-2624
233,subject_233,1,F0,0.2,none,A3_minus_B4,-0.0023631572864637462,-1.902580261230538e-05,16,512
233,subject_233,1,F0,0.2,20dB,A3_minus_A2,-0.00020211945113146612,-0.0036919832229614265,-123,-3936
233,subject_233,1,F0,0.2,20dB,A3_minus_B4,0.00030059914379165775,-0.0016384124755859375,-7,-224
233,subject_233,1,F0,0.5,none,A3_minus_A2,0.0,0.0,-85,-2720
233,subject_233,1,F0,0.5,none,A3_minus_B4,0.0,0.0,16,512
233,subject_233,1,F0,0.5,20dB,A3_minus_A2,-1.0277918960355237e-08,9.536743164053826e-08,-114,-3648
233,subject_233,1,F0,0.5,20dB,A3_minus_B4,1.5253706386886279e-06,-2.5272369384766492e-06,19,608
233,subject_233,1,F1,0.2,none,A3_minus_A2,-0.03543802940910723,0.0003168344497680581,-76,-2432
233,subject_233,1,F1,0.2,none,A3_minus_B4,0.00208119010593677,-0.0008388996124267661,9,288
233,subject_233,1,F1,0.2,20dB,A3_minus_A2,-0.0004382825042448246,0.0007264137268066378,-92,-2944
233,subject_233,1,F1,0.2,20dB,A3_minus_B4,-0.0024208632450850587,0.0008401155471801786,14,448
233,subject_233,1,F1,0.5,none,A3_minus_A2,-0.042464791203860486,0.0006249666213989369,-76,-2432
233,subject_233,1,F1,0.5,none,A3_minus_B4,0.0,0.0,2,64
233,subject_233,1,F1,0.5,20dB,A3_minus_A2,0.0,0.0,-97,-3104
233,subject_233,1,F1,0.5,20dB,A3_minus_B4,0.0,0.0,5,160
233,subject_233,1,F2,0.2,none,A3_minus_A2,-0.02406420261387865,0.00377724170684815,-78,-2496
233,subject_233,1,F2,0.2,none,A3_minus_B4,0.005515076873152225,-0.001494073867797846,6,192
233,subject_233,1,F2,0.2,20dB,A3_minus_A2,-0.026223679006381673,-0.0004793405532836914,-86,-2752
233,subject_233,1,F2,0.2,20dB,A3_minus_B4,-0.00786171750713116,0.0028793573379516657,11,352
233,subject_233,1,F2,0.5,none,A3_minus_A2,0.0,0.0,-74,-2368
233,subject_233,1,F2,0.5,none,A3_minus_B4,0.0,0.0,7,224
233,subject_233,1,F2,0.5,20dB,A3_minus_A2,0.0,0.0,-92,-2944
233,subject_233,1,F2,0.5,20dB,A3_minus_B4,0.0,0.0,7,224
233,subject_233,1,F3,0.2,none,A3_minus_A2,-0.15284451487480055,0.03564670085906983,-72,-2304
233,subject_233,1,F3,0.2,none,A3_minus_B4,0.08255230727760221,-0.013474059104919417,-5,-160
233,subject_233,1,F3,0.2,20dB,A3_minus_A2,-0.0381775746174533,0.032965946197509755,-105,-3360
233,subject_233,1,F3,0.2,20dB,A3_minus_B4,0.07482655879123357,-0.04388055801391602,-3,-96
233,subject_233,1,F3,0.5,none,A3_minus_A2,-0.04483661778693104,0.0070343017578125,-41,-1312
233,subject_233,1,F3,0.5,none,A3_minus_B4,-0.013036035159267101,0.0024526119232177734,-25,-800
233,subject_233,1,F3,0.5,20dB,A3_minus_A2,-0.022632579802802866,0.006661725044250499,-52,-1664
233,subject_233,1,F3,0.5,20dB,A3_minus_B4,0.032390978589718955,-0.004108285903930656,-9,-288
233,subject_233,1,F4,0.2,none,A3_minus_A2,-0.14805606136365057,0.015104924220993604,-24,-768
233,subject_233,1,F4,0.2,none,A3_minus_B4,-0.04996783023837992,0.006464312082520546,-3,-96
233,subject_233,1,F4,0.2,20dB,A3_minus_A2,-0.1063302344231083,0.024929648788253184,-40,-1280
233,subject_233,1,F4,0.2,20dB,A3_minus_B4,0.008434500663792477,-0.0038503586010202318,3,96
233,subject_233,1,F4,0.5,none,A3_minus_A2,-0.003982842009879306,0.0005729675292968917,-4,-128
233,subject_233,1,F4,0.5,none,A3_minus_B4,-0.003982842009879306,0.0005729675292968917,-4,-128
233,subject_233,1,F4,0.5,20dB,A3_minus_A2,-0.07971207241088507,0.006349444389343262,-17,-544
233,subject_233,1,F4,0.5,20dB,A3_minus_B4,-0.03905806265768241,0.0022897005081176924,-10,-320
233,subject_233,1,F5,0.2,none,A3_minus_A2,-0.0030469123765293205,0.005073156356810854,-73,-2336
233,subject_233,1,F5,0.2,none,A3_minus_B4,0.02062351400489959,-0.007183451652525888,-4,-128
233,subject_233,1,F5,0.2,20dB,A3_minus_A2,-0.007839182566584668,0.0027049875259365364,-94,-3008
233,subject_233,1,F5,0.2,20dB,A3_minus_B4,0.00012001555668206265,-0.004458789825441817,21,672
233,subject_233,1,F5,0.5,none,A3_minus_A2,-0.039135874580583874,0.0026839637756317647,-60,-1920
233,subject_233,1,F5,0.5,none,A3_minus_B4,0.013106534318083618,-0.00240785598754735,-6,-192
233,subject_233,1,F5,0.5,20dB,A3_minus_A2,0.012262367803643315,-0.0013902235031137689,-60,-1920
233,subject_233,1,F5,0.5,20dB,A3_minus_B4,0.03404423568536785,-0.006084370613096551,-6,-192
233,subject_233,2,F0,0.2,none,A3_minus_A2,0.0,0.0,-122,-3904
233,subject_233,2,F0,0.2,none,A3_minus_B4,0.0,0.0,13,416
233,subject_233,2,F0,0.2,20dB,A3_minus_A2,-1.0407040864635064e-05,-0.0006054401397705077,-131,-4192
233,subject_233,2,F0,0.2,20dB,A3_minus_B4,0.0,0.0,4,128
233,subject_233,2,F0,0.5,none,A3_minus_A2,0.0,0.0,-122,-3904
233,subject_233,2,F0,0.5,none,A3_minus_B4,0.0,0.0,-7,-224
233,subject_233,2,F0,0.5,20dB,A3_minus_A2,0.0,0.0,-120,-3840
233,subject_233,2,F0,0.5,20dB,A3_minus_B4,0.0,0.0,3,96
233,subject_233,2,F1,0.2,none,A3_minus_A2,0.0,0.0,-103,-3296
233,subject_233,2,F1,0.2,none,A3_minus_B4,0.0,0.0,-1,-32
233,subject_233,2,F1,0.2,20dB,A3_minus_A2,-0.0007717033252028216,0.0004622697830200112,-110,-3520
233,subject_233,2,F1,0.2,20dB,A3_minus_B4,0.0016640988519824873,-0.000841593742370611,14,448
233,subject_233,2,F1,0.5,none,A3_minus_A2,0.0,0.0,-102,-3264
233,subject_233,2,F1,0.5,none,A3_minus_B4,0.0,0.0,-7,-224
233,subject_233,2,F1,0.5,20dB,A3_minus_A2,0.0,0.0,-105,-3360
233,subject_233,2,F1,0.5,20dB,A3_minus_B4,0.0,-2.622604370200454e-07,9,288
233,subject_233,2,F2,0.2,none,A3_minus_A2,0.0001294869144778943,-0.0006249904632568137,-99,-3168
233,subject_233,2,F2,0.2,none,A3_minus_B4,0.0,0.0,-2,-64
233,subject_233,2,F2,0.2,20dB,A3_minus_A2,-8.296428561394009e-05,-0.0012377262115478571,-103,-3296
233,subject_233,2,F2,0.2,20dB,A3_minus_B4,0.0004513319588621556,-0.0037401437759399525,-1,-32
233,subject_233,2,F2,0.5,none,A3_minus_A2,0.0,0.0,-99,-3168
233,subject_233,2,F2,0.5,none,A3_minus_B4,0.0,0.0,-2,-64
233,subject_233,2,F2,0.5,20dB,A3_minus_A2,0.0,0.0,-108,-3456
233,subject_233,2,F2,0.5,20dB,A3_minus_B4,0.0,0.0,2,64
233,subject_233,2,F3,0.2,none,A3_minus_A2,-0.10276518701258297,0.025884914398193362,-87,-2784
233,subject_233,2,F3,0.2,none,A3_minus_B4,0.032333731092091256,-0.0007615566253662137,-36,-1152
233,subject_233,2,F3,0.2,20dB,A3_minus_A2,-0.04687271665316217,0.02904576836023394,-94,-3008
233,subject_233,2,F3,0.2,20dB,A3_minus_B4,0.0580359635113048,-0.028819489155556502,-3,-96
233,subject_233,2,F3,0.5,none,A3_minus_A2,-0.040754894387909246,0.004928088188171392,-31,-992
233,subject_233,2,F3,0.5,none,A3_minus_B4,0.0036416052045922243,0.00042426586151123047,-13,-416
233,subject_233,2,F3,0.5,20dB,A3_minus_A2,-0.02329847849440725,0.005022788047790536,-51,-1632
233,subject_233,2,F3,0.5,20dB,A3_minus_B4,0.026726663768453562,-0.0028587341308593667,-30,-960
233,subject_233,2,F4,0.2,none,A3_minus_A2,-0.03946701014007559,0.005211522500598309,-22,-704
233,subject_233,2,F4,0.2,none,A3_minus_B4,0.2213694950666607,-0.012915192933415254,6,192
233,subject_233,2,F4,0.2,20dB,A3_minus_A2,-0.06553721556122838,0.016762838336279173,-38,-1216
233,subject_233,2,F4,0.2,20dB,A3_minus_B4,0.06636645779348882,-0.012835876952952241,-2,-64
233,subject_233,2,F4,0.5,none,A3_minus_A2,-0.02058947555466517,0.0015787124633789285,-5,-160
233,subject_233,2,F4,0.5,none,A3_minus_B4,0.04202030082108266,-0.002474713325500477,2,64
233,subject_233,2,F4,0.5,20dB,A3_minus_A2,-0.015302174555737125,0.0017009973526000977,-10,-320
233,subject_233,2,F4,0.5,20dB,A3_minus_B4,0.011160759841800427,-0.0010751008987426869,-3,-96
233,subject_233,2,F5,0.2,none,A3_minus_A2,-0.020361855229882764,0.004012312889098799,-98,-3136
233,subject_233,2,F5,0.2,none,A3_minus_B4,0.03345233051502561,-0.008410148620604463,24,768
233,subject_233,2,F5,0.2,20dB,A3_minus_A2,-0.0038650651585250273,0.0032190370559702017,-104,-3328
233,subject_233,2,F5,0.2,20dB,A3_minus_B4,0.012197030768113848,-0.012788624763486744,9,288
233,subject_233,2,F5,0.5,none,A3_minus_A2,-0.027416410860439555,0.004579253196716593,-74,-2368
233,subject_233,2,F5,0.5,none,A3_minus_B4,0.03475716528779316,-0.0039328718185439315,-17,-544
233,subject_233,2,F5,0.5,20dB,A3_minus_A2,-0.025765178123450028,0.006420965194700999,-95,-3040
233,subject_233,2,F5,0.5,20dB,A3_minus_B4,-0.0007741555957636592,-0.0010966396331774375,21,672
234,subject_234,0,F0,0.2,none,A3_minus_A2,-1.774353108885407e-09,1.8119812011718533e-06,-98,-3136
234,subject_234,0,F0,0.2,none,A3_minus_B4,-1.774353108885407e-09,1.8119812011718533e-06,15,480
234,subject_234,0,F0,0.2,20dB,A3_minus_A2,-0.00010720785676099354,0.0031970739364624015,-124,-3968
234,subject_234,0,F0,0.2,20dB,A3_minus_B4,0.0007701998791169729,0.0013227701187133786,10,320
234,subject_234,0,F0,0.5,none,A3_minus_A2,0.0,0.0,-94,-3008
234,subject_234,0,F0,0.5,none,A3_minus_B4,0.0,0.0,10,320
234,subject_234,0,F0,0.5,20dB,A3_minus_A2,0.0,0.0,-103,-3296
234,subject_234,0,F0,0.5,20dB,A3_minus_B4,0.0,0.0,16,512
234,subject_234,0,F1,0.2,none,A3_minus_A2,-7.51303399688652e-05,0.0006423950195312556,-85,-2720
234,subject_234,0,F1,0.2,none,A3_minus_B4,-2.280624801187514e-05,0.0009548664093017578,1,32
234,subject_234,0,F1,0.2,20dB,A3_minus_A2,0.0002648694820912567,-0.0016537189483642606,-91,-2912
234,subject_234,0,F1,0.2,20dB,A3_minus_B4,0.0009074774448158962,-0.0025803327560424832,10,320
234,subject_234,0,F1,0.5,none,A3_minus_A2,0.0,0.0,-65,-2080
234,subject_234,0,F1,0.5,none,A3_minus_B4,0.0,0.0,20,640
234,subject_234,0,F1,0.5,20dB,A3_minus_A2,0.0,0.0,-87,-2784
234,subject_234,0,F1,0.5,20dB,A3_minus_B4,0.0,0.0,18,576
234,subject_234,0,F2,0.2,none,A3_minus_A2,-6.161949284333446e-05,0.0001537799835205078,-71,-2272
234,subject_234,0,F2,0.2,none,A3_minus_B4,0.0012347212898120574,-0.003119254112243647,14,448
234,subject_234,0,F2,0.2,20dB,A3_minus_A2,-0.001189943701085383,-0.0012694597244262695,-89,-2848
234,subject_234,0,F2,0.2,20dB,A3_minus_B4,-0.0010423041165665836,0.0032951593399047907,6,192
234,subject_234,0,F2,0.5,none,A3_minus_A2,0.0,0.0,-68,-2176
234,subject_234,0,F2,0.5,none,A3_minus_B4,0.0,0.0,17,544
234,subject_234,0,F2,0.5,20dB,A3_minus_A2,0.0,0.0,-82,-2624
234,subject_234,0,F2,0.5,20dB,A3_minus_B4,0.0,0.0,16,512
234,subject_234,0,F3,0.2,none,A3_minus_A2,-0.022569571258998167,0.01030364036560058,-59,-1888
234,subject_234,0,F3,0.2,none,A3_minus_B4,0.048079872421450176,-0.017117357254028326,-5,-160
234,subject_234,0,F3,0.2,20dB,A3_minus_A2,-0.033599420112675915,0.029224872589111328,-89,-2848
234,subject_234,0,F3,0.2,20dB,A3_minus_B4,0.03546394819024812,-0.013833355903625486,-9,-288
234,subject_234,0,F3,0.5,none,A3_minus_A2,-0.005843311085971692,0.001027822494506836,-13,-416
234,subject_234,0,F3,0.5,none,A3_minus_B4,-0.005842995985027244,0.001024436950683591,-1,-32
234,subject_234,0,F3,0.5,20dB,A3_minus_A2,-0.019775307583770996,0.005302786827087402,-44,-1408
234,subject_234,0,F3,0.5,20dB,A3_minus_B4,0.001886182566709138,0.0004284381866455078,-10,-320
234,subject_234,0,F4,0.2,none,A3_minus_A2,-0.07050527618834579,0.012318293995593893,-27,-864
234,subject_234,0,F4,0.2,none,A3_minus_B4,0.04356652264460692,-0.004813082270885616,-9,-288
234,subject_234,0,F4,0.2,20dB,A3_minus_A2,-0.05285153687417932,0.01811314589693966,-42,-1344
234,subject_234,0,F4,0.2,20dB,A3_minus_B4,0.024777922560801358,-0.003383430293394857,-14,-448
234,subject_234,0,F4,0.5,none,A3_minus_A2,-0.009039012722888984,0.000791144371032726,-2,-64
234,subject_234,0,F4,0.5,none,A3_minus_B4,-0.009039012722888984,0.000791144371032726,-2,-64
234,subject_234,0,F4,0.5,20dB,A3_minus_A2,-0.032938486304555425,0.0034482002258300615,-11,-352
234,subject_234,0,F4,0.5,20dB,A3_minus_B4,0.028766096917220096,-0.002837920188903803,2,64
234,subject_234,0,F5,0.2,none,A3_minus_A2,-0.01709425464908776,0.009543108940124688,-86,-2752
234,subject_234,0,F5,0.2,none,A3_minus_B4,-0.0012096611065963714,0.0002029609680164468,-23,-736
234,subject_234,0,F5,0.2,20dB,A3_minus_A2,-0.02228934588648812,0.01699970245361087,-109,-3488
234,subject_234,0,F5,0.2,20dB,A3_minus_B4,0.01973086952095926,-0.01967894077300851,11,352
234,subject_234,0,F5,0.5,none,A3_minus_A2,-0.007922828385780178,0.0024609756469729377,-34,-1088
234,subject_234,0,F5,0.5,none,A3_minus_B4,0.014440930627152682,-0.0012278890609735554,18,576
234,subject_234,0,F5,0.5,20dB,A3_minus_A2,-0.022645703183792776,0.004812741279602052,-70,-2240
234,subject_234,0,F5,0.5,20dB,A3_minus_B4,-0.0027196555239559217,0.0014438867568976888,32,1024
234,subject_234,1,F0,0.2,none,A3_minus_A2,4.1641790105018117e-07,4.52995300292882e-07,-102,-3264
234,subject_234,1,F0,0.2,none,A3_minus_B4,4.1641790105018117e-07,4.52995300292882e-07,1,32
234,subject_234,1,F0,0.2,20dB,A3_minus_A2,0.0002465705333811741,-0.0018260002136230467,-116,-3712
234,subject_234,1,F0,0.2,20dB,A3_minus_B4,1.4189671659892156e-07,-4.2915344238263903e-07,10,320
234,subject_234,1,F0,0.5,none,A3_minus_A2,0.0,0.0,-99,-3168
234,subject_234,1,F0,0.5,none,A3_minus_B4,0.0,0.0,4,128
234,subject_234,1,F0,0.5,20dB,A3_minus_A2,0.0,0.0,-122,-3904
234,subject_234,1,F0,0.5,20dB,A3_minus_B4,0.0,0.0,6,192
234,subject_234,1,F1,0.2,none,A3_minus_A2,0.00010052970380769466,-0.0008984565734863337,-86,-2752
234,subject_234,1,F1,0.2,none,A3_minus_B4,0.0,0.0,4,128
234,subject_234,1,F1,0.2,20dB,A3_minus_A2,-8.304892529409358e-05,-0.001862478256225597,-99,-3168
234,subject_234,1,F1,0.2,20dB,A3_minus_B4,0.0002165939062876987,-0.0033173084259033314,10,320
234,subject_234,1,F1,0.5,none,A3_minus_A2,0.0,0.0,-85,-2720
234,subject_234,1,F1,0.5,none,A3_minus_B4,0.0,0.0,4,128
234,subject_234,1,F1,0.5,20dB,A3_minus_A2,0.0,0.0,-102,-3264
234,subject_234,1,F1,0.5,20dB,A3_minus_B4,0.0,0.0,8,256
234,subject_234,1,F2,0.2,none,A3_minus_A2,0.0002943554472061294,-0.0009374141693115345,-96,-3072
234,subject_234,1,F2,0.2,none,A3_minus_B4,0.0,0.0,6,192
234,subject_234,1,F2,0.2,20dB,A3_minus_A2,0.0011913485454293493,-0.002809119224548323,-97,-3104
234,subject_234,1,F2,0.2,20dB,A3_minus_B4,-0.0007616333402573616,-0.0029713153839111273,5,160
234,subject_234,1,F2,0.5,none,A3_minus_A2,0.0,0.0,-94,-3008
234,subject_234,1,F2,0.5,none,A3_minus_B4,0.0,0.0,7,224
234,subject_234,1,F2,0.5,20dB,A3_minus_A2,0.0,0.0,-107,-3424
234,subject_234,1,F2,0.5,20dB,A3_minus_B4,0.0,0.0,7,224
234,subject_234,1,F3,0.2,none,A3_minus_A2,-0.047837964450486936,0.016670632362365725,-69,-2208
234,subject_234,1,F3,0.2,none,A3_minus_B4,0.03668909304347778,-0.015470266342163086,-4,-128
234,subject_234,1,F3,0.2,20dB,A3_minus_A2,-0.03873118700753153,0.03138232231140137,-80,-2560
234,subject_234,1,F3,0.2,20dB,A3_minus_B4,0.025697373654079314,-0.015318942070007321,5,160
234,subject_234,1,F3,0.5,none,A3_minus_A2,-0.03838832414777471,0.005648016929626465,-37,-1184
234,subject_234,1,F3,0.5,none,A3_minus_B4,0.016825159765993192,-0.0006586790084838895,-4,-128
234,subject_234,1,F3,0.5,20dB,A3_minus_A2,-0.03126918851225291,0.00789220333099365,-43,-1376
234,subject_234,1,F3,0.5,20dB,A3_minus_B4,0.02144504461877439,-0.006027770042419431,9,288
234,subject_234,1,F4,0.2,none,A3_minus_A2,-0.08480196077259095,0.014829224424337067,-28,-896
234,subject_234,1,F4,0.2,none,A3_minus_B4,0.019600894091876597,-0.0042496157097282605,7,224
234,subject_234,1,F4,0.2,20dB,A3_minus_A2,-0.0615156167701123,0.01929683259559961,-41,-1312
234,subject_234,1,F4,0.2,20dB,A3_minus_B4,0.013405492953271647,-0.0048445267336240105,0,0
234,subject_234,1,F4,0.5,none,A3_minus_A2,-0.022858008273969332,0.0020571231842040627,-8,-256
234,subject_234,1,F4,0.5,none,A3_minus_B4,-0.017965097581249978,0.0014328002929687444,-6,-192
234,subject_234,1,F4,0.5,20dB,A3_minus_A2,-0.027093449922404034,0.003306055068969721,-10,-320
234,subject_234,1,F4,0.5,20dB,A3_minus_B4,0.03172148849841783,-0.0032397270202636774,3,96
234,subject_234,1,F5,0.2,none,A3_minus_A2,-0.015187653703119253,0.010614199638366809,-78,-2496
234,subject_234,1,F5,0.2,none,A3_minus_B4,-0.0003570866708031417,0.0014074373245277355,11,352
234,subject_234,1,F5,0.2,20dB,A3_minus_A2,-0.012065532414045066,0.01008730888366783,-111,-3552
234,subject_234,1,F5,0.2,20dB,A3_minus_B4,0.018006953949392113,-0.01325386524200596,1,32
234,subject_234,1,F5,0.5,none,A3_minus_A2,-0.016716008729716236,0.003024420738219291,-51,-1632
234,subject_234,1,F5,0.5,none,A3_minus_B4,0.07052241185164121,-0.003710494041443378,-16,-512
234,subject_234,1,F5,0.5,20dB,A3_minus_A2,-0.012641125217831117,0.0028221082687363078,-63,-2016
234,subject_234,1,F5,0.5,20dB,A3_minus_B4,-0.0052939146319896935,0.0024778747558604763,5,160
234,subject_234,2,F0,0.2,none,A3_minus_A2,2.6529674457265173e-07,4.768371582026913e-08,-120,-3840
234,subject_234,2,F0,0.2,none,A3_minus_B4,4.862443567787977e-07,-1.0013580322265191e-06,17,544
234,subject_234,2,F0,0.2,20dB,A3_minus_A2,-0.00021318844303408468,0.0025992155075073246,-113,-3616
234,subject_234,2,F0,0.2,20dB,A3_minus_B4,0.00014998851650460665,-8.063316345214774e-05,11,352
234,subject_234,2,F0,0.5,none,A3_minus_A2,0.0,0.0,-114,-3648
234,subject_234,2,F0,0.5,none,A3_minus_B4,0.0,0.0,15,480
234,subject_234,2,F0,0.5,20dB,A3_minus_A2,0.0,0.0,-121,-3872
234,subject_234,2,F0,0.5,20dB,A3_minus_B4,0.0,0.0,9,288
234,subject_234,2,F1,0.2,none,A3_minus_A2,2.5077950382979e-07,9.5367431640625e-07,-95,-3040
234,subject_234,2,F1,0.2,none,A3_minus_B4,-4.821323820181078e-07,-2.1934509277371506e-06,11,352
234,subject_234,2,F1,0.2,20dB,A3_minus_A2,8.504693009570019e-05,-0.0002040624618530329,-116,-3712
234,subject_234,2,F1,0.2,20dB,A3_minus_B4,0.00020257136377210827,-0.0017114877700805664,10,320
234,subject_234,2,F1,0.5,none,A3_minus_A2,0.0,0.0,-92,-2944
234,subject_234,2,F1,0.5,none,A3_minus_B4,0.0,0.0,14,448
234,subject_234,2,F1,0.5,20dB,A3_minus_A2,0.0,0.0,-100,-3200
234,subject_234,2,F1,0.5,20dB,A3_minus_B4,0.0,0.0,7,224
234,subject_234,2,F2,0.2,none,A3_minus_A2,-5.4173803221146954e-09,9.536743161842054e-08,-73,-2336
234,subject_234,2,F2,0.2,none,A3_minus_B4,-5.716794255761215e-07,-2.6702880859541533e-06,16,512
234,subject_234,2,F2,0.2,20dB,A3_minus_A2,0.0002918215826603898,-0.0011085987091064564,-105,-3360
234,subject_234,2,F2,0.2,20dB,A3_minus_B4,6.88906452808169e-05,-0.0011960506439208929,5,160
234,subject_234,2,F2,0.5,none,A3_minus_A2,0.0,0.0,-73,-2336
234,subject_234,2,F2,0.5,none,A3_minus_B4,0.0,0.0,15,480
234,subject_234,2,F2,0.5,20dB,A3_minus_A2,0.0,0.0,-96,-3072
234,subject_234,2,F2,0.5,20dB,A3_minus_B4,0.0,0.0,11,352
234,subject_234,2,F3,0.2,none,A3_minus_A2,-0.04627308835329558,0.020876455307006825,-62,-1984
234,subject_234,2,F3,0.2,none,A3_minus_B4,0.0786113556400494,-0.022561526298522955,9,288
234,subject_234,2,F3,0.2,20dB,A3_minus_A2,-0.04176971320643119,0.03237791061401367,-102,-3264
234,subject_234,2,F3,0.2,20dB,A3_minus_B4,0.04269618319760582,-0.02116441059112549,-10,-320
234,subject_234,2,F3,0.5,none,A3_minus_A2,-0.013882088020878314,0.002827167510986328,-33,-1056
234,subject_234,2,F3,0.5,none,A3_minus_B4,0.0560222019443124,-0.006417965888977056,4,128
234,subject_234,2,F3,0.5,20dB,A3_minus_A2,-0.014543871510682038,0.0038825273513793945,-35,-1120
234,subject_234,2,F3,0.5,20dB,A3_minus_B4,0.027470235913355623,-0.00922958850860596,6,192
234,subject_234,2,F4,0.2,none,A3_minus_A2,-0.07796475598025765,0.013779094067379233,-32,-1024
234,subject_234,2,F4,0.2,none,A3_minus_B4,0.07702500586102445,-0.014148177237225196,9,288
234,subject_234,2,F4,0.2,20dB,A3_minus_A2,-0.06235241723055651,0.01841694876151395,-37,-1184
234,subject_234,2,F4,0.2,20dB,A3_minus_B4,0.02063506532213566,-0.005170003856388938,4,128
234,subject_234,2,F4,0.5,none,A3_minus_A2,-0.04844743072223068,0.004136276245117199,-11,-352
234,subject_234,2,F4,0.5,none,A3_minus_B4,0.03859242984491473,-0.00221424102783202,-1,-32
234,subject_234,2,F4,0.5,20dB,A3_minus_A2,-0.055496592538512246,0.005933475494384777,-15,-480
234,subject_234,2,F4,0.5,20dB,A3_minus_B4,0.04277329846732769,-0.003985142707824713,1,32
234,subject_234,2,F5,0.2,none,A3_minus_A2,-0.017455762747793813,0.0053268575668330015,-84,-2688
234,subject_234,2,F5,0.2,none,A3_minus_B4,0.01322193405609795,-0.009052906036376748,8,256
234,subject_234,2,F5,0.2,20dB,A3_minus_A2,-0.033602125358775936,0.023808860778808234,-121,-3872
234,subject_234,2,F5,0.2,20dB,A3_minus_B4,0.014838126675854824,-0.012973976135252835,16,512
234,subject_234,2,F5,0.5,none,A3_minus_A2,-0.02071596337831494,0.003814692497253157,-47,-1504
234,subject_234,2,F5,0.5,none,A3_minus_B4,-0.0015814826129840753,0.0022746515274054205,26,832
234,subject_234,2,F5,0.5,20dB,A3_minus_A2,-0.015419733006877934,0.0022035026550284442,-65,-2080
234,subject_234,2,F5,0.5,20dB,A3_minus_B4,0.009529944960519288,-0.0011102771759016958,13,416
