archive,seed,algorithm,snr_difference_db,frequency_mae_difference_hz,call_difference,evaluation_reduction_fraction
main_F0_P020_Z0_N0.npz,1000,2,0.0,0.0,0,0.8407960199004976
main_F0_P020_Z0_N0.npz,1000,3,0.0,0.0,0,0.8407960199004976
main_F0_P020_Z0_N0.npz,1000,7,0.0,0.0,0,0.8407960199004976
main_F0_P020_Z0_N0.npz,1001,2,0.0,0.0,0,0.8407960199004976
main_F0_P020_Z0_N0.npz,1001,3,0.0,0.0,0,0.8407960199004976
main_F0_P020_Z0_N0.npz,1001,7,0.0,0.0,0,0.8407960199004976
main_F0_P020_Z0_N0.npz,1002,2,0.0,0.0,0,0.8407960199004976
main_F0_P020_Z0_N0.npz,1002,3,0.0,0.0,0,0.8407960199004976
main_F0_P020_Z0_N0.npz,1002,7,0.0,0.0,0,0.8407960199004976
main_F0_P020_Z0_N0.npz,1003,2,0.0,0.0,0,0.8407960199004976
main_F0_P020_Z0_N0.npz,1003,3,0.0,0.0,0,0.8407960199004976
main_F0_P020_Z0_N0.npz,1003,7,0.0,0.0,0,0.8407960199004976
main_F0_P020_Z0_N0.npz,1004,2,0.0,0.0,0,0.8407960199004976
main_F0_P020_Z0_N0.npz,1004,3,0.0,0.0,0,0.8407960199004976
main_F0_P020_Z0_N0.npz,1004,7,0.0,0.0,0,0.8407960199004976
main_F0_P020_Z0_N0.npz,1005,2,0.0,0.0,0,0.8407960199004976
main_F0_P020_Z0_N0.npz,1005,3,0.0,0.0,0,0.8407960199004976
main_F0_P020_Z0_N0.npz,1005,7,0.0,0.0,0,0.8407960199004976
main_F0_P020_Z0_N0.npz,1006,2,0.0,0.0,0,0.8407960199004976
main_F0_P020_Z0_N0.npz,1006,3,0.0,0.0,0,0.8407960199004976
main_F0_P020_Z0_N0.npz,1006,7,0.0,0.0,0,0.8407960199004976
main_F0_P020_Z0_N0.npz,1007,2,0.0,0.0,0,0.8407960199004976
main_F0_P020_Z0_N0.npz,1007,3,0.0,0.0,0,0.8407960199004976
main_F0_P020_Z0_N0.npz,1007,7,0.0,0.0,0,0.8407960199004976
main_F0_P020_Z0_N0.npz,1008,2,0.0,0.0,0,0.8407960199004976
main_F0_P020_Z0_N0.npz,1008,3,0.0,0.0,0,0.8407960199004976
main_F0_P020_Z0_N0.npz,1008,7,0.0,0.0,0,0.8407960199004976
main_F0_P020_Z0_N0.npz,1009,2,0.0,0.0,0,0.8407960199004976
main_F0_P020_Z0_N0.npz,1009,3,0.0,0.0,0,0.8407960199004976
main_F0_P020_Z0_N0.npz,1009,7,0.0,0.0,0,0.8407960199004976
main_F0_P020_Z0_N0.npz,1010,2,0.0,0.0,0,0.8407960199004976
main_F0_P020_Z0_N0.npz,1010,3,0.0,0.0,0,0.8407960199004976
main_F0_P020_Z0_N0.npz,1010,7,0.0,0.0,0,0.8407960199004976
main_F0_P020_Z0_N0.npz,1011,2,0.0,0.0,0,0.8407960199004976
main_F0_P020_Z0_N0.npz,1011,3,0.0,0.0,0,0.8407960199004976
main_F0_P020_Z0_N0.npz,1011,7,0.0,0.0,0,0.8407960199004976
main_F0_P020_Z0_N0.npz,1012,2,0.0,0.0,0,0.8407960199004976
main_F0_P020_Z0_N0.npz,1012,3,0.0,0.0,0,0.8407960199004976
main_F0_P020_Z0_N0.npz,1012,7,0.0,0.0,0,0.8407960199004976
main_F0_P020_Z0_N0.npz,1013,2,0.0,0.0,0,0.8407960199004976
main_F0_P020_Z0_N0.npz,1013,3,0.0,0.0,0,0.8407960199004976
main_F0_P020_Z0_N0.npz,1013,7,0.0,0.0,0,0.8407960199004976
main_F0_P020_Z0_N0.npz,1014,2,0.0,0.0,0,0.8407960199004976
main_F0_P020_Z0_N0.npz,1014,3,0.0,0.0,0,0.8407960199004976
main_F0_P020_Z0_N0.npz,1014,7,0.0,0.0,0,0.8407960199004976
main_F0_P020_Z0_N0.npz,1015,2,0.0,0.0,0,0.8407960199004976
main_F0_P020_Z0_N0.npz,1015,3,0.0,0.0,0,0.8407960199004976
main_F0_P020_Z0_N0.npz,1015,7,0.0,0.0,0,0.8407960199004976
main_F0_P020_Z0_N0.npz,1016,2,0.0,0.0,0,0.8407960199004976
main_F0_P020_Z0_N0.npz,1016,3,0.0,0.0,0,0.8407960199004976
main_F0_P020_Z0_N0.npz,1016,7,0.0,0.0,0,0.8407960199004976
main_F0_P020_Z0_N0.npz,1017,2,0.0,0.0,0,0.8407960199004976
main_F0_P020_Z0_N0.npz,1017,3,0.0,0.0,0,0.8407960199004976
main_F0_P020_Z0_N0.npz,1017,7,0.0,0.0,0,0.8407960199004976
main_F0_P020_Z0_N0.npz,1018,2,0.0,0.0,0,0.8407960199004976
main_F0_P020_Z0_N0.npz,1018,3,0.0,0.0,0,0.8407960199004976
main_F0_P020_Z0_N0.npz,1018,7,0.0,0.0,0,0.8407960199004976
main_F0_P020_Z0_N0.npz,1019,2,0.0,0.0,0,0.8407960199004976
main_F0_P020_Z0_N0.npz,1019,3,0.0,0.0,0,0.8407960199004976
main_F0_P020_Z0_N0.npz,1019,7,0.0,0.0,0,0.8407960199004976
main_F0_P020_Z0_N0.npz,1020,2,0.0,0.0,0,0.8407960199004976
main_F0_P020_Z0_N0.npz,1020,3,0.0,0.0,0,0.8407960199004976
main_F0_P020_Z0_N0.npz,1020,7,0.0,0.0,0,0.8407960199004976
main_F0_P020_Z0_N0.npz,1021,2,0.0,0.0,0,0.8407960199004976
main_F0_P020_Z0_N0.npz,1021,3,0.0,0.0,0,0.8407960199004976
main_F0_P020_Z0_N0.npz,1021,7,0.0,0.0,0,0.8407960199004976
main_F0_P020_Z0_N0.npz,1022,2,0.0,0.0,0,0.8407960199004976
main_F0_P020_Z0_N0.npz,1022,3,0.0,0.0,0,0.8407960199004976
main_F0_P020_Z0_N0.npz,1022,7,0.0,0.0,0,0.8407960199004976
main_F0_P020_Z0_N0.npz,1023,2,0.0,0.0,0,0.8407960199004976
main_F0_P020_Z0_N0.npz,1023,3,0.0,0.0,0,0.8407960199004976
main_F0_P020_Z0_N0.npz,1023,7,0.0,0.0,0,0.8407960199004976
main_F0_P020_Z0_N0.npz,1024,2,0.0,0.0,0,0.8407960199004976
main_F0_P020_Z0_N0.npz,1024,3,0.0,0.0,0,0.8407960199004976
main_F0_P020_Z0_N0.npz,1024,7,0.0,0.0,0,0.8407960199004976
main_F0_P020_Z0_N0.npz,1025,2,0.0,0.0,0,0.8407960199004976
main_F0_P020_Z0_N0.npz,1025,3,0.0,0.0,0,0.8407960199004976
main_F0_P020_Z0_N0.npz,1025,7,0.0,0.0,0,0.8407960199004976
main_F0_P020_Z0_N0.npz,1026,2,0.0,0.0,0,0.8407960199004976
main_F0_P020_Z0_N0.npz,1026,3,0.0,0.0,0,0.8407960199004976
main_F0_P020_Z0_N0.npz,1026,7,0.0,0.0,0,0.8407960199004976
main_F0_P020_Z0_N0.npz,1027,2,0.0,0.0,0,0.8407960199004976
main_F0_P020_Z0_N0.npz,1027,3,0.0,0.0,0,0.8407960199004976
main_F0_P020_Z0_N0.npz,1027,7,0.0,0.0,0,0.8407960199004976
main_F0_P020_Z0_N0.npz,1028,2,0.0,0.0,0,0.8407960199004976
main_F0_P020_Z0_N0.npz,1028,3,0.0,0.0,0,0.8407960199004976
main_F0_P020_Z0_N0.npz,1028,7,0.0,0.0,0,0.8407960199004976
main_F0_P020_Z0_N0.npz,1029,2,0.0,0.0,0,0.8407960199004976
main_F0_P020_Z0_N0.npz,1029,3,0.0,0.0,0,0.8407960199004976
main_F0_P020_Z0_N0.npz,1029,7,0.0,0.0,0,0.8407960199004976
main_F0_P020_Z1_N0.npz,1000,2,0.0,0.0,0,0.8407960199004976
main_F0_P020_Z1_N0.npz,1000,3,0.0,0.0,0,0.8407960199004976
main_F0_P020_Z1_N0.npz,1000,7,0.0,0.0,0,0.8407960199004976
main_F0_P020_Z1_N0.npz,1001,2,0.0,0.0,0,0.8407960199004976
main_F0_P020_Z1_N0.npz,1001,3,0.0,0.0,0,0.8407960199004976
main_F0_P020_Z1_N0.npz,1001,7,0.0,0.0,0,0.8407960199004976
main_F0_P020_Z1_N0.npz,1002,2,0.0,0.0,0,0.8407960199004976
main_F0_P020_Z1_N0.npz,1002,3,0.0,0.0,0,0.8407960199004976
main_F0_P020_Z1_N0.npz,1002,7,0.0,0.0,0,0.8407960199004976
main_F0_P020_Z1_N0.npz,1003,2,0.0,0.0,0,0.8407960199004976
main_F0_P020_Z1_N0.npz,1003,3,0.0,0.0,0,0.8407960199004976
main_F0_P020_Z1_N0.npz,1003,7,0.0,0.0,0,0.8407960199004976
main_F0_P020_Z1_N0.npz,1004,2,0.0,0.0,0,0.8407960199004976
main_F0_P020_Z1_N0.npz,1004,3,0.0,0.0,0,0.8407960199004976
main_F0_P020_Z1_N0.npz,1004,7,0.0,0.0,0,0.8407960199004976
main_F0_P020_Z1_N0.npz,1005,2,0.0,0.0,0,0.8407960199004976
main_F0_P020_Z1_N0.npz,1005,3,0.0,0.0,0,0.8407960199004976
main_F0_P020_Z1_N0.npz,1005,7,0.0,0.0,0,0.8407960199004976
main_F0_P020_Z1_N0.npz,1006,2,0.0,0.0,0,0.8407960199004976
main_F0_P020_Z1_N0.npz,1006,3,0.0,0.0,0,0.8407960199004976
main_F0_P020_Z1_N0.npz,1006,7,0.0,0.0,0,0.8407960199004976
main_F0_P020_Z1_N0.npz,1007,2,0.0,0.0,0,0.8407960199004976
main_F0_P020_Z1_N0.npz,1007,3,0.0,0.0,0,0.8407960199004976
main_F0_P020_Z1_N0.npz,1007,7,0.0,0.0,0,0.8407960199004976
main_F0_P020_Z1_N0.npz,1008,2,0.0,0.0,0,0.8407960199004976
main_F0_P020_Z1_N0.npz,1008,3,0.0,0.0,0,0.8407960199004976
main_F0_P020_Z1_N0.npz,1008,7,0.0,0.0,0,0.8407960199004976
main_F0_P020_Z1_N0.npz,1009,2,0.0,0.0,0,0.8407960199004976
main_F0_P020_Z1_N0.npz,1009,3,0.0,0.0,0,0.8407960199004976
main_F0_P020_Z1_N0.npz,1009,7,0.0,0.0,0,0.8407960199004976
main_F0_P020_Z1_N0.npz,1010,2,0.0,0.0,0,0.8407960199004976
main_F0_P020_Z1_N0.npz,1010,3,0.0,0.0,0,0.8407960199004976
main_F0_P020_Z1_N0.npz,1010,7,0.0,0.0,0,0.8407960199004976
main_F0_P020_Z1_N0.npz,1011,2,0.0,0.0,0,0.8407960199004976
main_F0_P020_Z1_N0.npz,1011,3,0.0,0.0,0,0.8407960199004976
main_F0_P020_Z1_N0.npz,1011,7,0.0,0.0,0,0.8407960199004976
main_F0_P020_Z1_N0.npz,1012,2,0.0,0.0,0,0.8407960199004976
main_F0_P020_Z1_N0.npz,1012,3,0.0,0.0,0,0.8407960199004976
main_F0_P020_Z1_N0.npz,1012,7,0.0,0.0,0,0.8407960199004976
main_F0_P020_Z1_N0.npz,1013,2,0.0,0.0,0,0.8407960199004976
main_F0_P020_Z1_N0.npz,1013,3,0.0,0.0,0,0.8407960199004976
main_F0_P020_Z1_N0.npz,1013,7,0.0,0.0,0,0.8407960199004976
main_F0_P020_Z1_N0.npz,1014,2,0.0,0.0,0,0.8407960199004976
main_F0_P020_Z1_N0.npz,1014,3,0.0,0.0,0,0.8407960199004976
main_F0_P020_Z1_N0.npz,1014,7,0.0,0.0,0,0.8407960199004976
main_F0_P020_Z1_N0.npz,1015,2,0.0,0.0,0,0.8407960199004976
main_F0_P020_Z1_N0.npz,1015,3,0.0,0.0,0,0.8407960199004976
main_F0_P020_Z1_N0.npz,1015,7,0.0,0.0,0,0.8407960199004976
main_F0_P020_Z1_N0.npz,1016,2,0.0,0.0,0,0.8407960199004976
main_F0_P020_Z1_N0.npz,1016,3,0.0,0.0,0,0.8407960199004976
main_F0_P020_Z1_N0.npz,1016,7,0.0,0.0,0,0.8407960199004976
main_F0_P020_Z1_N0.npz,1017,2,0.00013643918126504673,-0.0003125190734863271,0,0.8407960199004976
main_F0_P020_Z1_N0.npz,1017,3,0.0,0.0,0,0.8407960199004976
main_F0_P020_Z1_N0.npz,1017,7,0.0,0.0,0,0.8407960199004976
main_F0_P020_Z1_N0.npz,1018,2,0.0,0.0,0,0.8407960199004976
main_F0_P020_Z1_N0.npz,1018,3,0.0,0.0,0,0.8407960199004976
main_F0_P020_Z1_N0.npz,1018,7,0.0,0.0,0,0.8407960199004976
main_F0_P020_Z1_N0.npz,1019,2,0.0,0.0,0,0.8407960199004976
main_F0_P020_Z1_N0.npz,1019,3,0.0,0.0,0,0.8407960199004976
main_F0_P020_Z1_N0.npz,1019,7,0.0,0.0,0,0.8407960199004976
main_F0_P020_Z1_N0.npz,1020,2,0.0,0.0,0,0.8407960199004976
main_F0_P020_Z1_N0.npz,1020,3,0.0,0.0,0,0.8407960199004976
main_F0_P020_Z1_N0.npz,1020,7,0.0,0.0,0,0.8407960199004976
main_F0_P020_Z1_N0.npz,1021,2,0.0,0.0,0,0.8407960199004976
main_F0_P020_Z1_N0.npz,1021,3,0.0,0.0,0,0.8407960199004976
main_F0_P020_Z1_N0.npz,1021,7,0.0,0.0,0,0.8407960199004976
main_F0_P020_Z1_N0.npz,1022,2,0.0,0.0,0,0.8407960199004976
main_F0_P020_Z1_N0.npz,1022,3,0.0,0.0,0,0.8407960199004976
main_F0_P020_Z1_N0.npz,1022,7,0.0,0.0,0,0.8407960199004976
main_F0_P020_Z1_N0.npz,1023,2,0.0,0.0,0,0.8407960199004976
main_F0_P020_Z1_N0.npz,1023,3,0.0,0.0,0,0.8407960199004976
main_F0_P020_Z1_N0.npz,1023,7,0.0,0.0,0,0.8407960199004976
main_F0_P020_Z1_N0.npz,1024,2,0.0,0.0,0,0.8407960199004976
main_F0_P020_Z1_N0.npz,1024,3,0.0,0.0,0,0.8407960199004976
main_F0_P020_Z1_N0.npz,1024,7,0.0,0.0,0,0.8407960199004976
main_F0_P020_Z1_N0.npz,1025,2,0.0,0.0,0,0.8407960199004976
main_F0_P020_Z1_N0.npz,1025,3,0.0,0.0,0,0.8407960199004976
main_F0_P020_Z1_N0.npz,1025,7,0.0,0.0,0,0.8407960199004976
main_F0_P020_Z1_N0.npz,1026,2,0.0,0.0,0,0.8407960199004976
main_F0_P020_Z1_N0.npz,1026,3,0.0,0.0,0,0.8407960199004976
main_F0_P020_Z1_N0.npz,1026,7,0.0,0.0,0,0.8407960199004976
main_F0_P020_Z1_N0.npz,1027,2,0.0,0.0,0,0.8407960199004976
main_F0_P020_Z1_N0.npz,1027,3,0.0,0.0,0,0.8407960199004976
main_F0_P020_Z1_N0.npz,1027,7,0.0,0.0,0,0.8407960199004976
main_F0_P020_Z1_N0.npz,1028,2,0.0,0.0,0,0.8407960199004976
main_F0_P020_Z1_N0.npz,1028,3,0.0,0.0,0,0.8407960199004976
main_F0_P020_Z1_N0.npz,1028,7,0.0,0.0,0,0.8407960199004976
main_F0_P020_Z1_N0.npz,1029,2,0.0,0.0,0,0.8407960199004976
main_F0_P020_Z1_N0.npz,1029,3,0.0,0.0,0,0.8407960199004976
main_F0_P020_Z1_N0.npz,1029,7,0.0,0.0,0,0.8407960199004976
main_F0_P020_Z2_N0.npz,1000,2,0.0,0.0,0,0.8407960199004976
main_F0_P020_Z2_N0.npz,1000,3,0.0,0.0,0,0.8407960199004976
main_F0_P020_Z2_N0.npz,1000,7,0.0,0.0,0,0.8407960199004976
main_F0_P020_Z2_N0.npz,1001,2,0.0,0.0,0,0.8407960199004976
main_F0_P020_Z2_N0.npz,1001,3,0.0,0.0,0,0.8407960199004976
main_F0_P020_Z2_N0.npz,1001,7,0.0,0.0,0,0.8407960199004976
main_F0_P020_Z2_N0.npz,1002,2,0.0,0.0,0,0.8407960199004976
main_F0_P020_Z2_N0.npz,1002,3,0.0,0.0,0,0.8407960199004976
main_F0_P020_Z2_N0.npz,1002,7,0.0,0.0,0,0.8407960199004976
main_F0_P020_Z2_N0.npz,1003,2,0.0,0.0,0,0.8407960199004976
main_F0_P020_Z2_N0.npz,1003,3,0.0,0.0,0,0.8407960199004976
main_F0_P020_Z2_N0.npz,1003,7,0.0,0.0,0,0.8407960199004976
main_F0_P020_Z2_N0.npz,1004,2,0.0,0.0,0,0.8407960199004976
main_F0_P020_Z2_N0.npz,1004,3,0.0,0.0,0,0.8407960199004976
main_F0_P020_Z2_N0.npz,1004,7,0.0,0.0,0,0.8407960199004976
main_F0_P020_Z2_N0.npz,1005,2,0.0,0.0,0,0.8407960199004976
main_F0_P020_Z2_N0.npz,1005,3,0.0,0.0,0,0.8407960199004976
main_F0_P020_Z2_N0.npz,1005,7,0.0,0.0,0,0.8407960199004976
main_F0_P020_Z2_N0.npz,1006,2,0.0,0.0,0,0.8407960199004976
main_F0_P020_Z2_N0.npz,1006,3,0.0,0.0,0,0.8407960199004976
main_F0_P020_Z2_N0.npz,1006,7,0.0,0.0,0,0.8407960199004976
main_F0_P020_Z2_N0.npz,1007,2,0.0,0.0,0,0.8407960199004976
main_F0_P020_Z2_N0.npz,1007,3,0.0,0.0,0,0.8407960199004976
main_F0_P020_Z2_N0.npz,1007,7,0.0,0.0,0,0.8407960199004976
main_F0_P020_Z2_N0.npz,1008,2,0.0,0.0,0,0.8407960199004976
main_F0_P020_Z2_N0.npz,1008,3,0.0,0.0,0,0.8407960199004976
main_F0_P020_Z2_N0.npz,1008,7,0.0,0.0,0,0.8407960199004976
main_F0_P020_Z2_N0.npz,1009,2,0.0,0.0,0,0.8407960199004976
main_F0_P020_Z2_N0.npz,1009,3,0.0,0.0,0,0.8407960199004976
main_F0_P020_Z2_N0.npz,1009,7,0.0,0.0,0,0.8407960199004976
main_F0_P020_Z2_N0.npz,1010,2,0.0,0.0,0,0.8407960199004976
main_F0_P020_Z2_N0.npz,1010,3,0.0,0.0,0,0.8407960199004976
main_F0_P020_Z2_N0.npz,1010,7,0.0,0.0,0,0.8407960199004976
main_F0_P020_Z2_N0.npz,1011,2,0.0,0.0,0,0.8407960199004976
main_F0_P020_Z2_N0.npz,1011,3,0.0,0.0,0,0.8407960199004976
main_F0_P020_Z2_N0.npz,1011,7,0.0,0.0,0,0.8407960199004976
main_F0_P020_Z2_N0.npz,1012,2,0.0,0.0,0,0.8407960199004976
main_F0_P020_Z2_N0.npz,1012,3,0.0,0.0,0,0.8407960199004976
main_F0_P020_Z2_N0.npz,1012,7,0.0,0.0,0,0.8407960199004976
main_F0_P020_Z2_N0.npz,1013,2,0.0,0.0,0,0.8407960199004976
main_F0_P020_Z2_N0.npz,1013,3,0.0,0.0,0,0.8407960199004976
main_F0_P020_Z2_N0.npz,1013,7,0.0,0.0,0,0.8407960199004976
main_F0_P020_Z2_N0.npz,1014,2,0.0,0.0,0,0.8407960199004976
main_F0_P020_Z2_N0.npz,1014,3,0.0,0.0,0,0.8407960199004976
main_F0_P020_Z2_N0.npz,1014,7,0.0,0.0,0,0.8407960199004976
main_F0_P020_Z2_N0.npz,1015,2,0.0,0.0,0,0.8407960199004976
main_F0_P020_Z2_N0.npz,1015,3,0.0,0.0,0,0.8407960199004976
main_F0_P020_Z2_N0.npz,1015,7,0.0,0.0,0,0.8407960199004976
main_F0_P020_Z2_N0.npz,1016,2,0.0,0.0,0,0.8407960199004976
main_F0_P020_Z2_N0.npz,1016,3,0.0,0.0,0,0.8407960199004976
main_F0_P020_Z2_N0.npz,1016,7,0.0,0.0,0,0.8407960199004976
main_F0_P020_Z2_N0.npz,1017,2,0.0,0.0,0,0.8407960199004976
main_F0_P020_Z2_N0.npz,1017,3,0.0,0.0,0,0.8407960199004976
main_F0_P020_Z2_N0.npz,1017,7,0.0,0.0,0,0.8407960199004976
main_F0_P020_Z2_N0.npz,1018,2,0.0,0.0,0,0.8407960199004976
main_F0_P020_Z2_N0.npz,1018,3,0.0,0.0,0,0.8407960199004976
main_F0_P020_Z2_N0.npz,1018,7,0.0,0.0,0,0.8407960199004976
main_F0_P020_Z2_N0.npz,1019,2,-1.4636343300011845e-05,-0.00015685558319091658,0,0.8407960199004976
main_F0_P020_Z2_N0.npz,1019,3,0.0,0.0,0,0.8407960199004976
main_F0_P020_Z2_N0.npz,1019,7,0.0,0.0,0,0.8407960199004976
main_F0_P020_Z2_N0.npz,1020,2,0.0,0.0,0,0.8407960199004976
main_F0_P020_Z2_N0.npz,1020,3,0.0,0.0,0,0.8407960199004976
main_F0_P020_Z2_N0.npz,1020,7,0.0,0.0,0,0.8407960199004976
main_F0_P020_Z2_N0.npz,1021,2,0.0,0.0,0,0.8407960199004976
main_F0_P020_Z2_N0.npz,1021,3,0.0,0.0,0,0.8407960199004976
main_F0_P020_Z2_N0.npz,1021,7,0.0,0.0,0,0.8407960199004976
main_F0_P020_Z2_N0.npz,1022,2,0.0,0.0,0,0.8407960199004976
main_F0_P020_Z2_N0.npz,1022,3,0.0,0.0,0,0.8407960199004976
main_F0_P020_Z2_N0.npz,1022,7,0.0,0.0,0,0.8407960199004976
main_F0_P020_Z2_N0.npz,1023,2,0.0,0.0,0,0.8407960199004976
main_F0_P020_Z2_N0.npz,1023,3,0.0,0.0,0,0.8407960199004976
main_F0_P020_Z2_N0.npz,1023,7,0.0,0.0,0,0.8407960199004976
main_F0_P020_Z2_N0.npz,1024,2,0.0,0.0,0,0.8407960199004976
main_F0_P020_Z2_N0.npz,1024,3,0.0,0.0,0,0.8407960199004976
main_F0_P020_Z2_N0.npz,1024,7,0.0,0.0,0,0.8407960199004976
main_F0_P020_Z2_N0.npz,1025,2,0.0,0.0,0,0.8407960199004976
main_F0_P020_Z2_N0.npz,1025,3,0.0,0.0,0,0.8407960199004976
main_F0_P020_Z2_N0.npz,1025,7,0.0,0.0,0,0.8407960199004976
main_F0_P020_Z2_N0.npz,1026,2,0.0,0.0,0,0.8407960199004976
main_F0_P020_Z2_N0.npz,1026,3,0.0,0.0,0,0.8407960199004976
main_F0_P020_Z2_N0.npz,1026,7,0.0,0.0,0,0.8407960199004976
main_F0_P020_Z2_N0.npz,1027,2,0.0,0.0,0,0.8407960199004976
main_F0_P020_Z2_N0.npz,1027,3,0.0,0.0,0,0.8407960199004976
main_F0_P020_Z2_N0.npz,1027,7,0.0,0.0,0,0.8407960199004976
main_F0_P020_Z2_N0.npz,1028,2,0.0,0.0,0,0.8407960199004976
main_F0_P020_Z2_N0.npz,1028,3,0.0,0.0,0,0.8407960199004976
main_F0_P020_Z2_N0.npz,1028,7,0.0,0.0,0,0.8407960199004976
main_F0_P020_Z2_N0.npz,1029,2,0.0,0.0,0,0.8407960199004976
main_F0_P020_Z2_N0.npz,1029,3,0.0,0.0,0,0.8407960199004976
main_F0_P020_Z2_N0.npz,1029,7,0.0,0.0,0,0.8407960199004976
main_F0_P050_Z0_N0.npz,1000,2,0.0,0.0,0,0.8407960199004976
main_F0_P050_Z0_N0.npz,1000,3,0.0,0.0,0,0.8407960199004976
main_F0_P050_Z0_N0.npz,1000,7,0.0,0.0,0,0.8407960199004976
main_F0_P050_Z0_N0.npz,1001,2,0.0,0.0,0,0.8407960199004976
main_F0_P050_Z0_N0.npz,1001,3,0.0,0.0,0,0.8407960199004976
main_F0_P050_Z0_N0.npz,1001,7,0.0,0.0,0,0.8407960199004976
main_F0_P050_Z0_N0.npz,1002,2,0.0,0.0,0,0.8407960199004976
main_F0_P050_Z0_N0.npz,1002,3,0.0,0.0,0,0.8407960199004976
main_F0_P050_Z0_N0.npz,1002,7,0.0,0.0,0,0.8407960199004976
main_F0_P050_Z0_N0.npz,1003,2,0.0,0.0,0,0.8407960199004976
main_F0_P050_Z0_N0.npz,1003,3,0.0,0.0,0,0.8407960199004976
main_F0_P050_Z0_N0.npz,1003,7,0.0,0.0,0,0.8407960199004976
main_F0_P050_Z0_N0.npz,1004,2,0.0,0.0,0,0.8407960199004976
main_F0_P050_Z0_N0.npz,1004,3,0.0,0.0,0,0.8407960199004976
main_F0_P050_Z0_N0.npz,1004,7,0.0,0.0,0,0.8407960199004976
main_F0_P050_Z0_N0.npz,1005,2,0.0,0.0,0,0.8407960199004976
main_F0_P050_Z0_N0.npz,1005,3,0.0,0.0,0,0.8407960199004976
main_F0_P050_Z0_N0.npz,1005,7,0.0,0.0,0,0.8407960199004976
main_F0_P050_Z0_N0.npz,1006,2,0.0,0.0,0,0.8407960199004976
main_F0_P050_Z0_N0.npz,1006,3,0.0,0.0,0,0.8407960199004976
main_F0_P050_Z0_N0.npz,1006,7,0.0,0.0,0,0.8407960199004976
main_F0_P050_Z0_N0.npz,1007,2,0.0,0.0,0,0.8407960199004976
main_F0_P050_Z0_N0.npz,1007,3,0.0,0.0,0,0.8407960199004976
main_F0_P050_Z0_N0.npz,1007,7,0.0,0.0,0,0.8407960199004976
main_F0_P050_Z0_N0.npz,1008,2,0.0,0.0,0,0.8407960199004976
main_F0_P050_Z0_N0.npz,1008,3,0.0,0.0,0,0.8407960199004976
main_F0_P050_Z0_N0.npz,1008,7,0.0,0.0,0,0.8407960199004976
main_F0_P050_Z0_N0.npz,1009,2,0.0,0.0,0,0.8407960199004976
main_F0_P050_Z0_N0.npz,1009,3,0.0,0.0,0,0.8407960199004976
main_F0_P050_Z0_N0.npz,1009,7,0.0,0.0,0,0.8407960199004976
main_F0_P050_Z0_N0.npz,1010,2,0.0,0.0,0,0.8407960199004976
main_F0_P050_Z0_N0.npz,1010,3,0.0,0.0,0,0.8407960199004976
main_F0_P050_Z0_N0.npz,1010,7,0.0,0.0,0,0.8407960199004976
main_F0_P050_Z0_N0.npz,1011,2,0.0,0.0,0,0.8407960199004976
main_F0_P050_Z0_N0.npz,1011,3,0.0,0.0,0,0.8407960199004976
main_F0_P050_Z0_N0.npz,1011,7,0.0,0.0,0,0.8407960199004976
main_F0_P050_Z0_N0.npz,1012,2,0.0,0.0,0,0.8407960199004976
main_F0_P050_Z0_N0.npz,1012,3,0.0,0.0,0,0.8407960199004976
main_F0_P050_Z0_N0.npz,1012,7,0.0,0.0,0,0.8407960199004976
main_F0_P050_Z0_N0.npz,1013,2,0.0,0.0,0,0.8407960199004976
main_F0_P050_Z0_N0.npz,1013,3,0.0,0.0,0,0.8407960199004976
main_F0_P050_Z0_N0.npz,1013,7,0.0,0.0,0,0.8407960199004976
main_F0_P050_Z0_N0.npz,1014,2,0.0,0.0,0,0.8407960199004976
main_F0_P050_Z0_N0.npz,1014,3,0.0,0.0,0,0.8407960199004976
main_F0_P050_Z0_N0.npz,1014,7,0.0,0.0,0,0.8407960199004976
main_F0_P050_Z0_N0.npz,1015,2,0.0,0.0,0,0.8407960199004976
main_F0_P050_Z0_N0.npz,1015,3,0.0,0.0,0,0.8407960199004976
main_F0_P050_Z0_N0.npz,1015,7,0.0,0.0,0,0.8407960199004976
main_F0_P050_Z0_N0.npz,1016,2,0.0,0.0,0,0.8407960199004976
main_F0_P050_Z0_N0.npz,1016,3,0.0,0.0,0,0.8407960199004976
main_F0_P050_Z0_N0.npz,1016,7,0.0,0.0,0,0.8407960199004976
main_F0_P050_Z0_N0.npz,1017,2,0.0,0.0,0,0.8407960199004976
main_F0_P050_Z0_N0.npz,1017,3,0.0,0.0,0,0.8407960199004976
main_F0_P050_Z0_N0.npz,1017,7,0.0,0.0,0,0.8407960199004976
main_F0_P050_Z0_N0.npz,1018,2,0.0,0.0,0,0.8407960199004976
main_F0_P050_Z0_N0.npz,1018,3,0.0,0.0,0,0.8407960199004976
main_F0_P050_Z0_N0.npz,1018,7,0.0,0.0,0,0.8407960199004976
main_F0_P050_Z0_N0.npz,1019,2,0.0,0.0,0,0.8407960199004976
main_F0_P050_Z0_N0.npz,1019,3,0.0,0.0,0,0.8407960199004976
main_F0_P050_Z0_N0.npz,1019,7,0.0,0.0,0,0.8407960199004976
main_F0_P050_Z0_N0.npz,1020,2,0.0,0.0,0,0.8407960199004976
main_F0_P050_Z0_N0.npz,1020,3,0.0,0.0,0,0.8407960199004976
main_F0_P050_Z0_N0.npz,1020,7,0.0,0.0,0,0.8407960199004976
main_F0_P050_Z0_N0.npz,1021,2,0.0,0.0,0,0.8407960199004976
main_F0_P050_Z0_N0.npz,1021,3,0.0,0.0,0,0.8407960199004976
main_F0_P050_Z0_N0.npz,1021,7,0.0,0.0,0,0.8407960199004976
main_F0_P050_Z0_N0.npz,1022,2,0.0,0.0,0,0.8407960199004976
main_F0_P050_Z0_N0.npz,1022,3,0.0,0.0,0,0.8407960199004976
main_F0_P050_Z0_N0.npz,1022,7,0.0,0.0,0,0.8407960199004976
main_F0_P050_Z0_N0.npz,1023,2,0.0,0.0,0,0.8407960199004976
main_F0_P050_Z0_N0.npz,1023,3,0.0,0.0,0,0.8407960199004976
main_F0_P050_Z0_N0.npz,1023,7,0.0,0.0,0,0.8407960199004976
main_F0_P050_Z0_N0.npz,1024,2,0.0,0.0,0,0.8407960199004976
main_F0_P050_Z0_N0.npz,1024,3,0.0,0.0,0,0.8407960199004976
main_F0_P050_Z0_N0.npz,1024,7,0.0,0.0,0,0.8407960199004976
main_F0_P050_Z0_N0.npz,1025,2,0.0,0.0,0,0.8407960199004976
main_F0_P050_Z0_N0.npz,1025,3,0.0,0.0,0,0.8407960199004976
main_F0_P050_Z0_N0.npz,1025,7,0.0,0.0,0,0.8407960199004976
main_F0_P050_Z0_N0.npz,1026,2,0.0,0.0,0,0.8407960199004976
main_F0_P050_Z0_N0.npz,1026,3,0.0,0.0,0,0.8407960199004976
main_F0_P050_Z0_N0.npz,1026,7,0.0,0.0,0,0.8407960199004976
main_F0_P050_Z0_N0.npz,1027,2,0.0,0.0,0,0.8407960199004976
main_F0_P050_Z0_N0.npz,1027,3,0.0,0.0,0,0.8407960199004976
main_F0_P050_Z0_N0.npz,1027,7,0.0,0.0,0,0.8407960199004976
main_F0_P050_Z0_N0.npz,1028,2,0.0,0.0,0,0.8407960199004976
main_F0_P050_Z0_N0.npz,1028,3,0.0,0.0,0,0.8407960199004976
main_F0_P050_Z0_N0.npz,1028,7,0.0,0.0,0,0.8407960199004976
main_F0_P050_Z0_N0.npz,1029,2,0.0,0.0,0,0.8407960199004976
main_F0_P050_Z0_N0.npz,1029,3,0.0,0.0,0,0.8407960199004976
main_F0_P050_Z0_N0.npz,1029,7,0.0,0.0,0,0.8407960199004976
main_F0_P050_Z1_N0.npz,1000,2,0.0,0.0,0,0.8407960199004976
main_F0_P050_Z1_N0.npz,1000,3,0.0,0.0,0,0.8407960199004976
main_F0_P050_Z1_N0.npz,1000,7,0.0,0.0,0,0.8407960199004976
main_F0_P050_Z1_N0.npz,1001,2,0.0,0.0,0,0.8407960199004976
main_F0_P050_Z1_N0.npz,1001,3,0.0,0.0,0,0.8407960199004976
main_F0_P050_Z1_N0.npz,1001,7,0.0,0.0,0,0.8407960199004976
main_F0_P050_Z1_N0.npz,1002,2,0.0,0.0,0,0.8407960199004976
main_F0_P050_Z1_N0.npz,1002,3,0.0,0.0,0,0.8407960199004976
main_F0_P050_Z1_N0.npz,1002,7,0.0,0.0,0,0.8407960199004976
main_F0_P050_Z1_N0.npz,1003,2,0.0,0.0,0,0.8407960199004976
main_F0_P050_Z1_N0.npz,1003,3,0.0,0.0,0,0.8407960199004976
main_F0_P050_Z1_N0.npz,1003,7,0.0,0.0,0,0.8407960199004976
main_F0_P050_Z1_N0.npz,1004,2,0.0,0.0,0,0.8407960199004976
main_F0_P050_Z1_N0.npz,1004,3,0.0,0.0,0,0.8407960199004976
main_F0_P050_Z1_N0.npz,1004,7,0.0,0.0,0,0.8407960199004976
main_F0_P050_Z1_N0.npz,1005,2,0.0,0.0,0,0.8407960199004976
main_F0_P050_Z1_N0.npz,1005,3,0.0,0.0,0,0.8407960199004976
main_F0_P050_Z1_N0.npz,1005,7,0.0,0.0,0,0.8407960199004976
main_F0_P050_Z1_N0.npz,1006,2,0.0,0.0,0,0.8407960199004976
main_F0_P050_Z1_N0.npz,1006,3,0.0,0.0,0,0.8407960199004976
main_F0_P050_Z1_N0.npz,1006,7,0.0,0.0,0,0.8407960199004976
main_F0_P050_Z1_N0.npz,1007,2,0.0,0.0,0,0.8407960199004976
main_F0_P050_Z1_N0.npz,1007,3,0.0,0.0,0,0.8407960199004976
main_F0_P050_Z1_N0.npz,1007,7,0.0,0.0,0,0.8407960199004976
main_F0_P050_Z1_N0.npz,1008,2,0.0,0.0,0,0.8407960199004976
main_F0_P050_Z1_N0.npz,1008,3,0.0,0.0,0,0.8407960199004976
main_F0_P050_Z1_N0.npz,1008,7,0.0,0.0,0,0.8407960199004976
main_F0_P050_Z1_N0.npz,1009,2,0.0,0.0,0,0.8407960199004976
main_F0_P050_Z1_N0.npz,1009,3,0.0,0.0,0,0.8407960199004976
main_F0_P050_Z1_N0.npz,1009,7,0.0,0.0,0,0.8407960199004976
main_F0_P050_Z1_N0.npz,1010,2,0.0,0.0,0,0.8407960199004976
main_F0_P050_Z1_N0.npz,1010,3,0.0,0.0,0,0.8407960199004976
main_F0_P050_Z1_N0.npz,1010,7,0.0,0.0,0,0.8407960199004976
main_F0_P050_Z1_N0.npz,1011,2,0.0,0.0,0,0.8407960199004976
main_F0_P050_Z1_N0.npz,1011,3,0.0,0.0,0,0.8407960199004976
main_F0_P050_Z1_N0.npz,1011,7,0.0,0.0,0,0.8407960199004976
main_F0_P050_Z1_N0.npz,1012,2,0.0,0.0,0,0.8407960199004976
main_F0_P050_Z1_N0.npz,1012,3,0.0,0.0,0,0.8407960199004976
main_F0_P050_Z1_N0.npz,1012,7,0.0,0.0,0,0.8407960199004976
main_F0_P050_Z1_N0.npz,1013,2,0.0,0.0,0,0.8407960199004976
main_F0_P050_Z1_N0.npz,1013,3,0.0,0.0,0,0.8407960199004976
main_F0_P050_Z1_N0.npz,1013,7,0.0,0.0,0,0.8407960199004976
main_F0_P050_Z1_N0.npz,1014,2,0.0,0.0,0,0.8407960199004976
main_F0_P050_Z1_N0.npz,1014,3,0.0,0.0,0,0.8407960199004976
main_F0_P050_Z1_N0.npz,1014,7,0.0,0.0,0,0.8407960199004976
main_F0_P050_Z1_N0.npz,1015,2,0.0,0.0,0,0.8407960199004976
main_F0_P050_Z1_N0.npz,1015,3,0.0,0.0,0,0.8407960199004976
main_F0_P050_Z1_N0.npz,1015,7,0.0,0.0,0,0.8407960199004976
main_F0_P050_Z1_N0.npz,1016,2,0.0,0.0,0,0.8407960199004976
main_F0_P050_Z1_N0.npz,1016,3,0.0,0.0,0,0.8407960199004976
main_F0_P050_Z1_N0.npz,1016,7,0.0,0.0,0,0.8407960199004976
main_F0_P050_Z1_N0.npz,1017,2,0.0,0.0,0,0.8407960199004976
main_F0_P050_Z1_N0.npz,1017,3,0.0,0.0,0,0.8407960199004976
main_F0_P050_Z1_N0.npz,1017,7,0.0,0.0,0,0.8407960199004976
main_F0_P050_Z1_N0.npz,1018,2,0.0,0.0,0,0.8407960199004976
main_F0_P050_Z1_N0.npz,1018,3,0.0,0.0,0,0.8407960199004976
main_F0_P050_Z1_N0.npz,1018,7,0.0,0.0,0,0.8407960199004976
main_F0_P050_Z1_N0.npz,1019,2,0.0,0.0,0,0.8407960199004976
main_F0_P050_Z1_N0.npz,1019,3,0.0,0.0,0,0.8407960199004976
main_F0_P050_Z1_N0.npz,1019,7,0.0,0.0,0,0.8407960199004976
main_F0_P050_Z1_N0.npz,1020,2,0.0,0.0,0,0.8407960199004976
main_F0_P050_Z1_N0.npz,1020,3,0.0,0.0,0,0.8407960199004976
main_F0_P050_Z1_N0.npz,1020,7,0.0,0.0,0,0.8407960199004976
main_F0_P050_Z1_N0.npz,1021,2,0.0,0.0,0,0.8407960199004976
main_F0_P050_Z1_N0.npz,1021,3,0.0,0.0,0,0.8407960199004976
main_F0_P050_Z1_N0.npz,1021,7,0.0,0.0,0,0.8407960199004976
main_F0_P050_Z1_N0.npz,1022,2,0.0,0.0,0,0.8407960199004976
main_F0_P050_Z1_N0.npz,1022,3,0.0,0.0,0,0.8407960199004976
main_F0_P050_Z1_N0.npz,1022,7,0.0,0.0,0,0.8407960199004976
main_F0_P050_Z1_N0.npz,1023,2,0.0,0.0,0,0.8407960199004976
main_F0_P050_Z1_N0.npz,1023,3,0.0,0.0,0,0.8407960199004976
main_F0_P050_Z1_N0.npz,1023,7,0.0,0.0,0,0.8407960199004976
main_F0_P050_Z1_N0.npz,1024,2,0.0,0.0,0,0.8407960199004976
main_F0_P050_Z1_N0.npz,1024,3,0.0,0.0,0,0.8407960199004976
main_F0_P050_Z1_N0.npz,1024,7,0.0,0.0,0,0.8407960199004976
main_F0_P050_Z1_N0.npz,1025,2,0.0,0.0,0,0.8407960199004976
main_F0_P050_Z1_N0.npz,1025,3,0.0,0.0,0,0.8407960199004976
main_F0_P050_Z1_N0.npz,1025,7,0.0,0.0,0,0.8407960199004976
main_F0_P050_Z1_N0.npz,1026,2,0.0,0.0,0,0.8407960199004976
main_F0_P050_Z1_N0.npz,1026,3,0.0,0.0,0,0.8407960199004976
main_F0_P050_Z1_N0.npz,1026,7,0.0,0.0,0,0.8407960199004976
main_F0_P050_Z1_N0.npz,1027,2,0.0,0.0,0,0.8407960199004976
main_F0_P050_Z1_N0.npz,1027,3,0.0,0.0,0,0.8407960199004976
main_F0_P050_Z1_N0.npz,1027,7,0.0,0.0,0,0.8407960199004976
main_F0_P050_Z1_N0.npz,1028,2,0.0,0.0,0,0.8407960199004976
main_F0_P050_Z1_N0.npz,1028,3,0.0,0.0,0,0.8407960199004976
main_F0_P050_Z1_N0.npz,1028,7,0.0,0.0,0,0.8407960199004976
main_F0_P050_Z1_N0.npz,1029,2,0.0,0.0,0,0.8407960199004976
main_F0_P050_Z1_N0.npz,1029,3,0.0,0.0,0,0.8407960199004976
main_F0_P050_Z1_N0.npz,1029,7,0.0,0.0,0,0.8407960199004976
main_F0_P050_Z2_N0.npz,1000,2,0.0,0.0,0,0.8407960199004976
main_F0_P050_Z2_N0.npz,1000,3,0.0,0.0,0,0.8407960199004976
main_F0_P050_Z2_N0.npz,1000,7,0.0,0.0,0,0.8407960199004976
main_F0_P050_Z2_N0.npz,1001,2,0.0,0.0,0,0.8407960199004976
main_F0_P050_Z2_N0.npz,1001,3,0.0,0.0,0,0.8407960199004976
main_F0_P050_Z2_N0.npz,1001,7,0.0,0.0,0,0.8407960199004976
main_F0_P050_Z2_N0.npz,1002,2,0.0,0.0,0,0.8407960199004976
main_F0_P050_Z2_N0.npz,1002,3,0.0,0.0,0,0.8407960199004976
main_F0_P050_Z2_N0.npz,1002,7,0.0,0.0,0,0.8407960199004976
main_F0_P050_Z2_N0.npz,1003,2,0.0,0.0,0,0.8407960199004976
main_F0_P050_Z2_N0.npz,1003,3,0.0,0.0,0,0.8407960199004976
main_F0_P050_Z2_N0.npz,1003,7,0.0,0.0,0,0.8407960199004976
main_F0_P050_Z2_N0.npz,1004,2,0.0,0.0,0,0.8407960199004976
main_F0_P050_Z2_N0.npz,1004,3,0.0,0.0,0,0.8407960199004976
main_F0_P050_Z2_N0.npz,1004,7,0.0,0.0,0,0.8407960199004976
main_F0_P050_Z2_N0.npz,1005,2,0.0,0.0,0,0.8407960199004976
main_F0_P050_Z2_N0.npz,1005,3,0.0,0.0,0,0.8407960199004976
main_F0_P050_Z2_N0.npz,1005,7,0.0,0.0,0,0.8407960199004976
main_F0_P050_Z2_N0.npz,1006,2,0.0,0.0,0,0.8407960199004976
main_F0_P050_Z2_N0.npz,1006,3,0.0,0.0,0,0.8407960199004976
main_F0_P050_Z2_N0.npz,1006,7,0.0,0.0,0,0.8407960199004976
main_F0_P050_Z2_N0.npz,1007,2,0.0,0.0,0,0.8407960199004976
main_F0_P050_Z2_N0.npz,1007,3,0.0,0.0,0,0.8407960199004976
main_F0_P050_Z2_N0.npz,1007,7,0.0,0.0,0,0.8407960199004976
main_F0_P050_Z2_N0.npz,1008,2,0.0,0.0,0,0.8407960199004976
main_F0_P050_Z2_N0.npz,1008,3,0.0,0.0,0,0.8407960199004976
main_F0_P050_Z2_N0.npz,1008,7,0.0,0.0,0,0.8407960199004976
main_F0_P050_Z2_N0.npz,1009,2,0.0,0.0,0,0.8407960199004976
main_F0_P050_Z2_N0.npz,1009,3,0.0,0.0,0,0.8407960199004976
main_F0_P050_Z2_N0.npz,1009,7,0.0,0.0,0,0.8407960199004976
main_F0_P050_Z2_N0.npz,1010,2,0.0,0.0,0,0.8407960199004976
main_F0_P050_Z2_N0.npz,1010,3,0.0,0.0,0,0.8407960199004976
main_F0_P050_Z2_N0.npz,1010,7,0.0,0.0,0,0.8407960199004976
main_F0_P050_Z2_N0.npz,1011,2,0.00019919957956560097,-0.0003125190734863288,0,0.8407960199004976
main_F0_P050_Z2_N0.npz,1011,3,0.0008488691644892299,-0.003744792938232422,0,0.8407960199004976
main_F0_P050_Z2_N0.npz,1011,7,0.0,0.0,0,0.8407960199004976
main_F0_P050_Z2_N0.npz,1012,2,0.0,0.0,0,0.8407960199004976
main_F0_P050_Z2_N0.npz,1012,3,0.0,0.0,0,0.8407960199004976
main_F0_P050_Z2_N0.npz,1012,7,0.0,0.0,0,0.8407960199004976
main_F0_P050_Z2_N0.npz,1013,2,0.0,0.0,0,0.8407960199004976
main_F0_P050_Z2_N0.npz,1013,3,0.0,0.0,0,0.8407960199004976
main_F0_P050_Z2_N0.npz,1013,7,0.0,0.0,0,0.8407960199004976
main_F0_P050_Z2_N0.npz,1014,2,0.0,0.0,0,0.8407960199004976
main_F0_P050_Z2_N0.npz,1014,3,0.0,0.0,0,0.8407960199004976
main_F0_P050_Z2_N0.npz,1014,7,0.0,0.0,0,0.8407960199004976
main_F0_P050_Z2_N0.npz,1015,2,0.0,0.0,0,0.8407960199004976
main_F0_P050_Z2_N0.npz,1015,3,0.0,0.0,0,0.8407960199004976
main_F0_P050_Z2_N0.npz,1015,7,0.0,0.0,0,0.8407960199004976
main_F0_P050_Z2_N0.npz,1016,2,0.0,0.0,0,0.8407960199004976
main_F0_P050_Z2_N0.npz,1016,3,0.0,0.0,0,0.8407960199004976
main_F0_P050_Z2_N0.npz,1016,7,0.0,0.0,0,0.8407960199004976
main_F0_P050_Z2_N0.npz,1017,2,0.0,0.0,0,0.8407960199004976
main_F0_P050_Z2_N0.npz,1017,3,0.0,0.0,0,0.8407960199004976
main_F0_P050_Z2_N0.npz,1017,7,0.0,0.0,0,0.8407960199004976
main_F0_P050_Z2_N0.npz,1018,2,0.0,0.0,0,0.8407960199004976
main_F0_P050_Z2_N0.npz,1018,3,0.0,0.0,0,0.8407960199004976
main_F0_P050_Z2_N0.npz,1018,7,0.0,0.0,0,0.8407960199004976
main_F0_P050_Z2_N0.npz,1019,2,0.0,0.0,0,0.8407960199004976
main_F0_P050_Z2_N0.npz,1019,3,0.0,0.0,0,0.8407960199004976
main_F0_P050_Z2_N0.npz,1019,7,0.0,0.0,0,0.8407960199004976
main_F0_P050_Z2_N0.npz,1020,2,0.0,0.0,0,0.8407960199004976
main_F0_P050_Z2_N0.npz,1020,3,0.0,0.0,0,0.8407960199004976
main_F0_P050_Z2_N0.npz,1020,7,0.0,0.0,0,0.8407960199004976
main_F0_P050_Z2_N0.npz,1021,2,0.0,0.0,0,0.8407960199004976
main_F0_P050_Z2_N0.npz,1021,3,0.0,0.0,0,0.8407960199004976
main_F0_P050_Z2_N0.npz,1021,7,0.0,0.0,0,0.8407960199004976
main_F0_P050_Z2_N0.npz,1022,2,0.0,0.0,0,0.8407960199004976
main_F0_P050_Z2_N0.npz,1022,3,0.0,0.0,0,0.8407960199004976
main_F0_P050_Z2_N0.npz,1022,7,0.0,0.0,0,0.8407960199004976
main_F0_P050_Z2_N0.npz,1023,2,0.0,0.0,0,0.8407960199004976
main_F0_P050_Z2_N0.npz,1023,3,0.0,0.0,0,0.8407960199004976
main_F0_P050_Z2_N0.npz,1023,7,0.0,0.0,0,0.8407960199004976
main_F0_P050_Z2_N0.npz,1024,2,0.0,0.0,0,0.8407960199004976
main_F0_P050_Z2_N0.npz,1024,3,0.0,0.0,0,0.8407960199004976
main_F0_P050_Z2_N0.npz,1024,7,0.0,0.0,0,0.8407960199004976
main_F0_P050_Z2_N0.npz,1025,2,0.0,0.0,0,0.8407960199004976
main_F0_P050_Z2_N0.npz,1025,3,0.0,0.0,0,0.8407960199004976
main_F0_P050_Z2_N0.npz,1025,7,0.0,0.0,0,0.8407960199004976
main_F0_P050_Z2_N0.npz,1026,2,0.0,0.0,0,0.8407960199004976
main_F0_P050_Z2_N0.npz,1026,3,0.0,0.0,0,0.8407960199004976
main_F0_P050_Z2_N0.npz,1026,7,0.0,0.0,0,0.8407960199004976
main_F0_P050_Z2_N0.npz,1027,2,0.0,0.0,0,0.8407960199004976
main_F0_P050_Z2_N0.npz,1027,3,0.0,0.0,0,0.8407960199004976
main_F0_P050_Z2_N0.npz,1027,7,0.0,0.0,0,0.8407960199004976
main_F0_P050_Z2_N0.npz,1028,2,0.0,0.0,0,0.8407960199004976
main_F0_P050_Z2_N0.npz,1028,3,0.0,0.0,0,0.8407960199004976
main_F0_P050_Z2_N0.npz,1028,7,0.0,0.0,0,0.8407960199004976
main_F0_P050_Z2_N0.npz,1029,2,0.0,0.0,0,0.8407960199004976
main_F0_P050_Z2_N0.npz,1029,3,0.0,0.0,0,0.8407960199004976
main_F0_P050_Z2_N0.npz,1029,7,0.0,0.0,0,0.8407960199004976
main_F0_P100_Z0_N0.npz,1000,2,0.0,0.0,0,0.8407960199004976
main_F0_P100_Z0_N0.npz,1000,3,0.0,0.0,0,0.8407960199004976
main_F0_P100_Z0_N0.npz,1000,7,0.0,0.0,0,0.8407960199004976
main_F0_P100_Z0_N0.npz,1001,2,0.0,0.0,0,0.8407960199004976
main_F0_P100_Z0_N0.npz,1001,3,0.0,0.0,0,0.8407960199004976
main_F0_P100_Z0_N0.npz,1001,7,0.0,0.0,0,0.8407960199004976
main_F0_P100_Z0_N0.npz,1002,2,0.0,0.0,0,0.8407960199004976
main_F0_P100_Z0_N0.npz,1002,3,0.0,0.0,0,0.8407960199004976
main_F0_P100_Z0_N0.npz,1002,7,0.0,0.0,0,0.8407960199004976
main_F0_P100_Z0_N0.npz,1003,2,0.0,0.0,0,0.8407960199004976
main_F0_P100_Z0_N0.npz,1003,3,0.0,0.0,0,0.8407960199004976
main_F0_P100_Z0_N0.npz,1003,7,0.0,0.0,0,0.8407960199004976
main_F0_P100_Z0_N0.npz,1004,2,0.0,0.0,0,0.8407960199004976
main_F0_P100_Z0_N0.npz,1004,3,0.0,0.0,0,0.8407960199004976
main_F0_P100_Z0_N0.npz,1004,7,0.0,0.0,0,0.8407960199004976
main_F0_P100_Z0_N0.npz,1005,2,0.0,0.0,0,0.8407960199004976
main_F0_P100_Z0_N0.npz,1005,3,0.0,0.0,0,0.8407960199004976
main_F0_P100_Z0_N0.npz,1005,7,0.0,0.0,0,0.8407960199004976
main_F0_P100_Z0_N0.npz,1006,2,0.0,0.0,0,0.8407960199004976
main_F0_P100_Z0_N0.npz,1006,3,0.0,0.0,0,0.8407960199004976
main_F0_P100_Z0_N0.npz,1006,7,0.0,0.0,0,0.8407960199004976
main_F0_P100_Z0_N0.npz,1007,2,0.0,0.0,0,0.8407960199004976
main_F0_P100_Z0_N0.npz,1007,3,0.0,0.0,0,0.8407960199004976
main_F0_P100_Z0_N0.npz,1007,7,0.0,0.0,0,0.8407960199004976
main_F0_P100_Z0_N0.npz,1008,2,0.0,0.0,0,0.8407960199004976
main_F0_P100_Z0_N0.npz,1008,3,0.0,0.0,0,0.8407960199004976
main_F0_P100_Z0_N0.npz,1008,7,0.0,0.0,0,0.8407960199004976
main_F0_P100_Z0_N0.npz,1009,2,0.0,0.0,0,0.8407960199004976
main_F0_P100_Z0_N0.npz,1009,3,0.0,0.0,0,0.8407960199004976
main_F0_P100_Z0_N0.npz,1009,7,0.0,0.0,0,0.8407960199004976
main_F0_P100_Z0_N0.npz,1010,2,0.0,0.0,0,0.8407960199004976
main_F0_P100_Z0_N0.npz,1010,3,0.0,0.0,0,0.8407960199004976
main_F0_P100_Z0_N0.npz,1010,7,0.0,0.0,0,0.8407960199004976
main_F0_P100_Z0_N0.npz,1011,2,0.0,0.0,0,0.8407960199004976
main_F0_P100_Z0_N0.npz,1011,3,0.0,0.0,0,0.8407960199004976
main_F0_P100_Z0_N0.npz,1011,7,0.0,0.0,0,0.8407960199004976
main_F0_P100_Z0_N0.npz,1012,2,0.0,0.0,0,0.8407960199004976
main_F0_P100_Z0_N0.npz,1012,3,0.0,0.0,0,0.8407960199004976
main_F0_P100_Z0_N0.npz,1012,7,0.0,0.0,0,0.8407960199004976
main_F0_P100_Z0_N0.npz,1013,2,0.0,0.0,0,0.8407960199004976
main_F0_P100_Z0_N0.npz,1013,3,0.0,0.0,0,0.8407960199004976
main_F0_P100_Z0_N0.npz,1013,7,0.0,0.0,0,0.8407960199004976
main_F0_P100_Z0_N0.npz,1014,2,0.0,0.0,0,0.8407960199004976
main_F0_P100_Z0_N0.npz,1014,3,0.0,0.0,0,0.8407960199004976
main_F0_P100_Z0_N0.npz,1014,7,0.0,0.0,0,0.8407960199004976
main_F0_P100_Z0_N0.npz,1015,2,0.0,0.0,0,0.8407960199004976
main_F0_P100_Z0_N0.npz,1015,3,0.0,0.0,0,0.8407960199004976
main_F0_P100_Z0_N0.npz,1015,7,0.0,0.0,0,0.8407960199004976
main_F0_P100_Z0_N0.npz,1016,2,0.0,0.0,0,0.8407960199004976
main_F0_P100_Z0_N0.npz,1016,3,0.0,0.0,0,0.8407960199004976
main_F0_P100_Z0_N0.npz,1016,7,0.0,0.0,0,0.8407960199004976
main_F0_P100_Z0_N0.npz,1017,2,0.0,0.0,0,0.8407960199004976
main_F0_P100_Z0_N0.npz,1017,3,0.0,0.0,0,0.8407960199004976
main_F0_P100_Z0_N0.npz,1017,7,0.0,0.0,0,0.8407960199004976
main_F0_P100_Z0_N0.npz,1018,2,0.0,0.0,0,0.8407960199004976
main_F0_P100_Z0_N0.npz,1018,3,0.0,0.0,0,0.8407960199004976
main_F0_P100_Z0_N0.npz,1018,7,0.0,0.0,0,0.8407960199004976
main_F0_P100_Z0_N0.npz,1019,2,0.0,0.0,0,0.8407960199004976
main_F0_P100_Z0_N0.npz,1019,3,0.0,0.0,0,0.8407960199004976
main_F0_P100_Z0_N0.npz,1019,7,0.0,0.0,0,0.8407960199004976
main_F0_P100_Z0_N0.npz,1020,2,0.0,0.0,0,0.8407960199004976
main_F0_P100_Z0_N0.npz,1020,3,0.0,0.0,0,0.8407960199004976
main_F0_P100_Z0_N0.npz,1020,7,0.0,0.0,0,0.8407960199004976
main_F0_P100_Z0_N0.npz,1021,2,0.0,0.0,0,0.8407960199004976
main_F0_P100_Z0_N0.npz,1021,3,0.0,0.0,0,0.8407960199004976
main_F0_P100_Z0_N0.npz,1021,7,0.0,0.0,0,0.8407960199004976
main_F0_P100_Z0_N0.npz,1022,2,0.0,0.0,0,0.8407960199004976
main_F0_P100_Z0_N0.npz,1022,3,0.0,0.0,0,0.8407960199004976
main_F0_P100_Z0_N0.npz,1022,7,0.0,0.0,0,0.8407960199004976
main_F0_P100_Z0_N0.npz,1023,2,0.0,0.0,0,0.8407960199004976
main_F0_P100_Z0_N0.npz,1023,3,0.0,0.0,0,0.8407960199004976
main_F0_P100_Z0_N0.npz,1023,7,0.0,0.0,0,0.8407960199004976
main_F0_P100_Z0_N0.npz,1024,2,0.0,0.0,0,0.8407960199004976
main_F0_P100_Z0_N0.npz,1024,3,0.0,0.0,0,0.8407960199004976
main_F0_P100_Z0_N0.npz,1024,7,0.0,0.0,0,0.8407960199004976
main_F0_P100_Z0_N0.npz,1025,2,0.0,0.0,0,0.8407960199004976
main_F0_P100_Z0_N0.npz,1025,3,0.0,0.0,0,0.8407960199004976
main_F0_P100_Z0_N0.npz,1025,7,0.0,0.0,0,0.8407960199004976
main_F0_P100_Z0_N0.npz,1026,2,0.0,0.0,0,0.8407960199004976
main_F0_P100_Z0_N0.npz,1026,3,0.0,0.0,0,0.8407960199004976
main_F0_P100_Z0_N0.npz,1026,7,0.0,0.0,0,0.8407960199004976
main_F0_P100_Z0_N0.npz,1027,2,0.0,0.0,0,0.8407960199004976
main_F0_P100_Z0_N0.npz,1027,3,0.0,0.0,0,0.8407960199004976
main_F0_P100_Z0_N0.npz,1027,7,0.0,0.0,0,0.8407960199004976
main_F0_P100_Z0_N0.npz,1028,2,0.0,0.0,0,0.8407960199004976
main_F0_P100_Z0_N0.npz,1028,3,0.0,0.0,0,0.8407960199004976
main_F0_P100_Z0_N0.npz,1028,7,0.0,0.0,0,0.8407960199004976
main_F0_P100_Z0_N0.npz,1029,2,0.0,0.0,0,0.8407960199004976
main_F0_P100_Z0_N0.npz,1029,3,0.0,0.0,0,0.8407960199004976
main_F0_P100_Z0_N0.npz,1029,7,0.0,0.0,0,0.8407960199004976
main_F0_P100_Z1_N0.npz,1000,2,0.0,0.0,0,0.8407960199004976
main_F0_P100_Z1_N0.npz,1000,3,0.0,0.0,0,0.8407960199004976
main_F0_P100_Z1_N0.npz,1000,7,0.0,0.0,0,0.8407960199004976
main_F0_P100_Z1_N0.npz,1001,2,0.007728880523739434,-0.00031244754791259766,0,0.8407960199004976
main_F0_P100_Z1_N0.npz,1001,3,0.007729403687010361,-0.00031244754791259766,0,0.8407960199004976
main_F0_P100_Z1_N0.npz,1001,7,0.00772901701131623,-0.00031244754791259766,0,0.8407960199004976
main_F0_P100_Z1_N0.npz,1002,2,0.0,0.0,0,0.8407960199004976
main_F0_P100_Z1_N0.npz,1002,3,0.0,0.0,0,0.8407960199004976
main_F0_P100_Z1_N0.npz,1002,7,0.0,0.0,0,0.8407960199004976
main_F0_P100_Z1_N0.npz,1003,2,0.0,0.0,0,0.8407960199004976
main_F0_P100_Z1_N0.npz,1003,3,0.0,0.0,0,0.8407960199004976
main_F0_P100_Z1_N0.npz,1003,7,0.0,0.0,0,0.8407960199004976
main_F0_P100_Z1_N0.npz,1004,2,0.0,0.0,0,0.8407960199004976
main_F0_P100_Z1_N0.npz,1004,3,0.0,0.0,0,0.8407960199004976
main_F0_P100_Z1_N0.npz,1004,7,0.0,0.0,0,0.8407960199004976
main_F0_P100_Z1_N0.npz,1005,2,0.0,0.0,0,0.8407960199004976
main_F0_P100_Z1_N0.npz,1005,3,0.0,0.0,0,0.8407960199004976
main_F0_P100_Z1_N0.npz,1005,7,0.0,0.0,0,0.8407960199004976
main_F0_P100_Z1_N0.npz,1006,2,0.0,0.0,0,0.8407960199004976
main_F0_P100_Z1_N0.npz,1006,3,0.0,0.0,0,0.8407960199004976
main_F0_P100_Z1_N0.npz,1006,7,0.0,0.0,0,0.8407960199004976
main_F0_P100_Z1_N0.npz,1007,2,0.0,0.0,0,0.8407960199004976
main_F0_P100_Z1_N0.npz,1007,3,0.0,0.0,0,0.8407960199004976
main_F0_P100_Z1_N0.npz,1007,7,0.0,0.0,0,0.8407960199004976
main_F0_P100_Z1_N0.npz,1008,2,0.0,0.0,0,0.8407960199004976
main_F0_P100_Z1_N0.npz,1008,3,0.0,0.0,0,0.8407960199004976
main_F0_P100_Z1_N0.npz,1008,7,0.0,0.0,0,0.8407960199004976
main_F0_P100_Z1_N0.npz,1009,2,0.0,0.0,0,0.8407960199004976
main_F0_P100_Z1_N0.npz,1009,3,0.0,0.0,0,0.8407960199004976
main_F0_P100_Z1_N0.npz,1009,7,0.0,0.0,0,0.8407960199004976
main_F0_P100_Z1_N0.npz,1010,2,0.0,0.0,0,0.8407960199004976
main_F0_P100_Z1_N0.npz,1010,3,0.0,0.0,0,0.8407960199004976
main_F0_P100_Z1_N0.npz,1010,7,0.0,0.0,0,0.8407960199004976
main_F0_P100_Z1_N0.npz,1011,2,0.0,0.0,0,0.8407960199004976
main_F0_P100_Z1_N0.npz,1011,3,0.0,0.0,0,0.8407960199004976
main_F0_P100_Z1_N0.npz,1011,7,0.0,0.0,0,0.8407960199004976
main_F0_P100_Z1_N0.npz,1012,2,0.0,0.0,0,0.8407960199004976
main_F0_P100_Z1_N0.npz,1012,3,0.0,0.0,0,0.8407960199004976
main_F0_P100_Z1_N0.npz,1012,7,0.0,0.0,0,0.8407960199004976
main_F0_P100_Z1_N0.npz,1013,2,0.0,0.0,0,0.8407960199004976
main_F0_P100_Z1_N0.npz,1013,3,0.0,0.0,0,0.8407960199004976
main_F0_P100_Z1_N0.npz,1013,7,0.0,0.0,0,0.8407960199004976
main_F0_P100_Z1_N0.npz,1014,2,0.0,0.0,0,0.8407960199004976
main_F0_P100_Z1_N0.npz,1014,3,0.0,0.0,0,0.8407960199004976
main_F0_P100_Z1_N0.npz,1014,7,0.0,0.0,0,0.8407960199004976
main_F0_P100_Z1_N0.npz,1015,2,0.0,0.0,0,0.8407960199004976
main_F0_P100_Z1_N0.npz,1015,3,0.0,0.0,0,0.8407960199004976
main_F0_P100_Z1_N0.npz,1015,7,0.0,0.0,0,0.8407960199004976
main_F0_P100_Z1_N0.npz,1016,2,0.0,0.0,0,0.8407960199004976
main_F0_P100_Z1_N0.npz,1016,3,0.0,0.0,0,0.8407960199004976
main_F0_P100_Z1_N0.npz,1016,7,0.0,0.0,0,0.8407960199004976
main_F0_P100_Z1_N0.npz,1017,2,0.0,0.0,0,0.8407960199004976
main_F0_P100_Z1_N0.npz,1017,3,0.0,0.0,0,0.8407960199004976
main_F0_P100_Z1_N0.npz,1017,7,0.0,0.0,0,0.8407960199004976
main_F0_P100_Z1_N0.npz,1018,2,0.0,0.0,0,0.8407960199004976
main_F0_P100_Z1_N0.npz,1018,3,0.0,0.0,0,0.8407960199004976
main_F0_P100_Z1_N0.npz,1018,7,0.0,0.0,0,0.8407960199004976
main_F0_P100_Z1_N0.npz,1019,2,0.0,0.0,0,0.8407960199004976
main_F0_P100_Z1_N0.npz,1019,3,0.0,0.0,0,0.8407960199004976
main_F0_P100_Z1_N0.npz,1019,7,0.0,0.0,0,0.8407960199004976
main_F0_P100_Z1_N0.npz,1020,2,0.0,0.0,0,0.8407960199004976
main_F0_P100_Z1_N0.npz,1020,3,0.0,0.0,0,0.8407960199004976
main_F0_P100_Z1_N0.npz,1020,7,0.0,0.0,0,0.8407960199004976
main_F0_P100_Z1_N0.npz,1021,2,0.0,0.0,0,0.8407960199004976
main_F0_P100_Z1_N0.npz,1021,3,0.0,0.0,0,0.8407960199004976
main_F0_P100_Z1_N0.npz,1021,7,0.0,0.0,0,0.8407960199004976
main_F0_P100_Z1_N0.npz,1022,2,0.0,0.0,0,0.8407960199004976
main_F0_P100_Z1_N0.npz,1022,3,0.0,0.0,0,0.8407960199004976
main_F0_P100_Z1_N0.npz,1022,7,0.0,0.0,0,0.8407960199004976
main_F0_P100_Z1_N0.npz,1023,2,0.0,0.0,0,0.8407960199004976
main_F0_P100_Z1_N0.npz,1023,3,0.0,0.0,0,0.8407960199004976
main_F0_P100_Z1_N0.npz,1023,7,0.0,0.0,0,0.8407960199004976
main_F0_P100_Z1_N0.npz,1024,2,0.0,0.0,0,0.8407960199004976
main_F0_P100_Z1_N0.npz,1024,3,0.0,0.0,0,0.8407960199004976
main_F0_P100_Z1_N0.npz,1024,7,0.0,0.0,0,0.8407960199004976
main_F0_P100_Z1_N0.npz,1025,2,0.0,0.0,0,0.8407960199004976
main_F0_P100_Z1_N0.npz,1025,3,0.0,0.0,0,0.8407960199004976
main_F0_P100_Z1_N0.npz,1025,7,0.0,0.0,0,0.8407960199004976
main_F0_P100_Z1_N0.npz,1026,2,0.0,0.0,0,0.8407960199004976
main_F0_P100_Z1_N0.npz,1026,3,0.0,0.0,0,0.8407960199004976
main_F0_P100_Z1_N0.npz,1026,7,0.0,0.0,0,0.8407960199004976
main_F0_P100_Z1_N0.npz,1027,2,0.0,0.0,0,0.8407960199004976
main_F0_P100_Z1_N0.npz,1027,3,0.0,0.0,0,0.8407960199004976
main_F0_P100_Z1_N0.npz,1027,7,0.0,0.0,0,0.8407960199004976
main_F0_P100_Z1_N0.npz,1028,2,0.0,0.0,0,0.8407960199004976
main_F0_P100_Z1_N0.npz,1028,3,0.0,0.0,0,0.8407960199004976
main_F0_P100_Z1_N0.npz,1028,7,0.0,0.0,0,0.8407960199004976
main_F0_P100_Z1_N0.npz,1029,2,0.0,0.0,0,0.8407960199004976
main_F0_P100_Z1_N0.npz,1029,3,0.0,0.0,0,0.8407960199004976
main_F0_P100_Z1_N0.npz,1029,7,0.0,0.0,0,0.8407960199004976
main_F0_P100_Z2_N0.npz,1000,2,0.0,0.0,0,0.8407960199004976
main_F0_P100_Z2_N0.npz,1000,3,0.0,0.0,0,0.8407960199004976
main_F0_P100_Z2_N0.npz,1000,7,0.0,0.0,0,0.8407960199004976
main_F0_P100_Z2_N0.npz,1001,2,0.0,0.0,0,0.8407960199004976
main_F0_P100_Z2_N0.npz,1001,3,0.0,0.0,0,0.8407960199004976
main_F0_P100_Z2_N0.npz,1001,7,0.0,0.0,0,0.8407960199004976
main_F0_P100_Z2_N0.npz,1002,2,0.0,0.0,0,0.8407960199004976
main_F0_P100_Z2_N0.npz,1002,3,0.0,0.0,0,0.8407960199004976
main_F0_P100_Z2_N0.npz,1002,7,0.0,0.0,0,0.8407960199004976
main_F0_P100_Z2_N0.npz,1003,2,0.0,0.0,0,0.8407960199004976
main_F0_P100_Z2_N0.npz,1003,3,0.0,0.0,0,0.8407960199004976
main_F0_P100_Z2_N0.npz,1003,7,0.0,0.0,0,0.8407960199004976
main_F0_P100_Z2_N0.npz,1004,2,0.0,0.0,0,0.8407960199004976
main_F0_P100_Z2_N0.npz,1004,3,0.0,0.0,0,0.8407960199004976
main_F0_P100_Z2_N0.npz,1004,7,0.0,0.0,0,0.8407960199004976
main_F0_P100_Z2_N0.npz,1005,2,0.0,0.0,0,0.8407960199004976
main_F0_P100_Z2_N0.npz,1005,3,0.0,0.0,0,0.8407960199004976
main_F0_P100_Z2_N0.npz,1005,7,0.0,0.0,0,0.8407960199004976
main_F0_P100_Z2_N0.npz,1006,2,0.0,0.0,0,0.8407960199004976
main_F0_P100_Z2_N0.npz,1006,3,0.0,0.0,0,0.8407960199004976
main_F0_P100_Z2_N0.npz,1006,7,0.0,0.0,0,0.8407960199004976
main_F0_P100_Z2_N0.npz,1007,2,0.0,0.0,0,0.8407960199004976
main_F0_P100_Z2_N0.npz,1007,3,0.0,0.0,0,0.8407960199004976
main_F0_P100_Z2_N0.npz,1007,7,0.0,0.0,0,0.8407960199004976
main_F0_P100_Z2_N0.npz,1008,2,0.0,0.0,0,0.8407960199004976
main_F0_P100_Z2_N0.npz,1008,3,0.0,0.0,0,0.8407960199004976
main_F0_P100_Z2_N0.npz,1008,7,0.0,0.0,0,0.8407960199004976
main_F0_P100_Z2_N0.npz,1009,2,0.0,0.0,0,0.8407960199004976
main_F0_P100_Z2_N0.npz,1009,3,0.0,0.0,0,0.8407960199004976
main_F0_P100_Z2_N0.npz,1009,7,0.0,0.0,0,0.8407960199004976
main_F0_P100_Z2_N0.npz,1010,2,0.0,0.0,0,0.8407960199004976
main_F0_P100_Z2_N0.npz,1010,3,0.0,0.0,0,0.8407960199004976
main_F0_P100_Z2_N0.npz,1010,7,0.0,0.0,0,0.8407960199004976
main_F0_P100_Z2_N0.npz,1011,2,0.0,0.0,0,0.8407960199004976
main_F0_P100_Z2_N0.npz,1011,3,0.0,0.0,0,0.8407960199004976
main_F0_P100_Z2_N0.npz,1011,7,0.0,0.0,0,0.8407960199004976
main_F0_P100_Z2_N0.npz,1012,2,0.0,0.0,0,0.8407960199004976
main_F0_P100_Z2_N0.npz,1012,3,0.0,0.0,0,0.8407960199004976
main_F0_P100_Z2_N0.npz,1012,7,0.0,0.0,0,0.8407960199004976
main_F0_P100_Z2_N0.npz,1013,2,0.0,0.0,0,0.8407960199004976
main_F0_P100_Z2_N0.npz,1013,3,0.0,0.0,0,0.8407960199004976
main_F0_P100_Z2_N0.npz,1013,7,0.0,0.0,0,0.8407960199004976
main_F0_P100_Z2_N0.npz,1014,2,0.0,0.0,0,0.8407960199004976
main_F0_P100_Z2_N0.npz,1014,3,0.0,0.0,0,0.8407960199004976
main_F0_P100_Z2_N0.npz,1014,7,0.0,0.0,0,0.8407960199004976
main_F0_P100_Z2_N0.npz,1015,2,0.0,0.0,0,0.8407960199004976
main_F0_P100_Z2_N0.npz,1015,3,0.0,0.0,0,0.8407960199004976
main_F0_P100_Z2_N0.npz,1015,7,0.0,0.0,0,0.8407960199004976
main_F0_P100_Z2_N0.npz,1016,2,0.0,0.0,0,0.8407960199004976
main_F0_P100_Z2_N0.npz,1016,3,0.0,0.0,0,0.8407960199004976
main_F0_P100_Z2_N0.npz,1016,7,0.0,0.0,0,0.8407960199004976
main_F0_P100_Z2_N0.npz,1017,2,0.0,0.0,0,0.8407960199004976
main_F0_P100_Z2_N0.npz,1017,3,0.0,0.0,0,0.8407960199004976
main_F0_P100_Z2_N0.npz,1017,7,0.0,0.0,0,0.8407960199004976
main_F0_P100_Z2_N0.npz,1018,2,0.0,0.0,0,0.8407960199004976
main_F0_P100_Z2_N0.npz,1018,3,0.0,0.0,0,0.8407960199004976
main_F0_P100_Z2_N0.npz,1018,7,0.0,0.0,0,0.8407960199004976
main_F0_P100_Z2_N0.npz,1019,2,0.0,0.0,0,0.8407960199004976
main_F0_P100_Z2_N0.npz,1019,3,0.0,0.0,0,0.8407960199004976
main_F0_P100_Z2_N0.npz,1019,7,0.0,0.0,0,0.8407960199004976
main_F0_P100_Z2_N0.npz,1020,2,0.0,0.0,0,0.8407960199004976
main_F0_P100_Z2_N0.npz,1020,3,0.0,0.0,0,0.8407960199004976
main_F0_P100_Z2_N0.npz,1020,7,0.0,0.0,0,0.8407960199004976
main_F0_P100_Z2_N0.npz,1021,2,0.0,0.0,0,0.8407960199004976
main_F0_P100_Z2_N0.npz,1021,3,0.0,0.0,0,0.8407960199004976
main_F0_P100_Z2_N0.npz,1021,7,0.0,0.0,0,0.8407960199004976
main_F0_P100_Z2_N0.npz,1022,2,0.0,0.0,0,0.8407960199004976
main_F0_P100_Z2_N0.npz,1022,3,0.0,0.0,0,0.8407960199004976
main_F0_P100_Z2_N0.npz,1022,7,0.0,0.0,0,0.8407960199004976
main_F0_P100_Z2_N0.npz,1023,2,0.0,0.0,0,0.8407960199004976
main_F0_P100_Z2_N0.npz,1023,3,0.0,0.0,0,0.8407960199004976
main_F0_P100_Z2_N0.npz,1023,7,0.0,0.0,0,0.8407960199004976
main_F0_P100_Z2_N0.npz,1024,2,0.0,0.0,0,0.8407960199004976
main_F0_P100_Z2_N0.npz,1024,3,0.0,0.0,0,0.8407960199004976
main_F0_P100_Z2_N0.npz,1024,7,0.0,0.0,0,0.8407960199004976
main_F0_P100_Z2_N0.npz,1025,2,0.0,0.0,0,0.8407960199004976
main_F0_P100_Z2_N0.npz,1025,3,0.0,0.0,0,0.8407960199004976
main_F0_P100_Z2_N0.npz,1025,7,0.0,0.0,0,0.8407960199004976
main_F0_P100_Z2_N0.npz,1026,2,0.0,0.0,0,0.8407960199004976
main_F0_P100_Z2_N0.npz,1026,3,0.0,0.0,0,0.8407960199004976
main_F0_P100_Z2_N0.npz,1026,7,0.0,0.0,0,0.8407960199004976
main_F0_P100_Z2_N0.npz,1027,2,0.0,0.0,0,0.8407960199004976
main_F0_P100_Z2_N0.npz,1027,3,0.0,0.0,0,0.8407960199004976
main_F0_P100_Z2_N0.npz,1027,7,0.0,0.0,0,0.8407960199004976
main_F0_P100_Z2_N0.npz,1028,2,0.0,0.0,0,0.8407960199004976
main_F0_P100_Z2_N0.npz,1028,3,0.0,0.0,0,0.8407960199004976
main_F0_P100_Z2_N0.npz,1028,7,0.0,0.0,0,0.8407960199004976
main_F0_P100_Z2_N0.npz,1029,2,0.0,0.0,0,0.8407960199004976
main_F0_P100_Z2_N0.npz,1029,3,0.0,0.0,0,0.8407960199004976
main_F0_P100_Z2_N0.npz,1029,7,0.0,0.0,0,0.8407960199004976
main_F1_P020_Z0_N0.npz,1000,2,0.0,0.0,0,0.8407960199004976
main_F1_P020_Z0_N0.npz,1000,3,0.0,0.0,0,0.8407960199004976
main_F1_P020_Z0_N0.npz,1000,7,0.0,0.0,0,0.8407960199004976
main_F1_P020_Z0_N0.npz,1001,2,0.0,0.0,0,0.8407960199004976
main_F1_P020_Z0_N0.npz,1001,3,0.0,0.0,0,0.8407960199004976
main_F1_P020_Z0_N0.npz,1001,7,0.0,0.0,0,0.8407960199004976
main_F1_P020_Z0_N0.npz,1002,2,0.0,0.0,0,0.8407960199004976
main_F1_P020_Z0_N0.npz,1002,3,0.0,0.0,0,0.8407960199004976
main_F1_P020_Z0_N0.npz,1002,7,0.0,0.0,0,0.8407960199004976
main_F1_P020_Z0_N0.npz,1003,2,0.0,0.0,0,0.8407960199004976
main_F1_P020_Z0_N0.npz,1003,3,0.0,0.0,0,0.8407960199004976
main_F1_P020_Z0_N0.npz,1003,7,0.0,0.0,0,0.8407960199004976
main_F1_P020_Z0_N0.npz,1004,2,0.0,0.0,0,0.8407960199004976
main_F1_P020_Z0_N0.npz,1004,3,0.0,0.0,0,0.8407960199004976
main_F1_P020_Z0_N0.npz,1004,7,0.0,0.0,0,0.8407960199004976
main_F1_P020_Z0_N0.npz,1005,2,0.0,0.0,0,0.8407960199004976
main_F1_P020_Z0_N0.npz,1005,3,0.0,0.0,0,0.8407960199004976
main_F1_P020_Z0_N0.npz,1005,7,0.0,0.0,0,0.8407960199004976
main_F1_P020_Z0_N0.npz,1006,2,0.0,0.0,0,0.8407960199004976
main_F1_P020_Z0_N0.npz,1006,3,0.0,0.0,0,0.8407960199004976
main_F1_P020_Z0_N0.npz,1006,7,0.0,0.0,0,0.8407960199004976
main_F1_P020_Z0_N0.npz,1007,2,0.0,0.0,0,0.8407960199004976
main_F1_P020_Z0_N0.npz,1007,3,0.0,0.0,0,0.8407960199004976
main_F1_P020_Z0_N0.npz,1007,7,0.0,0.0,0,0.8407960199004976
main_F1_P020_Z0_N0.npz,1008,2,0.0,0.0,0,0.8407960199004976
main_F1_P020_Z0_N0.npz,1008,3,0.0,0.0,0,0.8407960199004976
main_F1_P020_Z0_N0.npz,1008,7,0.0,0.0,0,0.8407960199004976
main_F1_P020_Z0_N0.npz,1009,2,0.0,0.0,0,0.8407960199004976
main_F1_P020_Z0_N0.npz,1009,3,0.0,0.0,0,0.8407960199004976
main_F1_P020_Z0_N0.npz,1009,7,0.0,0.0,0,0.8407960199004976
main_F1_P020_Z0_N0.npz,1010,2,0.0,0.0,0,0.8407960199004976
main_F1_P020_Z0_N0.npz,1010,3,0.0,0.0,0,0.8407960199004976
main_F1_P020_Z0_N0.npz,1010,7,0.0,0.0,0,0.8407960199004976
main_F1_P020_Z0_N0.npz,1011,2,0.0,0.0,0,0.8407960199004976
main_F1_P020_Z0_N0.npz,1011,3,0.0,0.0,0,0.8407960199004976
main_F1_P020_Z0_N0.npz,1011,7,0.0,0.0,0,0.8407960199004976
main_F1_P020_Z0_N0.npz,1012,2,0.0,0.0,0,0.8407960199004976
main_F1_P020_Z0_N0.npz,1012,3,0.0,0.0,0,0.8407960199004976
main_F1_P020_Z0_N0.npz,1012,7,0.0,0.0,0,0.8407960199004976
main_F1_P020_Z0_N0.npz,1013,2,0.0,0.0,0,0.8407960199004976
main_F1_P020_Z0_N0.npz,1013,3,0.0,0.0,0,0.8407960199004976
main_F1_P020_Z0_N0.npz,1013,7,0.0,0.0,0,0.8407960199004976
main_F1_P020_Z0_N0.npz,1014,2,0.0,0.0,0,0.8407960199004976
main_F1_P020_Z0_N0.npz,1014,3,0.0,0.0,0,0.8407960199004976
main_F1_P020_Z0_N0.npz,1014,7,0.0,0.0,0,0.8407960199004976
main_F1_P020_Z0_N0.npz,1015,2,0.0,0.0,0,0.8407960199004976
main_F1_P020_Z0_N0.npz,1015,3,0.0,0.0,0,0.8407960199004976
main_F1_P020_Z0_N0.npz,1015,7,0.0,0.0,0,0.8407960199004976
main_F1_P020_Z0_N0.npz,1016,2,0.0,0.0,0,0.8407960199004976
main_F1_P020_Z0_N0.npz,1016,3,0.0,0.0,0,0.8407960199004976
main_F1_P020_Z0_N0.npz,1016,7,0.0,0.0,0,0.8407960199004976
main_F1_P020_Z0_N0.npz,1017,2,0.0,0.0,0,0.8407960199004976
main_F1_P020_Z0_N0.npz,1017,3,0.0,0.0,0,0.8407960199004976
main_F1_P020_Z0_N0.npz,1017,7,0.0,0.0,0,0.8407960199004976
main_F1_P020_Z0_N0.npz,1018,2,0.0,0.0,0,0.8407960199004976
main_F1_P020_Z0_N0.npz,1018,3,0.0,0.0,0,0.8407960199004976
main_F1_P020_Z0_N0.npz,1018,7,0.0,0.0,0,0.8407960199004976
main_F1_P020_Z0_N0.npz,1019,2,0.0,0.0,0,0.8407960199004976
main_F1_P020_Z0_N0.npz,1019,3,0.0,0.0,0,0.8407960199004976
main_F1_P020_Z0_N0.npz,1019,7,0.0,0.0,0,0.8407960199004976
main_F1_P020_Z0_N0.npz,1020,2,0.0,0.0,0,0.8407960199004976
main_F1_P020_Z0_N0.npz,1020,3,0.0,0.0,0,0.8407960199004976
main_F1_P020_Z0_N0.npz,1020,7,0.0,0.0,0,0.8407960199004976
main_F1_P020_Z0_N0.npz,1021,2,0.0,0.0,0,0.8407960199004976
main_F1_P020_Z0_N0.npz,1021,3,0.0,0.0,0,0.8407960199004976
main_F1_P020_Z0_N0.npz,1021,7,0.0,0.0,0,0.8407960199004976
main_F1_P020_Z0_N0.npz,1022,2,0.0,0.0,0,0.8407960199004976
main_F1_P020_Z0_N0.npz,1022,3,0.0,0.0,0,0.8407960199004976
main_F1_P020_Z0_N0.npz,1022,7,0.0,0.0,0,0.8407960199004976
main_F1_P020_Z0_N0.npz,1023,2,0.0,0.0,0,0.8407960199004976
main_F1_P020_Z0_N0.npz,1023,3,0.0,0.0,0,0.8407960199004976
main_F1_P020_Z0_N0.npz,1023,7,0.0,0.0,0,0.8407960199004976
main_F1_P020_Z0_N0.npz,1024,2,0.0,0.0,0,0.8407960199004976
main_F1_P020_Z0_N0.npz,1024,3,0.0,0.0,0,0.8407960199004976
main_F1_P020_Z0_N0.npz,1024,7,0.0,0.0,0,0.8407960199004976
main_F1_P020_Z0_N0.npz,1025,2,0.0,0.0,0,0.8407960199004976
main_F1_P020_Z0_N0.npz,1025,3,0.0,0.0,0,0.8407960199004976
main_F1_P020_Z0_N0.npz,1025,7,0.0,0.0,0,0.8407960199004976
main_F1_P020_Z0_N0.npz,1026,2,0.0,0.0,0,0.8407960199004976
main_F1_P020_Z0_N0.npz,1026,3,0.0,0.0,0,0.8407960199004976
main_F1_P020_Z0_N0.npz,1026,7,0.0,0.0,0,0.8407960199004976
main_F1_P020_Z0_N0.npz,1027,2,0.0,0.0,0,0.8407960199004976
main_F1_P020_Z0_N0.npz,1027,3,0.0,0.0,0,0.8407960199004976
main_F1_P020_Z0_N0.npz,1027,7,0.0,0.0,0,0.8407960199004976
main_F1_P020_Z0_N0.npz,1028,2,0.0,0.0,0,0.8407960199004976
main_F1_P020_Z0_N0.npz,1028,3,0.0,0.0,0,0.8407960199004976
main_F1_P020_Z0_N0.npz,1028,7,0.0,0.0,0,0.8407960199004976
main_F1_P020_Z0_N0.npz,1029,2,0.0,0.0,0,0.8407960199004976
main_F1_P020_Z0_N0.npz,1029,3,0.0,0.0,0,0.8407960199004976
main_F1_P020_Z0_N0.npz,1029,7,0.0,0.0,0,0.8407960199004976
main_F1_P020_Z1_N0.npz,1000,2,0.0,0.0,0,0.8407960199004976
main_F1_P020_Z1_N0.npz,1000,3,0.0,0.0,0,0.8407960199004976
main_F1_P020_Z1_N0.npz,1000,7,0.0,0.0,0,0.8407960199004976
main_F1_P020_Z1_N0.npz,1001,2,0.0,0.0,0,0.8407960199004976
main_F1_P020_Z1_N0.npz,1001,3,0.0,0.0,0,0.8407960199004976
main_F1_P020_Z1_N0.npz,1001,7,0.0,0.0,0,0.8407960199004976
main_F1_P020_Z1_N0.npz,1002,2,0.0,0.0,0,0.8407960199004976
main_F1_P020_Z1_N0.npz,1002,3,0.0,0.0,0,0.8407960199004976
main_F1_P020_Z1_N0.npz,1002,7,0.0,0.0,0,0.8407960199004976
main_F1_P020_Z1_N0.npz,1003,2,0.0,0.0,0,0.8407960199004976
main_F1_P020_Z1_N0.npz,1003,3,0.0,0.0,0,0.8407960199004976
main_F1_P020_Z1_N0.npz,1003,7,0.0,0.0,0,0.8407960199004976
main_F1_P020_Z1_N0.npz,1004,2,0.0,0.0,0,0.8407960199004976
main_F1_P020_Z1_N0.npz,1004,3,0.0,0.0,0,0.8407960199004976
main_F1_P020_Z1_N0.npz,1004,7,0.0,0.0,0,0.8407960199004976
main_F1_P020_Z1_N0.npz,1005,2,0.0,0.0,0,0.8407960199004976
main_F1_P020_Z1_N0.npz,1005,3,0.0,0.0,0,0.8407960199004976
main_F1_P020_Z1_N0.npz,1005,7,0.0,0.0,0,0.8407960199004976
main_F1_P020_Z1_N0.npz,1006,2,0.0,0.0,0,0.8407960199004976
main_F1_P020_Z1_N0.npz,1006,3,0.0,0.0,0,0.8407960199004976
main_F1_P020_Z1_N0.npz,1006,7,0.0,0.0,0,0.8407960199004976
main_F1_P020_Z1_N0.npz,1007,2,0.0,0.0,0,0.8407960199004976
main_F1_P020_Z1_N0.npz,1007,3,0.0,0.0,0,0.8407960199004976
main_F1_P020_Z1_N0.npz,1007,7,0.0,0.0,0,0.8407960199004976
main_F1_P020_Z1_N0.npz,1008,2,0.0,0.0,0,0.8407960199004976
main_F1_P020_Z1_N0.npz,1008,3,0.0,0.0,0,0.8407960199004976
main_F1_P020_Z1_N0.npz,1008,7,0.0,0.0,0,0.8407960199004976
main_F1_P020_Z1_N0.npz,1009,2,0.0,0.0,0,0.8407960199004976
main_F1_P020_Z1_N0.npz,1009,3,0.0,0.0,0,0.8407960199004976
main_F1_P020_Z1_N0.npz,1009,7,0.0,0.0,0,0.8407960199004976
main_F1_P020_Z1_N0.npz,1010,2,0.0,0.0,0,0.8407960199004976
main_F1_P020_Z1_N0.npz,1010,3,0.0,0.0,0,0.8407960199004976
main_F1_P020_Z1_N0.npz,1010,7,0.0,0.0,0,0.8407960199004976
main_F1_P020_Z1_N0.npz,1011,2,0.0,0.0,0,0.8407960199004976
main_F1_P020_Z1_N0.npz,1011,3,0.0,0.0,0,0.8407960199004976
main_F1_P020_Z1_N0.npz,1011,7,0.0,0.0,0,0.8407960199004976
main_F1_P020_Z1_N0.npz,1012,2,0.0,0.0,0,0.8407960199004976
main_F1_P020_Z1_N0.npz,1012,3,0.0,0.0,0,0.8407960199004976
main_F1_P020_Z1_N0.npz,1012,7,0.0,0.0,0,0.8407960199004976
main_F1_P020_Z1_N0.npz,1013,2,0.0,0.0,0,0.8407960199004976
main_F1_P020_Z1_N0.npz,1013,3,0.0,0.0,0,0.8407960199004976
main_F1_P020_Z1_N0.npz,1013,7,0.0,0.0,0,0.8407960199004976
main_F1_P020_Z1_N0.npz,1014,2,0.0,0.0,0,0.8407960199004976
main_F1_P020_Z1_N0.npz,1014,3,0.0,0.0,0,0.8407960199004976
main_F1_P020_Z1_N0.npz,1014,7,0.0,0.0,0,0.8407960199004976
main_F1_P020_Z1_N0.npz,1015,2,0.0,0.0,0,0.8407960199004976
main_F1_P020_Z1_N0.npz,1015,3,0.0,0.0,0,0.8407960199004976
main_F1_P020_Z1_N0.npz,1015,7,0.0,0.0,0,0.8407960199004976
main_F1_P020_Z1_N0.npz,1016,2,0.0,0.0,0,0.8407960199004976
main_F1_P020_Z1_N0.npz,1016,3,0.0,0.0,0,0.8407960199004976
main_F1_P020_Z1_N0.npz,1016,7,0.0,0.0,0,0.8407960199004976
main_F1_P020_Z1_N0.npz,1017,2,0.0,0.0,0,0.8407960199004976
main_F1_P020_Z1_N0.npz,1017,3,0.0,0.0,0,0.8407960199004976
main_F1_P020_Z1_N0.npz,1017,7,0.0,0.0,0,0.8407960199004976
main_F1_P020_Z1_N0.npz,1018,2,0.0,0.0,0,0.8407960199004976
main_F1_P020_Z1_N0.npz,1018,3,0.0,0.0,0,0.8407960199004976
main_F1_P020_Z1_N0.npz,1018,7,0.0,0.0,0,0.8407960199004976
main_F1_P020_Z1_N0.npz,1019,2,0.0,0.0,0,0.8407960199004976
main_F1_P020_Z1_N0.npz,1019,3,0.0,0.0,0,0.8407960199004976
main_F1_P020_Z1_N0.npz,1019,7,0.0,0.0,0,0.8407960199004976
main_F1_P020_Z1_N0.npz,1020,2,0.0,0.0,0,0.8407960199004976
main_F1_P020_Z1_N0.npz,1020,3,0.0,0.0,0,0.8407960199004976
main_F1_P020_Z1_N0.npz,1020,7,0.0,0.0,0,0.8407960199004976
main_F1_P020_Z1_N0.npz,1021,2,0.0,0.0,0,0.8407960199004976
main_F1_P020_Z1_N0.npz,1021,3,0.0,0.0,0,0.8407960199004976
main_F1_P020_Z1_N0.npz,1021,7,0.0,0.0,0,0.8407960199004976
main_F1_P020_Z1_N0.npz,1022,2,0.0,0.0,0,0.8407960199004976
main_F1_P020_Z1_N0.npz,1022,3,0.0,0.0,0,0.8407960199004976
main_F1_P020_Z1_N0.npz,1022,7,0.0,0.0,0,0.8407960199004976
main_F1_P020_Z1_N0.npz,1023,2,0.0,0.0,0,0.8407960199004976
main_F1_P020_Z1_N0.npz,1023,3,0.0,0.0,0,0.8407960199004976
main_F1_P020_Z1_N0.npz,1023,7,0.0,0.0,0,0.8407960199004976
main_F1_P020_Z1_N0.npz,1024,2,0.0,0.0,0,0.8407960199004976
main_F1_P020_Z1_N0.npz,1024,3,0.0,0.0,0,0.8407960199004976
main_F1_P020_Z1_N0.npz,1024,7,0.0,0.0,0,0.8407960199004976
main_F1_P020_Z1_N0.npz,1025,2,0.0,0.0,0,0.8407960199004976
main_F1_P020_Z1_N0.npz,1025,3,0.0,0.0,0,0.8407960199004976
main_F1_P020_Z1_N0.npz,1025,7,0.0,0.0,0,0.8407960199004976
main_F1_P020_Z1_N0.npz,1026,2,0.0,0.0,0,0.8407960199004976
main_F1_P020_Z1_N0.npz,1026,3,0.0,0.0,0,0.8407960199004976
main_F1_P020_Z1_N0.npz,1026,7,0.0,0.0,0,0.8407960199004976
main_F1_P020_Z1_N0.npz,1027,2,0.0,0.0,0,0.8407960199004976
main_F1_P020_Z1_N0.npz,1027,3,0.0,0.0,0,0.8407960199004976
main_F1_P020_Z1_N0.npz,1027,7,0.0,0.0,0,0.8407960199004976
main_F1_P020_Z1_N0.npz,1028,2,0.0,0.0,0,0.8407960199004976
main_F1_P020_Z1_N0.npz,1028,3,0.0,0.0,0,0.8407960199004976
main_F1_P020_Z1_N0.npz,1028,7,0.0,0.0,0,0.8407960199004976
main_F1_P020_Z1_N0.npz,1029,2,0.0,0.0,0,0.8407960199004976
main_F1_P020_Z1_N0.npz,1029,3,0.0,0.0,0,0.8407960199004976
main_F1_P020_Z1_N0.npz,1029,7,0.0,0.0,0,0.8407960199004976
main_F1_P020_Z2_N0.npz,1000,2,0.0,0.0,0,0.8407960199004976
main_F1_P020_Z2_N0.npz,1000,3,0.0,0.0,0,0.8407960199004976
main_F1_P020_Z2_N0.npz,1000,7,0.0,0.0,0,0.8407960199004976
main_F1_P020_Z2_N0.npz,1001,2,0.0,0.0,0,0.8407960199004976
main_F1_P020_Z2_N0.npz,1001,3,0.0,0.0,0,0.8407960199004976
main_F1_P020_Z2_N0.npz,1001,7,0.0,0.0,0,0.8407960199004976
main_F1_P020_Z2_N0.npz,1002,2,0.0,0.0,0,0.8407960199004976
main_F1_P020_Z2_N0.npz,1002,3,0.0,0.0,0,0.8407960199004976
main_F1_P020_Z2_N0.npz,1002,7,0.0,0.0,0,0.8407960199004976
main_F1_P020_Z2_N0.npz,1003,2,0.0,0.0,0,0.8407960199004976
main_F1_P020_Z2_N0.npz,1003,3,0.0,0.0,0,0.8407960199004976
main_F1_P020_Z2_N0.npz,1003,7,0.0,0.0,0,0.8407960199004976
main_F1_P020_Z2_N0.npz,1004,2,0.0,0.0,0,0.8407960199004976
main_F1_P020_Z2_N0.npz,1004,3,0.0,0.0,0,0.8407960199004976
main_F1_P020_Z2_N0.npz,1004,7,0.0,0.0,0,0.8407960199004976
main_F1_P020_Z2_N0.npz,1005,2,0.0,0.0,0,0.8407960199004976
main_F1_P020_Z2_N0.npz,1005,3,0.0,0.0,0,0.8407960199004976
main_F1_P020_Z2_N0.npz,1005,7,0.0,0.0,0,0.8407960199004976
main_F1_P020_Z2_N0.npz,1006,2,0.0,0.0,0,0.8407960199004976
main_F1_P020_Z2_N0.npz,1006,3,0.0,0.0,0,0.8407960199004976
main_F1_P020_Z2_N0.npz,1006,7,0.0,0.0,0,0.8407960199004976
main_F1_P020_Z2_N0.npz,1007,2,0.0,0.0,0,0.8407960199004976
main_F1_P020_Z2_N0.npz,1007,3,0.0,0.0,0,0.8407960199004976
main_F1_P020_Z2_N0.npz,1007,7,0.0,0.0,0,0.8407960199004976
main_F1_P020_Z2_N0.npz,1008,2,0.0,0.0,0,0.8407960199004976
main_F1_P020_Z2_N0.npz,1008,3,0.0,0.0,0,0.8407960199004976
main_F1_P020_Z2_N0.npz,1008,7,0.0,0.0,0,0.8407960199004976
main_F1_P020_Z2_N0.npz,1009,2,0.0,0.0,0,0.8407960199004976
main_F1_P020_Z2_N0.npz,1009,3,0.0,0.0,0,0.8407960199004976
main_F1_P020_Z2_N0.npz,1009,7,0.0,0.0,0,0.8407960199004976
main_F1_P020_Z2_N0.npz,1010,2,0.0,0.0,0,0.8407960199004976
main_F1_P020_Z2_N0.npz,1010,3,0.0,0.0,0,0.8407960199004976
main_F1_P020_Z2_N0.npz,1010,7,0.0,0.0,0,0.8407960199004976
main_F1_P020_Z2_N0.npz,1011,2,0.0001072294186030831,-0.00031001567840575894,0,0.8407960199004976
main_F1_P020_Z2_N0.npz,1011,3,0.0,0.0,0,0.8407960199004976
main_F1_P020_Z2_N0.npz,1011,7,0.0,0.0,0,0.8407960199004976
main_F1_P020_Z2_N0.npz,1012,2,0.0,0.0,0,0.8407960199004976
main_F1_P020_Z2_N0.npz,1012,3,0.0,0.0,0,0.8407960199004976
main_F1_P020_Z2_N0.npz,1012,7,0.0,0.0,0,0.8407960199004976
main_F1_P020_Z2_N0.npz,1013,2,0.0,0.0,0,0.8407960199004976
main_F1_P020_Z2_N0.npz,1013,3,0.0,0.0,0,0.8407960199004976
main_F1_P020_Z2_N0.npz,1013,7,0.0,0.0,0,0.8407960199004976
main_F1_P020_Z2_N0.npz,1014,2,0.0,0.0,0,0.8407960199004976
main_F1_P020_Z2_N0.npz,1014,3,0.0,0.0,0,0.8407960199004976
main_F1_P020_Z2_N0.npz,1014,7,0.0,0.0,0,0.8407960199004976
main_F1_P020_Z2_N0.npz,1015,2,0.0,0.0,0,0.8407960199004976
main_F1_P020_Z2_N0.npz,1015,3,0.0,0.0,0,0.8407960199004976
main_F1_P020_Z2_N0.npz,1015,7,0.0,0.0,0,0.8407960199004976
main_F1_P020_Z2_N0.npz,1016,2,0.0,0.0,0,0.8407960199004976
main_F1_P020_Z2_N0.npz,1016,3,0.0,0.0,0,0.8407960199004976
main_F1_P020_Z2_N0.npz,1016,7,0.0,0.0,0,0.8407960199004976
main_F1_P020_Z2_N0.npz,1017,2,0.0,0.0,0,0.8407960199004976
main_F1_P020_Z2_N0.npz,1017,3,0.0,0.0,0,0.8407960199004976
main_F1_P020_Z2_N0.npz,1017,7,0.0,0.0,0,0.8407960199004976
main_F1_P020_Z2_N0.npz,1018,2,0.0,0.0,0,0.8407960199004976
main_F1_P020_Z2_N0.npz,1018,3,0.0,0.0,0,0.8407960199004976
main_F1_P020_Z2_N0.npz,1018,7,0.0,0.0,0,0.8407960199004976
main_F1_P020_Z2_N0.npz,1019,2,0.0,0.0,0,0.8407960199004976
main_F1_P020_Z2_N0.npz,1019,3,0.0,0.0,0,0.8407960199004976
main_F1_P020_Z2_N0.npz,1019,7,0.0,0.0,0,0.8407960199004976
main_F1_P020_Z2_N0.npz,1020,2,0.0,0.0,0,0.8407960199004976
main_F1_P020_Z2_N0.npz,1020,3,0.0,0.0,0,0.8407960199004976
main_F1_P020_Z2_N0.npz,1020,7,0.0,0.0,0,0.8407960199004976
main_F1_P020_Z2_N0.npz,1021,2,0.0,0.0,0,0.8407960199004976
main_F1_P020_Z2_N0.npz,1021,3,0.0,0.0,0,0.8407960199004976
main_F1_P020_Z2_N0.npz,1021,7,0.0,0.0,0,0.8407960199004976
main_F1_P020_Z2_N0.npz,1022,2,0.0,0.0,0,0.8407960199004976
main_F1_P020_Z2_N0.npz,1022,3,0.0,0.0,0,0.8407960199004976
main_F1_P020_Z2_N0.npz,1022,7,0.0,0.0,0,0.8407960199004976
main_F1_P020_Z2_N0.npz,1023,2,0.0,0.0,0,0.8407960199004976
main_F1_P020_Z2_N0.npz,1023,3,0.0,0.0,0,0.8407960199004976
main_F1_P020_Z2_N0.npz,1023,7,0.0,0.0,0,0.8407960199004976
main_F1_P020_Z2_N0.npz,1024,2,0.0,0.0,0,0.8407960199004976
main_F1_P020_Z2_N0.npz,1024,3,0.0,0.0,0,0.8407960199004976
main_F1_P020_Z2_N0.npz,1024,7,0.0,0.0,0,0.8407960199004976
main_F1_P020_Z2_N0.npz,1025,2,0.0,0.0,0,0.8407960199004976
main_F1_P020_Z2_N0.npz,1025,3,0.0,0.0,0,0.8407960199004976
main_F1_P020_Z2_N0.npz,1025,7,0.0,0.0,0,0.8407960199004976
main_F1_P020_Z2_N0.npz,1026,2,0.0,0.0,0,0.8407960199004976
main_F1_P020_Z2_N0.npz,1026,3,0.0,0.0,0,0.8407960199004976
main_F1_P020_Z2_N0.npz,1026,7,0.0,0.0,0,0.8407960199004976
main_F1_P020_Z2_N0.npz,1027,2,0.0,0.0,0,0.8407960199004976
main_F1_P020_Z2_N0.npz,1027,3,0.0,0.0,0,0.8407960199004976
main_F1_P020_Z2_N0.npz,1027,7,0.0,0.0,0,0.8407960199004976
main_F1_P020_Z2_N0.npz,1028,2,0.0,0.0,0,0.8407960199004976
main_F1_P020_Z2_N0.npz,1028,3,0.0,0.0,0,0.8407960199004976
main_F1_P020_Z2_N0.npz,1028,7,0.0,0.0,0,0.8407960199004976
main_F1_P020_Z2_N0.npz,1029,2,0.0,0.0,0,0.8407960199004976
main_F1_P020_Z2_N0.npz,1029,3,0.0,0.0,0,0.8407960199004976
main_F1_P020_Z2_N0.npz,1029,7,0.0,0.0,0,0.8407960199004976
main_F1_P050_Z0_N0.npz,1000,2,0.0,0.0,0,0.8407960199004976
main_F1_P050_Z0_N0.npz,1000,3,0.0,0.0,0,0.8407960199004976
main_F1_P050_Z0_N0.npz,1000,7,0.0,0.0,0,0.8407960199004976
main_F1_P050_Z0_N0.npz,1001,2,0.0,0.0,0,0.8407960199004976
main_F1_P050_Z0_N0.npz,1001,3,0.0,0.0,0,0.8407960199004976
main_F1_P050_Z0_N0.npz,1001,7,0.0,0.0,0,0.8407960199004976
main_F1_P050_Z0_N0.npz,1002,2,0.0,0.0,0,0.8407960199004976
main_F1_P050_Z0_N0.npz,1002,3,0.0,0.0,0,0.8407960199004976
main_F1_P050_Z0_N0.npz,1002,7,0.0,0.0,0,0.8407960199004976
main_F1_P050_Z0_N0.npz,1003,2,0.0,0.0,0,0.8407960199004976
main_F1_P050_Z0_N0.npz,1003,3,0.0,0.0,0,0.8407960199004976
main_F1_P050_Z0_N0.npz,1003,7,0.0,0.0,0,0.8407960199004976
main_F1_P050_Z0_N0.npz,1004,2,0.0,0.0,0,0.8407960199004976
main_F1_P050_Z0_N0.npz,1004,3,0.0,0.0,0,0.8407960199004976
main_F1_P050_Z0_N0.npz,1004,7,0.0,0.0,0,0.8407960199004976
main_F1_P050_Z0_N0.npz,1005,2,0.0,0.0,0,0.8407960199004976
main_F1_P050_Z0_N0.npz,1005,3,0.0,0.0,0,0.8407960199004976
main_F1_P050_Z0_N0.npz,1005,7,0.0,0.0,0,0.8407960199004976
main_F1_P050_Z0_N0.npz,1006,2,0.0,0.0,0,0.8407960199004976
main_F1_P050_Z0_N0.npz,1006,3,0.0,0.0,0,0.8407960199004976
main_F1_P050_Z0_N0.npz,1006,7,0.0,0.0,0,0.8407960199004976
main_F1_P050_Z0_N0.npz,1007,2,0.0,0.0,0,0.8407960199004976
main_F1_P050_Z0_N0.npz,1007,3,0.0,0.0,0,0.8407960199004976
main_F1_P050_Z0_N0.npz,1007,7,0.0,0.0,0,0.8407960199004976
main_F1_P050_Z0_N0.npz,1008,2,0.0,0.0,0,0.8407960199004976
main_F1_P050_Z0_N0.npz,1008,3,0.0,0.0,0,0.8407960199004976
main_F1_P050_Z0_N0.npz,1008,7,0.0,0.0,0,0.8407960199004976
main_F1_P050_Z0_N0.npz,1009,2,0.0,0.0,0,0.8407960199004976
main_F1_P050_Z0_N0.npz,1009,3,0.0,0.0,0,0.8407960199004976
main_F1_P050_Z0_N0.npz,1009,7,0.0,0.0,0,0.8407960199004976
main_F1_P050_Z0_N0.npz,1010,2,0.0,0.0,0,0.8407960199004976
main_F1_P050_Z0_N0.npz,1010,3,0.0,0.0,0,0.8407960199004976
main_F1_P050_Z0_N0.npz,1010,7,0.0,0.0,0,0.8407960199004976
main_F1_P050_Z0_N0.npz,1011,2,0.0,0.0,0,0.8407960199004976
main_F1_P050_Z0_N0.npz,1011,3,0.0,0.0,0,0.8407960199004976
main_F1_P050_Z0_N0.npz,1011,7,0.0,0.0,0,0.8407960199004976
main_F1_P050_Z0_N0.npz,1012,2,0.0,0.0,0,0.8407960199004976
main_F1_P050_Z0_N0.npz,1012,3,0.0,0.0,0,0.8407960199004976
main_F1_P050_Z0_N0.npz,1012,7,0.0,0.0,0,0.8407960199004976
main_F1_P050_Z0_N0.npz,1013,2,0.0,0.0,0,0.8407960199004976
main_F1_P050_Z0_N0.npz,1013,3,0.0,0.0,0,0.8407960199004976
main_F1_P050_Z0_N0.npz,1013,7,0.0,0.0,0,0.8407960199004976
main_F1_P050_Z0_N0.npz,1014,2,0.0,0.0,0,0.8407960199004976
main_F1_P050_Z0_N0.npz,1014,3,0.0,0.0,0,0.8407960199004976
main_F1_P050_Z0_N0.npz,1014,7,0.0,0.0,0,0.8407960199004976
main_F1_P050_Z0_N0.npz,1015,2,0.0,0.0,0,0.8407960199004976
main_F1_P050_Z0_N0.npz,1015,3,0.0,0.0,0,0.8407960199004976
main_F1_P050_Z0_N0.npz,1015,7,0.0,0.0,0,0.8407960199004976
main_F1_P050_Z0_N0.npz,1016,2,0.0,0.0,0,0.8407960199004976
main_F1_P050_Z0_N0.npz,1016,3,0.0,0.0,0,0.8407960199004976
main_F1_P050_Z0_N0.npz,1016,7,0.0,0.0,0,0.8407960199004976
main_F1_P050_Z0_N0.npz,1017,2,0.0,0.0,0,0.8407960199004976
main_F1_P050_Z0_N0.npz,1017,3,0.0,0.0,0,0.8407960199004976
main_F1_P050_Z0_N0.npz,1017,7,0.0,0.0,0,0.8407960199004976
main_F1_P050_Z0_N0.npz,1018,2,0.0,0.0,0,0.8407960199004976
main_F1_P050_Z0_N0.npz,1018,3,0.0,0.0,0,0.8407960199004976
main_F1_P050_Z0_N0.npz,1018,7,0.0,0.0,0,0.8407960199004976
main_F1_P050_Z0_N0.npz,1019,2,0.0,0.0,0,0.8407960199004976
main_F1_P050_Z0_N0.npz,1019,3,0.0,0.0,0,0.8407960199004976
main_F1_P050_Z0_N0.npz,1019,7,0.0,0.0,0,0.8407960199004976
main_F1_P050_Z0_N0.npz,1020,2,0.0,0.0,0,0.8407960199004976
main_F1_P050_Z0_N0.npz,1020,3,0.0,0.0,0,0.8407960199004976
main_F1_P050_Z0_N0.npz,1020,7,0.0,0.0,0,0.8407960199004976
main_F1_P050_Z0_N0.npz,1021,2,0.0,0.0,0,0.8407960199004976
main_F1_P050_Z0_N0.npz,1021,3,0.0,0.0,0,0.8407960199004976
main_F1_P050_Z0_N0.npz,1021,7,0.0,0.0,0,0.8407960199004976
main_F1_P050_Z0_N0.npz,1022,2,0.0,0.0,0,0.8407960199004976
main_F1_P050_Z0_N0.npz,1022,3,0.0,0.0,0,0.8407960199004976
main_F1_P050_Z0_N0.npz,1022,7,0.0,0.0,0,0.8407960199004976
main_F1_P050_Z0_N0.npz,1023,2,0.0,0.0,0,0.8407960199004976
main_F1_P050_Z0_N0.npz,1023,3,0.0,0.0,0,0.8407960199004976
main_F1_P050_Z0_N0.npz,1023,7,0.0,0.0,0,0.8407960199004976
main_F1_P050_Z0_N0.npz,1024,2,0.0,0.0,0,0.8407960199004976
main_F1_P050_Z0_N0.npz,1024,3,0.0,0.0,0,0.8407960199004976
main_F1_P050_Z0_N0.npz,1024,7,0.0,0.0,0,0.8407960199004976
main_F1_P050_Z0_N0.npz,1025,2,0.0,0.0,0,0.8407960199004976
main_F1_P050_Z0_N0.npz,1025,3,0.0,0.0,0,0.8407960199004976
main_F1_P050_Z0_N0.npz,1025,7,0.0,0.0,0,0.8407960199004976
main_F1_P050_Z0_N0.npz,1026,2,0.0,0.0,0,0.8407960199004976
main_F1_P050_Z0_N0.npz,1026,3,0.0,0.0,0,0.8407960199004976
main_F1_P050_Z0_N0.npz,1026,7,0.0,0.0,0,0.8407960199004976
main_F1_P050_Z0_N0.npz,1027,2,0.0,0.0,0,0.8407960199004976
main_F1_P050_Z0_N0.npz,1027,3,0.0,0.0,0,0.8407960199004976
main_F1_P050_Z0_N0.npz,1027,7,0.0,0.0,0,0.8407960199004976
main_F1_P050_Z0_N0.npz,1028,2,0.0,0.0,0,0.8407960199004976
main_F1_P050_Z0_N0.npz,1028,3,0.0,0.0,0,0.8407960199004976
main_F1_P050_Z0_N0.npz,1028,7,0.0,0.0,0,0.8407960199004976
main_F1_P050_Z0_N0.npz,1029,2,0.0,0.0,0,0.8407960199004976
main_F1_P050_Z0_N0.npz,1029,3,0.0,0.0,0,0.8407960199004976
main_F1_P050_Z0_N0.npz,1029,7,0.0,0.0,0,0.8407960199004976
main_F1_P050_Z1_N0.npz,1000,2,0.0,0.0,0,0.8407960199004976
main_F1_P050_Z1_N0.npz,1000,3,0.0,0.0,0,0.8407960199004976
main_F1_P050_Z1_N0.npz,1000,7,0.0,0.0,0,0.8407960199004976
main_F1_P050_Z1_N0.npz,1001,2,0.0,0.0,0,0.8407960199004976
main_F1_P050_Z1_N0.npz,1001,3,0.0,0.0,0,0.8407960199004976
main_F1_P050_Z1_N0.npz,1001,7,0.0,0.0,0,0.8407960199004976
main_F1_P050_Z1_N0.npz,1002,2,0.0,0.0,0,0.8407960199004976
main_F1_P050_Z1_N0.npz,1002,3,0.0,0.0,0,0.8407960199004976
main_F1_P050_Z1_N0.npz,1002,7,0.0,0.0,0,0.8407960199004976
main_F1_P050_Z1_N0.npz,1003,2,0.0,0.0,0,0.8407960199004976
main_F1_P050_Z1_N0.npz,1003,3,0.0,0.0,0,0.8407960199004976
main_F1_P050_Z1_N0.npz,1003,7,0.0,0.0,0,0.8407960199004976
main_F1_P050_Z1_N0.npz,1004,2,0.0,0.0,0,0.8407960199004976
main_F1_P050_Z1_N0.npz,1004,3,0.0,0.0,0,0.8407960199004976
main_F1_P050_Z1_N0.npz,1004,7,0.0,0.0,0,0.8407960199004976
main_F1_P050_Z1_N0.npz,1005,2,0.0,0.0,0,0.8407960199004976
main_F1_P050_Z1_N0.npz,1005,3,0.0,0.0,0,0.8407960199004976
main_F1_P050_Z1_N0.npz,1005,7,0.0,0.0,0,0.8407960199004976
main_F1_P050_Z1_N0.npz,1006,2,0.0,0.0,0,0.8407960199004976
main_F1_P050_Z1_N0.npz,1006,3,0.0,0.0,0,0.8407960199004976
main_F1_P050_Z1_N0.npz,1006,7,0.0,0.0,0,0.8407960199004976
main_F1_P050_Z1_N0.npz,1007,2,0.0,0.0,0,0.8407960199004976
main_F1_P050_Z1_N0.npz,1007,3,0.0,0.0,0,0.8407960199004976
main_F1_P050_Z1_N0.npz,1007,7,0.0,0.0,0,0.8407960199004976
main_F1_P050_Z1_N0.npz,1008,2,0.0,0.0,0,0.8407960199004976
main_F1_P050_Z1_N0.npz,1008,3,0.0,0.0,0,0.8407960199004976
main_F1_P050_Z1_N0.npz,1008,7,0.0,0.0,0,0.8407960199004976
main_F1_P050_Z1_N0.npz,1009,2,0.0,0.0,0,0.8407960199004976
main_F1_P050_Z1_N0.npz,1009,3,0.0,0.0,0,0.8407960199004976
main_F1_P050_Z1_N0.npz,1009,7,0.0,0.0,0,0.8407960199004976
main_F1_P050_Z1_N0.npz,1010,2,0.0,0.0,0,0.8407960199004976
main_F1_P050_Z1_N0.npz,1010,3,0.0,0.0,0,0.8407960199004976
main_F1_P050_Z1_N0.npz,1010,7,0.0,0.0,0,0.8407960199004976
main_F1_P050_Z1_N0.npz,1011,2,0.0,0.0,0,0.8407960199004976
main_F1_P050_Z1_N0.npz,1011,3,0.0,0.0,0,0.8407960199004976
main_F1_P050_Z1_N0.npz,1011,7,0.0,0.0,0,0.8407960199004976
main_F1_P050_Z1_N0.npz,1012,2,0.0,0.0,0,0.8407960199004976
main_F1_P050_Z1_N0.npz,1012,3,0.0,0.0,0,0.8407960199004976
main_F1_P050_Z1_N0.npz,1012,7,0.0,0.0,0,0.8407960199004976
main_F1_P050_Z1_N0.npz,1013,2,0.0,0.0,0,0.8407960199004976
main_F1_P050_Z1_N0.npz,1013,3,0.0,0.0,0,0.8407960199004976
main_F1_P050_Z1_N0.npz,1013,7,0.0,0.0,0,0.8407960199004976
main_F1_P050_Z1_N0.npz,1014,2,0.0,0.0,0,0.8407960199004976
main_F1_P050_Z1_N0.npz,1014,3,0.0,0.0,0,0.8407960199004976
main_F1_P050_Z1_N0.npz,1014,7,0.0,0.0,0,0.8407960199004976
main_F1_P050_Z1_N0.npz,1015,2,0.0,0.0,0,0.8407960199004976
main_F1_P050_Z1_N0.npz,1015,3,0.0,0.0,0,0.8407960199004976
main_F1_P050_Z1_N0.npz,1015,7,0.0,0.0,0,0.8407960199004976
main_F1_P050_Z1_N0.npz,1016,2,0.0,0.0,0,0.8407960199004976
main_F1_P050_Z1_N0.npz,1016,3,0.0,0.0,0,0.8407960199004976
main_F1_P050_Z1_N0.npz,1016,7,0.0,0.0,0,0.8407960199004976
main_F1_P050_Z1_N0.npz,1017,2,0.0,0.0,0,0.8407960199004976
main_F1_P050_Z1_N0.npz,1017,3,0.0,0.0,0,0.8407960199004976
main_F1_P050_Z1_N0.npz,1017,7,0.0,0.0,0,0.8407960199004976
main_F1_P050_Z1_N0.npz,1018,2,0.0,0.0,0,0.8407960199004976
main_F1_P050_Z1_N0.npz,1018,3,0.0,0.0,0,0.8407960199004976
main_F1_P050_Z1_N0.npz,1018,7,0.0,0.0,0,0.8407960199004976
main_F1_P050_Z1_N0.npz,1019,2,0.0,0.0,0,0.8407960199004976
main_F1_P050_Z1_N0.npz,1019,3,0.0,0.0,0,0.8407960199004976
main_F1_P050_Z1_N0.npz,1019,7,0.0,0.0,0,0.8407960199004976
main_F1_P050_Z1_N0.npz,1020,2,0.0,0.0,0,0.8407960199004976
main_F1_P050_Z1_N0.npz,1020,3,0.0,0.0,0,0.8407960199004976
main_F1_P050_Z1_N0.npz,1020,7,0.0,0.0,0,0.8407960199004976
main_F1_P050_Z1_N0.npz,1021,2,0.0,0.0,0,0.8407960199004976
main_F1_P050_Z1_N0.npz,1021,3,0.0,0.0,0,0.8407960199004976
main_F1_P050_Z1_N0.npz,1021,7,0.0,0.0,0,0.8407960199004976
main_F1_P050_Z1_N0.npz,1022,2,0.0,0.0,0,0.8407960199004976
main_F1_P050_Z1_N0.npz,1022,3,0.0,0.0,0,0.8407960199004976
main_F1_P050_Z1_N0.npz,1022,7,0.0,0.0,0,0.8407960199004976
main_F1_P050_Z1_N0.npz,1023,2,0.0,0.0,0,0.8407960199004976
main_F1_P050_Z1_N0.npz,1023,3,0.0,0.0,0,0.8407960199004976
main_F1_P050_Z1_N0.npz,1023,7,0.0,0.0,0,0.8407960199004976
main_F1_P050_Z1_N0.npz,1024,2,0.0,0.0,0,0.8407960199004976
main_F1_P050_Z1_N0.npz,1024,3,0.0,0.0,0,0.8407960199004976
main_F1_P050_Z1_N0.npz,1024,7,0.0,0.0,0,0.8407960199004976
main_F1_P050_Z1_N0.npz,1025,2,0.0,0.0,0,0.8407960199004976
main_F1_P050_Z1_N0.npz,1025,3,0.0,0.0,0,0.8407960199004976
main_F1_P050_Z1_N0.npz,1025,7,0.0,0.0,0,0.8407960199004976
main_F1_P050_Z1_N0.npz,1026,2,0.0,0.0,0,0.8407960199004976
main_F1_P050_Z1_N0.npz,1026,3,0.0,0.0,0,0.8407960199004976
main_F1_P050_Z1_N0.npz,1026,7,0.0,0.0,0,0.8407960199004976
main_F1_P050_Z1_N0.npz,1027,2,0.0,0.0,0,0.8407960199004976
main_F1_P050_Z1_N0.npz,1027,3,0.0,0.0,0,0.8407960199004976
main_F1_P050_Z1_N0.npz,1027,7,0.0,0.0,0,0.8407960199004976
main_F1_P050_Z1_N0.npz,1028,2,0.0,0.0,0,0.8407960199004976
main_F1_P050_Z1_N0.npz,1028,3,0.0,0.0,0,0.8407960199004976
main_F1_P050_Z1_N0.npz,1028,7,0.0,0.0,0,0.8407960199004976
main_F1_P050_Z1_N0.npz,1029,2,0.0,0.0,0,0.8407960199004976
main_F1_P050_Z1_N0.npz,1029,3,0.0,0.0,0,0.8407960199004976
main_F1_P050_Z1_N0.npz,1029,7,0.0,0.0,0,0.8407960199004976
main_F1_P050_Z2_N0.npz,1000,2,0.0,0.0,0,0.8407960199004976
main_F1_P050_Z2_N0.npz,1000,3,0.0,0.0,0,0.8407960199004976
main_F1_P050_Z2_N0.npz,1000,7,0.0,0.0,0,0.8407960199004976
main_F1_P050_Z2_N0.npz,1001,2,0.0,0.0,0,0.8407960199004976
main_F1_P050_Z2_N0.npz,1001,3,0.0,0.0,0,0.8407960199004976
main_F1_P050_Z2_N0.npz,1001,7,0.0,0.0,0,0.8407960199004976
main_F1_P050_Z2_N0.npz,1002,2,0.0,0.0,0,0.8407960199004976
main_F1_P050_Z2_N0.npz,1002,3,0.0,0.0,0,0.8407960199004976
main_F1_P050_Z2_N0.npz,1002,7,0.0,0.0,0,0.8407960199004976
main_F1_P050_Z2_N0.npz,1003,2,0.0,0.0,0,0.8407960199004976
main_F1_P050_Z2_N0.npz,1003,3,0.0,0.0,0,0.8407960199004976
main_F1_P050_Z2_N0.npz,1003,7,0.0,0.0,0,0.8407960199004976
main_F1_P050_Z2_N0.npz,1004,2,0.0,0.0,0,0.8407960199004976
main_F1_P050_Z2_N0.npz,1004,3,0.0,0.0,0,0.8407960199004976
main_F1_P050_Z2_N0.npz,1004,7,0.0,0.0,0,0.8407960199004976
main_F1_P050_Z2_N0.npz,1005,2,0.0,0.0,0,0.8407960199004976
main_F1_P050_Z2_N0.npz,1005,3,0.0,0.0,0,0.8407960199004976
main_F1_P050_Z2_N0.npz,1005,7,0.0,0.0,0,0.8407960199004976
main_F1_P050_Z2_N0.npz,1006,2,0.0,0.0,0,0.8407960199004976
main_F1_P050_Z2_N0.npz,1006,3,0.0,0.0,0,0.8407960199004976
main_F1_P050_Z2_N0.npz,1006,7,0.0,0.0,0,0.8407960199004976
main_F1_P050_Z2_N0.npz,1007,2,0.0,0.0,0,0.8407960199004976
main_F1_P050_Z2_N0.npz,1007,3,0.0,0.0,0,0.8407960199004976
main_F1_P050_Z2_N0.npz,1007,7,0.0,0.0,0,0.8407960199004976
main_F1_P050_Z2_N0.npz,1008,2,0.0,0.0,0,0.8407960199004976
main_F1_P050_Z2_N0.npz,1008,3,0.0,0.0,0,0.8407960199004976
main_F1_P050_Z2_N0.npz,1008,7,0.0,0.0,0,0.8407960199004976
main_F1_P050_Z2_N0.npz,1009,2,0.0,0.0,0,0.8407960199004976
main_F1_P050_Z2_N0.npz,1009,3,0.0,0.0,0,0.8407960199004976
main_F1_P050_Z2_N0.npz,1009,7,0.0,0.0,0,0.8407960199004976
main_F1_P050_Z2_N0.npz,1010,2,0.0,0.0,0,0.8407960199004976
main_F1_P050_Z2_N0.npz,1010,3,0.0,0.0,0,0.8407960199004976
main_F1_P050_Z2_N0.npz,1010,7,0.0,0.0,0,0.8407960199004976
main_F1_P050_Z2_N0.npz,1011,2,0.0,0.0,0,0.8407960199004976
main_F1_P050_Z2_N0.npz,1011,3,0.0,0.0,0,0.8407960199004976
main_F1_P050_Z2_N0.npz,1011,7,0.0,0.0,0,0.8407960199004976
main_F1_P050_Z2_N0.npz,1012,2,0.0,0.0,0,0.8407960199004976
main_F1_P050_Z2_N0.npz,1012,3,0.0,0.0,0,0.8407960199004976
main_F1_P050_Z2_N0.npz,1012,7,0.0,0.0,0,0.8407960199004976
main_F1_P050_Z2_N0.npz,1013,2,0.0,0.0,0,0.8407960199004976
main_F1_P050_Z2_N0.npz,1013,3,0.0,0.0,0,0.8407960199004976
main_F1_P050_Z2_N0.npz,1013,7,0.0,0.0,0,0.8407960199004976
main_F1_P050_Z2_N0.npz,1014,2,0.0,0.0,0,0.8407960199004976
main_F1_P050_Z2_N0.npz,1014,3,0.0,0.0,0,0.8407960199004976
main_F1_P050_Z2_N0.npz,1014,7,0.0,0.0,0,0.8407960199004976
main_F1_P050_Z2_N0.npz,1015,2,0.0,0.0,0,0.8407960199004976
main_F1_P050_Z2_N0.npz,1015,3,0.0,0.0,0,0.8407960199004976
main_F1_P050_Z2_N0.npz,1015,7,0.0,0.0,0,0.8407960199004976
main_F1_P050_Z2_N0.npz,1016,2,0.0,0.0,0,0.8407960199004976
main_F1_P050_Z2_N0.npz,1016,3,0.0,0.0,0,0.8407960199004976
main_F1_P050_Z2_N0.npz,1016,7,0.0,0.0,0,0.8407960199004976
main_F1_P050_Z2_N0.npz,1017,2,0.0,0.0,0,0.8407960199004976
main_F1_P050_Z2_N0.npz,1017,3,0.0,0.0,0,0.8407960199004976
main_F1_P050_Z2_N0.npz,1017,7,0.0,0.0,0,0.8407960199004976
main_F1_P050_Z2_N0.npz,1018,2,0.0,0.0,0,0.8407960199004976
main_F1_P050_Z2_N0.npz,1018,3,0.0,0.0,0,0.8407960199004976
main_F1_P050_Z2_N0.npz,1018,7,0.0,0.0,0,0.8407960199004976
main_F1_P050_Z2_N0.npz,1019,2,0.0,0.0,0,0.8407960199004976
main_F1_P050_Z2_N0.npz,1019,3,0.0,0.0,0,0.8407960199004976
main_F1_P050_Z2_N0.npz,1019,7,0.0,0.0,0,0.8407960199004976
main_F1_P050_Z2_N0.npz,1020,2,0.0,0.0,0,0.8407960199004976
main_F1_P050_Z2_N0.npz,1020,3,0.0,0.0,0,0.8407960199004976
main_F1_P050_Z2_N0.npz,1020,7,0.0,0.0,0,0.8407960199004976
main_F1_P050_Z2_N0.npz,1021,2,0.0,0.0,0,0.8407960199004976
main_F1_P050_Z2_N0.npz,1021,3,0.0,0.0,0,0.8407960199004976
main_F1_P050_Z2_N0.npz,1021,7,0.0,0.0,0,0.8407960199004976
main_F1_P050_Z2_N0.npz,1022,2,0.0,0.0,0,0.8407960199004976
main_F1_P050_Z2_N0.npz,1022,3,0.0,0.0,0,0.8407960199004976
main_F1_P050_Z2_N0.npz,1022,7,0.0,0.0,0,0.8407960199004976
main_F1_P050_Z2_N0.npz,1023,2,0.0,0.0,0,0.8407960199004976
main_F1_P050_Z2_N0.npz,1023,3,0.0,0.0,0,0.8407960199004976
main_F1_P050_Z2_N0.npz,1023,7,0.0,0.0,0,0.8407960199004976
main_F1_P050_Z2_N0.npz,1024,2,0.0,0.0,0,0.8407960199004976
main_F1_P050_Z2_N0.npz,1024,3,0.0,0.0,0,0.8407960199004976
main_F1_P050_Z2_N0.npz,1024,7,0.0,0.0,0,0.8407960199004976
main_F1_P050_Z2_N0.npz,1025,2,0.0,0.0,0,0.8407960199004976
main_F1_P050_Z2_N0.npz,1025,3,0.0,0.0,0,0.8407960199004976
main_F1_P050_Z2_N0.npz,1025,7,0.0,0.0,0,0.8407960199004976
main_F1_P050_Z2_N0.npz,1026,2,0.0,0.0,0,0.8407960199004976
main_F1_P050_Z2_N0.npz,1026,3,0.0,0.0,0,0.8407960199004976
main_F1_P050_Z2_N0.npz,1026,7,0.0,0.0,0,0.8407960199004976
main_F1_P050_Z2_N0.npz,1027,2,0.0,0.0,0,0.8407960199004976
main_F1_P050_Z2_N0.npz,1027,3,0.0,0.0,0,0.8407960199004976
main_F1_P050_Z2_N0.npz,1027,7,0.0,0.0,0,0.8407960199004976
main_F1_P050_Z2_N0.npz,1028,2,0.0,0.0,0,0.8407960199004976
main_F1_P050_Z2_N0.npz,1028,3,0.0,0.0,0,0.8407960199004976
main_F1_P050_Z2_N0.npz,1028,7,0.0,0.0,0,0.8407960199004976
main_F1_P050_Z2_N0.npz,1029,2,0.0,0.0,0,0.8407960199004976
main_F1_P050_Z2_N0.npz,1029,3,0.0,0.0,0,0.8407960199004976
main_F1_P050_Z2_N0.npz,1029,7,0.0,0.0,0,0.8407960199004976
main_F1_P100_Z0_N0.npz,1000,2,0.0,0.0,0,0.8407960199004976
main_F1_P100_Z0_N0.npz,1000,3,0.0,0.0,0,0.8407960199004976
main_F1_P100_Z0_N0.npz,1000,7,0.0,0.0,0,0.8407960199004976
main_F1_P100_Z0_N0.npz,1001,2,0.0,0.0,0,0.8407960199004976
main_F1_P100_Z0_N0.npz,1001,3,0.0,0.0,0,0.8407960199004976
main_F1_P100_Z0_N0.npz,1001,7,0.0,0.0,0,0.8407960199004976
main_F1_P100_Z0_N0.npz,1002,2,0.0,0.0,0,0.8407960199004976
main_F1_P100_Z0_N0.npz,1002,3,0.0,0.0,0,0.8407960199004976
main_F1_P100_Z0_N0.npz,1002,7,0.0,0.0,0,0.8407960199004976
main_F1_P100_Z0_N0.npz,1003,2,0.0,0.0,0,0.8407960199004976
main_F1_P100_Z0_N0.npz,1003,3,0.0,0.0,0,0.8407960199004976
main_F1_P100_Z0_N0.npz,1003,7,0.0,0.0,0,0.8407960199004976
main_F1_P100_Z0_N0.npz,1004,2,0.0,0.0,0,0.8407960199004976
main_F1_P100_Z0_N0.npz,1004,3,0.0,0.0,0,0.8407960199004976
main_F1_P100_Z0_N0.npz,1004,7,0.0,0.0,0,0.8407960199004976
main_F1_P100_Z0_N0.npz,1005,2,0.0,0.0,0,0.8407960199004976
main_F1_P100_Z0_N0.npz,1005,3,0.0,0.0,0,0.8407960199004976
main_F1_P100_Z0_N0.npz,1005,7,0.0,0.0,0,0.8407960199004976
main_F1_P100_Z0_N0.npz,1006,2,0.0,0.0,0,0.8407960199004976
main_F1_P100_Z0_N0.npz,1006,3,0.0,0.0,0,0.8407960199004976
main_F1_P100_Z0_N0.npz,1006,7,0.0,0.0,0,0.8407960199004976
main_F1_P100_Z0_N0.npz,1007,2,0.0,0.0,0,0.8407960199004976
main_F1_P100_Z0_N0.npz,1007,3,0.0,0.0,0,0.8407960199004976
main_F1_P100_Z0_N0.npz,1007,7,0.0,0.0,0,0.8407960199004976
main_F1_P100_Z0_N0.npz,1008,2,0.0,0.0,0,0.8407960199004976
main_F1_P100_Z0_N0.npz,1008,3,0.0,0.0,0,0.8407960199004976
main_F1_P100_Z0_N0.npz,1008,7,0.0,0.0,0,0.8407960199004976
main_F1_P100_Z0_N0.npz,1009,2,0.0,0.0,0,0.8407960199004976
main_F1_P100_Z0_N0.npz,1009,3,0.0,0.0,0,0.8407960199004976
main_F1_P100_Z0_N0.npz,1009,7,0.0,0.0,0,0.8407960199004976
main_F1_P100_Z0_N0.npz,1010,2,0.0,0.0,0,0.8407960199004976
main_F1_P100_Z0_N0.npz,1010,3,0.0,0.0,0,0.8407960199004976
main_F1_P100_Z0_N0.npz,1010,7,0.0,0.0,0,0.8407960199004976
main_F1_P100_Z0_N0.npz,1011,2,0.0,0.0,0,0.8407960199004976
main_F1_P100_Z0_N0.npz,1011,3,0.0,0.0,0,0.8407960199004976
main_F1_P100_Z0_N0.npz,1011,7,0.0,0.0,0,0.8407960199004976
main_F1_P100_Z0_N0.npz,1012,2,0.0,0.0,0,0.8407960199004976
main_F1_P100_Z0_N0.npz,1012,3,0.0,0.0,0,0.8407960199004976
main_F1_P100_Z0_N0.npz,1012,7,0.0,0.0,0,0.8407960199004976
main_F1_P100_Z0_N0.npz,1013,2,0.0,0.0,0,0.8407960199004976
main_F1_P100_Z0_N0.npz,1013,3,0.0,0.0,0,0.8407960199004976
main_F1_P100_Z0_N0.npz,1013,7,0.0,0.0,0,0.8407960199004976
main_F1_P100_Z0_N0.npz,1014,2,0.0,0.0,0,0.8407960199004976
main_F1_P100_Z0_N0.npz,1014,3,0.0,0.0,0,0.8407960199004976
main_F1_P100_Z0_N0.npz,1014,7,0.0,0.0,0,0.8407960199004976
main_F1_P100_Z0_N0.npz,1015,2,0.0,0.0,0,0.8407960199004976
main_F1_P100_Z0_N0.npz,1015,3,0.0,0.0,0,0.8407960199004976
main_F1_P100_Z0_N0.npz,1015,7,0.0,0.0,0,0.8407960199004976
main_F1_P100_Z0_N0.npz,1016,2,0.0,0.0,0,0.8407960199004976
main_F1_P100_Z0_N0.npz,1016,3,0.0,0.0,0,0.8407960199004976
main_F1_P100_Z0_N0.npz,1016,7,0.0,0.0,0,0.8407960199004976
main_F1_P100_Z0_N0.npz,1017,2,0.0,0.0,0,0.8407960199004976
main_F1_P100_Z0_N0.npz,1017,3,0.0,0.0,0,0.8407960199004976
main_F1_P100_Z0_N0.npz,1017,7,0.0,0.0,0,0.8407960199004976
main_F1_P100_Z0_N0.npz,1018,2,0.0,0.0,0,0.8407960199004976
main_F1_P100_Z0_N0.npz,1018,3,0.0,0.0,0,0.8407960199004976
main_F1_P100_Z0_N0.npz,1018,7,0.0,0.0,0,0.8407960199004976
main_F1_P100_Z0_N0.npz,1019,2,0.0,0.0,0,0.8407960199004976
main_F1_P100_Z0_N0.npz,1019,3,0.0,0.0,0,0.8407960199004976
main_F1_P100_Z0_N0.npz,1019,7,0.0,0.0,0,0.8407960199004976
main_F1_P100_Z0_N0.npz,1020,2,0.0,0.0,0,0.8407960199004976
main_F1_P100_Z0_N0.npz,1020,3,0.0,0.0,0,0.8407960199004976
main_F1_P100_Z0_N0.npz,1020,7,0.0,0.0,0,0.8407960199004976
main_F1_P100_Z0_N0.npz,1021,2,0.0,0.0,0,0.8407960199004976
main_F1_P100_Z0_N0.npz,1021,3,0.0,0.0,0,0.8407960199004976
main_F1_P100_Z0_N0.npz,1021,7,0.0,0.0,0,0.8407960199004976
main_F1_P100_Z0_N0.npz,1022,2,0.0,0.0,0,0.8407960199004976
main_F1_P100_Z0_N0.npz,1022,3,0.0,0.0,0,0.8407960199004976
main_F1_P100_Z0_N0.npz,1022,7,0.0,0.0,0,0.8407960199004976
main_F1_P100_Z0_N0.npz,1023,2,0.0,0.0,0,0.8407960199004976
main_F1_P100_Z0_N0.npz,1023,3,0.0,0.0,0,0.8407960199004976
main_F1_P100_Z0_N0.npz,1023,7,0.0,0.0,0,0.8407960199004976
main_F1_P100_Z0_N0.npz,1024,2,0.0,0.0,0,0.8407960199004976
main_F1_P100_Z0_N0.npz,1024,3,0.0,0.0,0,0.8407960199004976
main_F1_P100_Z0_N0.npz,1024,7,0.0,0.0,0,0.8407960199004976
main_F1_P100_Z0_N0.npz,1025,2,0.0,0.0,0,0.8407960199004976
main_F1_P100_Z0_N0.npz,1025,3,0.0,0.0,0,0.8407960199004976
main_F1_P100_Z0_N0.npz,1025,7,0.0,0.0,0,0.8407960199004976
main_F1_P100_Z0_N0.npz,1026,2,0.0,0.0,0,0.8407960199004976
main_F1_P100_Z0_N0.npz,1026,3,0.0,0.0,0,0.8407960199004976
main_F1_P100_Z0_N0.npz,1026,7,0.0,0.0,0,0.8407960199004976
main_F1_P100_Z0_N0.npz,1027,2,0.0,0.0,0,0.8407960199004976
main_F1_P100_Z0_N0.npz,1027,3,0.0,0.0,0,0.8407960199004976
main_F1_P100_Z0_N0.npz,1027,7,0.0,0.0,0,0.8407960199004976
main_F1_P100_Z0_N0.npz,1028,2,0.0,0.0,0,0.8407960199004976
main_F1_P100_Z0_N0.npz,1028,3,0.0,0.0,0,0.8407960199004976
main_F1_P100_Z0_N0.npz,1028,7,0.0,0.0,0,0.8407960199004976
main_F1_P100_Z0_N0.npz,1029,2,0.0,0.0,0,0.8407960199004976
main_F1_P100_Z0_N0.npz,1029,3,0.0,0.0,0,0.8407960199004976
main_F1_P100_Z0_N0.npz,1029,7,0.0,0.0,0,0.8407960199004976
main_F1_P100_Z1_N0.npz,1000,2,0.0,0.0,0,0.8407960199004976
main_F1_P100_Z1_N0.npz,1000,3,0.0,0.0,0,0.8407960199004976
main_F1_P100_Z1_N0.npz,1000,7,0.0,0.0,0,0.8407960199004976
main_F1_P100_Z1_N0.npz,1001,2,0.0,0.0,0,0.8407960199004976
main_F1_P100_Z1_N0.npz,1001,3,0.0,0.0,0,0.8407960199004976
main_F1_P100_Z1_N0.npz,1001,7,0.0,0.0,0,0.8407960199004976
main_F1_P100_Z1_N0.npz,1002,2,0.0,0.0,0,0.8407960199004976
main_F1_P100_Z1_N0.npz,1002,3,0.0,0.0,0,0.8407960199004976
main_F1_P100_Z1_N0.npz,1002,7,0.0,0.0,0,0.8407960199004976
main_F1_P100_Z1_N0.npz,1003,2,0.0,0.0,0,0.8407960199004976
main_F1_P100_Z1_N0.npz,1003,3,0.0,0.0,0,0.8407960199004976
main_F1_P100_Z1_N0.npz,1003,7,0.0,0.0,0,0.8407960199004976
main_F1_P100_Z1_N0.npz,1004,2,0.0,0.0,0,0.8407960199004976
main_F1_P100_Z1_N0.npz,1004,3,0.0,0.0,0,0.8407960199004976
main_F1_P100_Z1_N0.npz,1004,7,0.0,0.0,0,0.8407960199004976
main_F1_P100_Z1_N0.npz,1005,2,0.0,0.0,0,0.8407960199004976
main_F1_P100_Z1_N0.npz,1005,3,0.0,0.0,0,0.8407960199004976
main_F1_P100_Z1_N0.npz,1005,7,0.0,0.0,0,0.8407960199004976
main_F1_P100_Z1_N0.npz,1006,2,0.0,0.0,0,0.8407960199004976
main_F1_P100_Z1_N0.npz,1006,3,0.0,0.0,0,0.8407960199004976
main_F1_P100_Z1_N0.npz,1006,7,0.0,0.0,0,0.8407960199004976
main_F1_P100_Z1_N0.npz,1007,2,0.0,0.0,0,0.8407960199004976
main_F1_P100_Z1_N0.npz,1007,3,0.0,0.0,0,0.8407960199004976
main_F1_P100_Z1_N0.npz,1007,7,0.0,0.0,0,0.8407960199004976
main_F1_P100_Z1_N0.npz,1008,2,0.0,0.0,0,0.8407960199004976
main_F1_P100_Z1_N0.npz,1008,3,0.0,0.0,0,0.8407960199004976
main_F1_P100_Z1_N0.npz,1008,7,0.0,0.0,0,0.8407960199004976
main_F1_P100_Z1_N0.npz,1009,2,0.0,0.0,0,0.8407960199004976
main_F1_P100_Z1_N0.npz,1009,3,0.0,0.0,0,0.8407960199004976
main_F1_P100_Z1_N0.npz,1009,7,0.0,0.0,0,0.8407960199004976
main_F1_P100_Z1_N0.npz,1010,2,0.0,0.0,0,0.8407960199004976
main_F1_P100_Z1_N0.npz,1010,3,0.0,0.0,0,0.8407960199004976
main_F1_P100_Z1_N0.npz,1010,7,0.0,0.0,0,0.8407960199004976
main_F1_P100_Z1_N0.npz,1011,2,0.0,0.0,0,0.8407960199004976
main_F1_P100_Z1_N0.npz,1011,3,0.0,0.0,0,0.8407960199004976
main_F1_P100_Z1_N0.npz,1011,7,0.0,0.0,0,0.8407960199004976
main_F1_P100_Z1_N0.npz,1012,2,0.0,0.0,0,0.8407960199004976
main_F1_P100_Z1_N0.npz,1012,3,0.0,0.0,0,0.8407960199004976
main_F1_P100_Z1_N0.npz,1012,7,0.0,0.0,0,0.8407960199004976
main_F1_P100_Z1_N0.npz,1013,2,0.0,0.0,0,0.8407960199004976
main_F1_P100_Z1_N0.npz,1013,3,0.0,0.0,0,0.8407960199004976
main_F1_P100_Z1_N0.npz,1013,7,0.0,0.0,0,0.8407960199004976
main_F1_P100_Z1_N0.npz,1014,2,0.0,0.0,0,0.8407960199004976
main_F1_P100_Z1_N0.npz,1014,3,0.0,0.0,0,0.8407960199004976
main_F1_P100_Z1_N0.npz,1014,7,0.0,0.0,0,0.8407960199004976
main_F1_P100_Z1_N0.npz,1015,2,0.0,0.0,0,0.8407960199004976
main_F1_P100_Z1_N0.npz,1015,3,0.0,0.0,0,0.8407960199004976
main_F1_P100_Z1_N0.npz,1015,7,0.0,0.0,0,0.8407960199004976
main_F1_P100_Z1_N0.npz,1016,2,0.0,0.0,0,0.8407960199004976
main_F1_P100_Z1_N0.npz,1016,3,0.0,0.0,0,0.8407960199004976
main_F1_P100_Z1_N0.npz,1016,7,0.0,0.0,0,0.8407960199004976
main_F1_P100_Z1_N0.npz,1017,2,0.0,0.0,0,0.8407960199004976
main_F1_P100_Z1_N0.npz,1017,3,0.0,0.0,0,0.8407960199004976
main_F1_P100_Z1_N0.npz,1017,7,0.0,0.0,0,0.8407960199004976
main_F1_P100_Z1_N0.npz,1018,2,0.0,0.0,0,0.8407960199004976
main_F1_P100_Z1_N0.npz,1018,3,0.0,0.0,0,0.8407960199004976
main_F1_P100_Z1_N0.npz,1018,7,0.0,0.0,0,0.8407960199004976
main_F1_P100_Z1_N0.npz,1019,2,0.0,0.0,0,0.8407960199004976
main_F1_P100_Z1_N0.npz,1019,3,0.0,0.0,0,0.8407960199004976
main_F1_P100_Z1_N0.npz,1019,7,0.0,0.0,0,0.8407960199004976
main_F1_P100_Z1_N0.npz,1020,2,0.0,0.0,0,0.8407960199004976
main_F1_P100_Z1_N0.npz,1020,3,0.0,0.0,0,0.8407960199004976
main_F1_P100_Z1_N0.npz,1020,7,0.0,0.0,0,0.8407960199004976
main_F1_P100_Z1_N0.npz,1021,2,0.0,0.0,0,0.8407960199004976
main_F1_P100_Z1_N0.npz,1021,3,0.0,0.0,0,0.8407960199004976
main_F1_P100_Z1_N0.npz,1021,7,0.0,0.0,0,0.8407960199004976
main_F1_P100_Z1_N0.npz,1022,2,0.0,0.0,0,0.8407960199004976
main_F1_P100_Z1_N0.npz,1022,3,0.0,0.0,0,0.8407960199004976
main_F1_P100_Z1_N0.npz,1022,7,0.0,0.0,0,0.8407960199004976
main_F1_P100_Z1_N0.npz,1023,2,0.0,0.0,0,0.8407960199004976
main_F1_P100_Z1_N0.npz,1023,3,0.0,0.0,0,0.8407960199004976
main_F1_P100_Z1_N0.npz,1023,7,0.0,0.0,0,0.8407960199004976
main_F1_P100_Z1_N0.npz,1024,2,0.0,0.0,0,0.8407960199004976
main_F1_P100_Z1_N0.npz,1024,3,0.0,0.0,0,0.8407960199004976
main_F1_P100_Z1_N0.npz,1024,7,0.0,0.0,0,0.8407960199004976
main_F1_P100_Z1_N0.npz,1025,2,0.0,0.0,0,0.8407960199004976
main_F1_P100_Z1_N0.npz,1025,3,0.0,0.0,0,0.8407960199004976
main_F1_P100_Z1_N0.npz,1025,7,0.0,0.0,0,0.8407960199004976
main_F1_P100_Z1_N0.npz,1026,2,0.0,0.0,0,0.8407960199004976
main_F1_P100_Z1_N0.npz,1026,3,0.0,0.0,0,0.8407960199004976
main_F1_P100_Z1_N0.npz,1026,7,0.0,0.0,0,0.8407960199004976
main_F1_P100_Z1_N0.npz,1027,2,0.0,0.0,0,0.8407960199004976
main_F1_P100_Z1_N0.npz,1027,3,0.0,0.0,0,0.8407960199004976
main_F1_P100_Z1_N0.npz,1027,7,0.0,0.0,0,0.8407960199004976
main_F1_P100_Z1_N0.npz,1028,2,0.0,0.0,0,0.8407960199004976
main_F1_P100_Z1_N0.npz,1028,3,0.0,0.0,0,0.8407960199004976
main_F1_P100_Z1_N0.npz,1028,7,0.0,0.0,0,0.8407960199004976
main_F1_P100_Z1_N0.npz,1029,2,0.0,0.0,0,0.8407960199004976
main_F1_P100_Z1_N0.npz,1029,3,0.0,0.0,0,0.8407960199004976
main_F1_P100_Z1_N0.npz,1029,7,0.0,0.0,0,0.8407960199004976
main_F1_P100_Z2_N0.npz,1000,2,0.0,0.0,0,0.8407960199004976
main_F1_P100_Z2_N0.npz,1000,3,0.0,0.0,0,0.8407960199004976
main_F1_P100_Z2_N0.npz,1000,7,0.0,0.0,0,0.8407960199004976
main_F1_P100_Z2_N0.npz,1001,2,0.0,0.0,0,0.8407960199004976
main_F1_P100_Z2_N0.npz,1001,3,0.0,0.0,0,0.8407960199004976
main_F1_P100_Z2_N0.npz,1001,7,0.0,0.0,0,0.8407960199004976
main_F1_P100_Z2_N0.npz,1002,2,0.0,0.0,0,0.8407960199004976
main_F1_P100_Z2_N0.npz,1002,3,0.0,0.0,0,0.8407960199004976
main_F1_P100_Z2_N0.npz,1002,7,0.0,0.0,0,0.8407960199004976
main_F1_P100_Z2_N0.npz,1003,2,0.0,0.0,0,0.8407960199004976
main_F1_P100_Z2_N0.npz,1003,3,0.0,0.0,0,0.8407960199004976
main_F1_P100_Z2_N0.npz,1003,7,0.0,0.0,0,0.8407960199004976
main_F1_P100_Z2_N0.npz,1004,2,0.0,0.0,0,0.8407960199004976
main_F1_P100_Z2_N0.npz,1004,3,0.0,0.0,0,0.8407960199004976
main_F1_P100_Z2_N0.npz,1004,7,0.0,0.0,0,0.8407960199004976
main_F1_P100_Z2_N0.npz,1005,2,0.0,0.0,0,0.8407960199004976
main_F1_P100_Z2_N0.npz,1005,3,0.0,0.0,0,0.8407960199004976
main_F1_P100_Z2_N0.npz,1005,7,0.0,0.0,0,0.8407960199004976
main_F1_P100_Z2_N0.npz,1006,2,0.0,0.0,0,0.8407960199004976
main_F1_P100_Z2_N0.npz,1006,3,0.0,0.0,0,0.8407960199004976
main_F1_P100_Z2_N0.npz,1006,7,0.0,0.0,0,0.8407960199004976
main_F1_P100_Z2_N0.npz,1007,2,0.0,0.0,0,0.8407960199004976
main_F1_P100_Z2_N0.npz,1007,3,0.0,0.0,0,0.8407960199004976
main_F1_P100_Z2_N0.npz,1007,7,0.0,0.0,0,0.8407960199004976
main_F1_P100_Z2_N0.npz,1008,2,0.0,0.0,0,0.8407960199004976
main_F1_P100_Z2_N0.npz,1008,3,0.0,0.0,0,0.8407960199004976
main_F1_P100_Z2_N0.npz,1008,7,0.0,0.0,0,0.8407960199004976
main_F1_P100_Z2_N0.npz,1009,2,0.0,0.0,0,0.8407960199004976
main_F1_P100_Z2_N0.npz,1009,3,0.0,0.0,0,0.8407960199004976
main_F1_P100_Z2_N0.npz,1009,7,0.0,0.0,0,0.8407960199004976
main_F1_P100_Z2_N0.npz,1010,2,0.0,0.0,0,0.8407960199004976
main_F1_P100_Z2_N0.npz,1010,3,0.0,0.0,0,0.8407960199004976
main_F1_P100_Z2_N0.npz,1010,7,0.0,0.0,0,0.8407960199004976
main_F1_P100_Z2_N0.npz,1011,2,0.0,0.0,0,0.8407960199004976
main_F1_P100_Z2_N0.npz,1011,3,0.0,0.0,0,0.8407960199004976
main_F1_P100_Z2_N0.npz,1011,7,0.0,0.0,0,0.8407960199004976
main_F1_P100_Z2_N0.npz,1012,2,0.0,0.0,0,0.8407960199004976
main_F1_P100_Z2_N0.npz,1012,3,0.0,0.0,0,0.8407960199004976
main_F1_P100_Z2_N0.npz,1012,7,0.0,0.0,0,0.8407960199004976
main_F1_P100_Z2_N0.npz,1013,2,0.0,0.0,0,0.8407960199004976
main_F1_P100_Z2_N0.npz,1013,3,0.0,0.0,0,0.8407960199004976
main_F1_P100_Z2_N0.npz,1013,7,0.0,0.0,0,0.8407960199004976
main_F1_P100_Z2_N0.npz,1014,2,0.0,0.0,0,0.8407960199004976
main_F1_P100_Z2_N0.npz,1014,3,0.0,0.0,0,0.8407960199004976
main_F1_P100_Z2_N0.npz,1014,7,0.0,0.0,0,0.8407960199004976
main_F1_P100_Z2_N0.npz,1015,2,0.0,0.0,0,0.8407960199004976
main_F1_P100_Z2_N0.npz,1015,3,0.0,0.0,0,0.8407960199004976
main_F1_P100_Z2_N0.npz,1015,7,0.0,0.0,0,0.8407960199004976
main_F1_P100_Z2_N0.npz,1016,2,0.0,0.0,0,0.8407960199004976
main_F1_P100_Z2_N0.npz,1016,3,0.0,0.0,0,0.8407960199004976
main_F1_P100_Z2_N0.npz,1016,7,0.0,0.0,0,0.8407960199004976
main_F1_P100_Z2_N0.npz,1017,2,0.0,0.0,0,0.8407960199004976
main_F1_P100_Z2_N0.npz,1017,3,0.0,0.0,0,0.8407960199004976
main_F1_P100_Z2_N0.npz,1017,7,0.0,0.0,0,0.8407960199004976
main_F1_P100_Z2_N0.npz,1018,2,0.0,0.0,0,0.8407960199004976
main_F1_P100_Z2_N0.npz,1018,3,0.0,0.0,0,0.8407960199004976
main_F1_P100_Z2_N0.npz,1018,7,0.0,0.0,0,0.8407960199004976
main_F1_P100_Z2_N0.npz,1019,2,0.0,0.0,0,0.8407960199004976
main_F1_P100_Z2_N0.npz,1019,3,0.0,0.0,0,0.8407960199004976
main_F1_P100_Z2_N0.npz,1019,7,0.0,0.0,0,0.8407960199004976
main_F1_P100_Z2_N0.npz,1020,2,0.0,0.0,0,0.8407960199004976
main_F1_P100_Z2_N0.npz,1020,3,0.0,0.0,0,0.8407960199004976
main_F1_P100_Z2_N0.npz,1020,7,0.0,0.0,0,0.8407960199004976
main_F1_P100_Z2_N0.npz,1021,2,0.0,0.0,0,0.8407960199004976
main_F1_P100_Z2_N0.npz,1021,3,0.0,0.0,0,0.8407960199004976
main_F1_P100_Z2_N0.npz,1021,7,0.0,0.0,0,0.8407960199004976
main_F1_P100_Z2_N0.npz,1022,2,0.0,0.0,0,0.8407960199004976
main_F1_P100_Z2_N0.npz,1022,3,0.0,0.0,0,0.8407960199004976
main_F1_P100_Z2_N0.npz,1022,7,0.0,0.0,0,0.8407960199004976
main_F1_P100_Z2_N0.npz,1023,2,0.0,0.0,0,0.8407960199004976
main_F1_P100_Z2_N0.npz,1023,3,0.0,0.0,0,0.8407960199004976
main_F1_P100_Z2_N0.npz,1023,7,0.0,0.0,0,0.8407960199004976
main_F1_P100_Z2_N0.npz,1024,2,0.0,0.0,0,0.8407960199004976
main_F1_P100_Z2_N0.npz,1024,3,0.0,0.0,0,0.8407960199004976
main_F1_P100_Z2_N0.npz,1024,7,0.0,0.0,0,0.8407960199004976
main_F1_P100_Z2_N0.npz,1025,2,0.0,0.0,0,0.8407960199004976
main_F1_P100_Z2_N0.npz,1025,3,0.0,0.0,0,0.8407960199004976
main_F1_P100_Z2_N0.npz,1025,7,0.0,0.0,0,0.8407960199004976
main_F1_P100_Z2_N0.npz,1026,2,0.0,0.0,0,0.8407960199004976
main_F1_P100_Z2_N0.npz,1026,3,0.0,0.0,0,0.8407960199004976
main_F1_P100_Z2_N0.npz,1026,7,0.0,0.0,0,0.8407960199004976
main_F1_P100_Z2_N0.npz,1027,2,0.0,0.0,0,0.8407960199004976
main_F1_P100_Z2_N0.npz,1027,3,0.0,0.0,0,0.8407960199004976
main_F1_P100_Z2_N0.npz,1027,7,0.0,0.0,0,0.8407960199004976
main_F1_P100_Z2_N0.npz,1028,2,0.0,0.0,0,0.8407960199004976
main_F1_P100_Z2_N0.npz,1028,3,0.0,0.0,0,0.8407960199004976
main_F1_P100_Z2_N0.npz,1028,7,0.0,0.0,0,0.8407960199004976
main_F1_P100_Z2_N0.npz,1029,2,0.0,0.0,0,0.8407960199004976
main_F1_P100_Z2_N0.npz,1029,3,0.0,0.0,0,0.8407960199004976
main_F1_P100_Z2_N0.npz,1029,7,0.0,0.0,0,0.8407960199004976
main_F2_P020_Z0_N0.npz,1000,2,0.0,0.0,0,0.8407960199004976
main_F2_P020_Z0_N0.npz,1000,3,0.0,0.0,0,0.8407960199004976
main_F2_P020_Z0_N0.npz,1000,7,0.0,0.0,0,0.8407960199004976
main_F2_P020_Z0_N0.npz,1001,2,0.0,0.0,0,0.8407960199004976
main_F2_P020_Z0_N0.npz,1001,3,0.0,0.0,0,0.8407960199004976
main_F2_P020_Z0_N0.npz,1001,7,0.0,0.0,0,0.8407960199004976
main_F2_P020_Z0_N0.npz,1002,2,0.0,0.0,0,0.8407960199004976
main_F2_P020_Z0_N0.npz,1002,3,0.0,0.0,0,0.8407960199004976
main_F2_P020_Z0_N0.npz,1002,7,0.0,0.0,0,0.8407960199004976
main_F2_P020_Z0_N0.npz,1003,2,0.0,0.0,0,0.8407960199004976
main_F2_P020_Z0_N0.npz,1003,3,0.0,0.0,0,0.8407960199004976
main_F2_P020_Z0_N0.npz,1003,7,0.0,0.0,0,0.8407960199004976
main_F2_P020_Z0_N0.npz,1004,2,0.0,0.0,0,0.8407960199004976
main_F2_P020_Z0_N0.npz,1004,3,0.0,0.0,0,0.8407960199004976
main_F2_P020_Z0_N0.npz,1004,7,0.0,0.0,0,0.8407960199004976
main_F2_P020_Z0_N0.npz,1005,2,0.0,0.0,0,0.8407960199004976
main_F2_P020_Z0_N0.npz,1005,3,0.0,0.0,0,0.8407960199004976
main_F2_P020_Z0_N0.npz,1005,7,0.0,0.0,0,0.8407960199004976
main_F2_P020_Z0_N0.npz,1006,2,0.0,0.0,0,0.8407960199004976
main_F2_P020_Z0_N0.npz,1006,3,0.0,0.0,0,0.8407960199004976
main_F2_P020_Z0_N0.npz,1006,7,0.0,0.0,0,0.8407960199004976
main_F2_P020_Z0_N0.npz,1007,2,0.0,0.0,0,0.8407960199004976
main_F2_P020_Z0_N0.npz,1007,3,0.0,0.0,0,0.8407960199004976
main_F2_P020_Z0_N0.npz,1007,7,0.0,0.0,0,0.8407960199004976
main_F2_P020_Z0_N0.npz,1008,2,0.0,0.0,0,0.8407960199004976
main_F2_P020_Z0_N0.npz,1008,3,0.0,0.0,0,0.8407960199004976
main_F2_P020_Z0_N0.npz,1008,7,0.0,0.0,0,0.8407960199004976
main_F2_P020_Z0_N0.npz,1009,2,0.0,0.0,0,0.8407960199004976
main_F2_P020_Z0_N0.npz,1009,3,0.0,0.0,0,0.8407960199004976
main_F2_P020_Z0_N0.npz,1009,7,0.0,0.0,0,0.8407960199004976
main_F2_P020_Z0_N0.npz,1010,2,0.0,0.0,0,0.8407960199004976
main_F2_P020_Z0_N0.npz,1010,3,0.0,0.0,0,0.8407960199004976
main_F2_P020_Z0_N0.npz,1010,7,0.0,0.0,0,0.8407960199004976
main_F2_P020_Z0_N0.npz,1011,2,0.0,0.0,0,0.8407960199004976
main_F2_P020_Z0_N0.npz,1011,3,0.0,0.0,0,0.8407960199004976
main_F2_P020_Z0_N0.npz,1011,7,0.0,0.0,0,0.8407960199004976
main_F2_P020_Z0_N0.npz,1012,2,0.0,0.0,0,0.8407960199004976
main_F2_P020_Z0_N0.npz,1012,3,0.0,0.0,0,0.8407960199004976
main_F2_P020_Z0_N0.npz,1012,7,0.0,0.0,0,0.8407960199004976
main_F2_P020_Z0_N0.npz,1013,2,0.0,0.0,0,0.8407960199004976
main_F2_P020_Z0_N0.npz,1013,3,0.0,0.0,0,0.8407960199004976
main_F2_P020_Z0_N0.npz,1013,7,0.0,0.0,0,0.8407960199004976
main_F2_P020_Z0_N0.npz,1014,2,0.0,0.0,0,0.8407960199004976
main_F2_P020_Z0_N0.npz,1014,3,0.0,0.0,0,0.8407960199004976
main_F2_P020_Z0_N0.npz,1014,7,0.0,0.0,0,0.8407960199004976
main_F2_P020_Z0_N0.npz,1015,2,0.0,0.0,0,0.8407960199004976
main_F2_P020_Z0_N0.npz,1015,3,0.0,0.0,0,0.8407960199004976
main_F2_P020_Z0_N0.npz,1015,7,0.0,0.0,0,0.8407960199004976
main_F2_P020_Z0_N0.npz,1016,2,0.0,0.0,0,0.8407960199004976
main_F2_P020_Z0_N0.npz,1016,3,0.0,0.0,0,0.8407960199004976
main_F2_P020_Z0_N0.npz,1016,7,0.0,0.0,0,0.8407960199004976
main_F2_P020_Z0_N0.npz,1017,2,0.0,0.0,0,0.8407960199004976
main_F2_P020_Z0_N0.npz,1017,3,0.0,0.0,0,0.8407960199004976
main_F2_P020_Z0_N0.npz,1017,7,0.0,0.0,0,0.8407960199004976
main_F2_P020_Z0_N0.npz,1018,2,0.0,0.0,0,0.8407960199004976
main_F2_P020_Z0_N0.npz,1018,3,0.0,0.0,0,0.8407960199004976
main_F2_P020_Z0_N0.npz,1018,7,0.0,0.0,0,0.8407960199004976
main_F2_P020_Z0_N0.npz,1019,2,0.0,0.0,0,0.8407960199004976
main_F2_P020_Z0_N0.npz,1019,3,0.0,0.0,0,0.8407960199004976
main_F2_P020_Z0_N0.npz,1019,7,0.0,0.0,0,0.8407960199004976
main_F2_P020_Z0_N0.npz,1020,2,0.0,0.0,0,0.8407960199004976
main_F2_P020_Z0_N0.npz,1020,3,0.0,0.0,0,0.8407960199004976
main_F2_P020_Z0_N0.npz,1020,7,0.0,0.0,0,0.8407960199004976
main_F2_P020_Z0_N0.npz,1021,2,0.0,0.0,0,0.8407960199004976
main_F2_P020_Z0_N0.npz,1021,3,0.0,0.0,0,0.8407960199004976
main_F2_P020_Z0_N0.npz,1021,7,0.0,0.0,0,0.8407960199004976
main_F2_P020_Z0_N0.npz,1022,2,0.0,0.0,0,0.8407960199004976
main_F2_P020_Z0_N0.npz,1022,3,0.0,0.0,0,0.8407960199004976
main_F2_P020_Z0_N0.npz,1022,7,0.0,0.0,0,0.8407960199004976
main_F2_P020_Z0_N0.npz,1023,2,0.0,0.0,0,0.8407960199004976
main_F2_P020_Z0_N0.npz,1023,3,0.0,0.0,0,0.8407960199004976
main_F2_P020_Z0_N0.npz,1023,7,0.0,0.0,0,0.8407960199004976
main_F2_P020_Z0_N0.npz,1024,2,0.0,0.0,0,0.8407960199004976
main_F2_P020_Z0_N0.npz,1024,3,0.0,0.0,0,0.8407960199004976
main_F2_P020_Z0_N0.npz,1024,7,0.0,0.0,0,0.8407960199004976
main_F2_P020_Z0_N0.npz,1025,2,0.0,0.0,0,0.8407960199004976
main_F2_P020_Z0_N0.npz,1025,3,0.0,0.0,0,0.8407960199004976
main_F2_P020_Z0_N0.npz,1025,7,0.0,0.0,0,0.8407960199004976
main_F2_P020_Z0_N0.npz,1026,2,0.0,0.0,0,0.8407960199004976
main_F2_P020_Z0_N0.npz,1026,3,0.0,0.0,0,0.8407960199004976
main_F2_P020_Z0_N0.npz,1026,7,0.0,0.0,0,0.8407960199004976
main_F2_P020_Z0_N0.npz,1027,2,0.0,0.0,0,0.8407960199004976
main_F2_P020_Z0_N0.npz,1027,3,0.0,0.0,0,0.8407960199004976
main_F2_P020_Z0_N0.npz,1027,7,0.0,0.0,0,0.8407960199004976
main_F2_P020_Z0_N0.npz,1028,2,0.0,0.0,0,0.8407960199004976
main_F2_P020_Z0_N0.npz,1028,3,0.0,0.0,0,0.8407960199004976
main_F2_P020_Z0_N0.npz,1028,7,0.0,0.0,0,0.8407960199004976
main_F2_P020_Z0_N0.npz,1029,2,0.0,0.0,0,0.8407960199004976
main_F2_P020_Z0_N0.npz,1029,3,0.0,0.0,0,0.8407960199004976
main_F2_P020_Z0_N0.npz,1029,7,0.0,0.0,0,0.8407960199004976
main_F2_P020_Z1_N0.npz,1000,2,0.0,0.0,0,0.8407960199004976
main_F2_P020_Z1_N0.npz,1000,3,0.0,0.0,0,0.8407960199004976
main_F2_P020_Z1_N0.npz,1000,7,0.0,0.0,0,0.8407960199004976
main_F2_P020_Z1_N0.npz,1001,2,0.0,0.0,0,0.8407960199004976
main_F2_P020_Z1_N0.npz,1001,3,0.0,0.0,0,0.8407960199004976
main_F2_P020_Z1_N0.npz,1001,7,0.0,0.0,0,0.8407960199004976
main_F2_P020_Z1_N0.npz,1002,2,0.0,0.0,0,0.8407960199004976
main_F2_P020_Z1_N0.npz,1002,3,0.0,0.0,0,0.8407960199004976
main_F2_P020_Z1_N0.npz,1002,7,0.0,0.0,0,0.8407960199004976
main_F2_P020_Z1_N0.npz,1003,2,0.0,0.0,0,0.8407960199004976
main_F2_P020_Z1_N0.npz,1003,3,0.0,0.0,0,0.8407960199004976
main_F2_P020_Z1_N0.npz,1003,7,0.0,0.0,0,0.8407960199004976
main_F2_P020_Z1_N0.npz,1004,2,8.798056340353355e-05,-0.00031249523162840687,0,0.8407960199004976
main_F2_P020_Z1_N0.npz,1004,3,9.236055671379972e-05,-0.00039386749267578125,0,0.8407960199004976
main_F2_P020_Z1_N0.npz,1004,7,0.0001865838420798127,-0.001171708106994629,0,0.8407960199004976
main_F2_P020_Z1_N0.npz,1005,2,0.0,0.0,0,0.8407960199004976
main_F2_P020_Z1_N0.npz,1005,3,0.0,0.0,0,0.8407960199004976
main_F2_P020_Z1_N0.npz,1005,7,0.0,0.0,0,0.8407960199004976
main_F2_P020_Z1_N0.npz,1006,2,0.0,0.0,0,0.8407960199004976
main_F2_P020_Z1_N0.npz,1006,3,0.0,0.0,0,0.8407960199004976
main_F2_P020_Z1_N0.npz,1006,7,0.0,0.0,0,0.8407960199004976
main_F2_P020_Z1_N0.npz,1007,2,0.0,0.0,0,0.8407960199004976
main_F2_P020_Z1_N0.npz,1007,3,0.0,0.0,0,0.8407960199004976
main_F2_P020_Z1_N0.npz,1007,7,0.0,0.0,0,0.8407960199004976
main_F2_P020_Z1_N0.npz,1008,2,0.0006099568668620492,-0.00031251907348633923,0,0.8407960199004976
main_F2_P020_Z1_N0.npz,1008,3,0.0006102400893830406,-0.00031378269195556086,0,0.8407960199004976
main_F2_P020_Z1_N0.npz,1008,7,0.0006115195552442998,-0.0003261566162109375,0,0.8407960199004976
main_F2_P020_Z1_N0.npz,1009,2,0.0,0.0,0,0.8407960199004976
main_F2_P020_Z1_N0.npz,1009,3,0.0,0.0,0,0.8407960199004976
main_F2_P020_Z1_N0.npz,1009,7,0.0,0.0,0,0.8407960199004976
main_F2_P020_Z1_N0.npz,1010,2,0.0,0.0,0,0.8407960199004976
main_F2_P020_Z1_N0.npz,1010,3,0.0,0.0,0,0.8407960199004976
main_F2_P020_Z1_N0.npz,1010,7,0.0,0.0,0,0.8407960199004976
main_F2_P020_Z1_N0.npz,1011,2,0.0,0.0,0,0.8407960199004976
main_F2_P020_Z1_N0.npz,1011,3,0.0,0.0,0,0.8407960199004976
main_F2_P020_Z1_N0.npz,1011,7,0.0,0.0,0,0.8407960199004976
main_F2_P020_Z1_N0.npz,1012,2,0.0,0.0,0,0.8407960199004976
main_F2_P020_Z1_N0.npz,1012,3,0.0,0.0,0,0.8407960199004976
main_F2_P020_Z1_N0.npz,1012,7,0.0,0.0,0,0.8407960199004976
main_F2_P020_Z1_N0.npz,1013,2,0.0,0.0,0,0.8407960199004976
main_F2_P020_Z1_N0.npz,1013,3,0.0,0.0,0,0.8407960199004976
main_F2_P020_Z1_N0.npz,1013,7,0.0,0.0,0,0.8407960199004976
main_F2_P020_Z1_N0.npz,1014,2,0.0,0.0,0,0.8407960199004976
main_F2_P020_Z1_N0.npz,1014,3,0.0,0.0,0,0.8407960199004976
main_F2_P020_Z1_N0.npz,1014,7,0.0,0.0,0,0.8407960199004976
main_F2_P020_Z1_N0.npz,1015,2,0.0,0.0,0,0.8407960199004976
main_F2_P020_Z1_N0.npz,1015,3,0.0,0.0,0,0.8407960199004976
main_F2_P020_Z1_N0.npz,1015,7,0.0,0.0,0,0.8407960199004976
main_F2_P020_Z1_N0.npz,1016,2,0.0,0.0,0,0.8407960199004976
main_F2_P020_Z1_N0.npz,1016,3,0.0,0.0,0,0.8407960199004976
main_F2_P020_Z1_N0.npz,1016,7,0.0,0.0,0,0.8407960199004976
main_F2_P020_Z1_N0.npz,1017,2,0.0,0.0,0,0.8407960199004976
main_F2_P020_Z1_N0.npz,1017,3,0.0,0.0,0,0.8407960199004976
main_F2_P020_Z1_N0.npz,1017,7,0.0,0.0,0,0.8407960199004976
main_F2_P020_Z1_N0.npz,1018,2,0.0,0.0,0,0.8407960199004976
main_F2_P020_Z1_N0.npz,1018,3,0.0,0.0,0,0.8407960199004976
main_F2_P020_Z1_N0.npz,1018,7,0.0,0.0,0,0.8407960199004976
main_F2_P020_Z1_N0.npz,1019,2,0.0,0.0,0,0.8407960199004976
main_F2_P020_Z1_N0.npz,1019,3,0.0,0.0,0,0.8407960199004976
main_F2_P020_Z1_N0.npz,1019,7,0.0,0.0,0,0.8407960199004976
main_F2_P020_Z1_N0.npz,1020,2,0.0,0.0,0,0.8407960199004976
main_F2_P020_Z1_N0.npz,1020,3,0.0,0.0,0,0.8407960199004976
main_F2_P020_Z1_N0.npz,1020,7,0.0,0.0,0,0.8407960199004976
main_F2_P020_Z1_N0.npz,1021,2,0.0,0.0,0,0.8407960199004976
main_F2_P020_Z1_N0.npz,1021,3,0.0,0.0,0,0.8407960199004976
main_F2_P020_Z1_N0.npz,1021,7,0.0,0.0,0,0.8407960199004976
main_F2_P020_Z1_N0.npz,1022,2,0.0,0.0,0,0.8407960199004976
main_F2_P020_Z1_N0.npz,1022,3,0.0,0.0,0,0.8407960199004976
main_F2_P020_Z1_N0.npz,1022,7,0.0,0.0,0,0.8407960199004976
main_F2_P020_Z1_N0.npz,1023,2,0.0,0.0,0,0.8407960199004976
main_F2_P020_Z1_N0.npz,1023,3,0.0,0.0,0,0.8407960199004976
main_F2_P020_Z1_N0.npz,1023,7,0.0,0.0,0,0.8407960199004976
main_F2_P020_Z1_N0.npz,1024,2,0.0,0.0,0,0.8407960199004976
main_F2_P020_Z1_N0.npz,1024,3,0.0,0.0,0,0.8407960199004976
main_F2_P020_Z1_N0.npz,1024,7,0.0,0.0,0,0.8407960199004976
main_F2_P020_Z1_N0.npz,1025,2,0.0,0.0,0,0.8407960199004976
main_F2_P020_Z1_N0.npz,1025,3,0.0,0.0,0,0.8407960199004976
main_F2_P020_Z1_N0.npz,1025,7,0.0,0.0,0,0.8407960199004976
main_F2_P020_Z1_N0.npz,1026,2,0.0,0.0,0,0.8407960199004976
main_F2_P020_Z1_N0.npz,1026,3,0.0,0.0,0,0.8407960199004976
main_F2_P020_Z1_N0.npz,1026,7,0.0,0.0,0,0.8407960199004976
main_F2_P020_Z1_N0.npz,1027,2,0.0,0.0,0,0.8407960199004976
main_F2_P020_Z1_N0.npz,1027,3,0.0,0.0,0,0.8407960199004976
main_F2_P020_Z1_N0.npz,1027,7,0.0,0.0,0,0.8407960199004976
main_F2_P020_Z1_N0.npz,1028,2,0.0,0.0,0,0.8407960199004976
main_F2_P020_Z1_N0.npz,1028,3,0.0,0.0,0,0.8407960199004976
main_F2_P020_Z1_N0.npz,1028,7,0.0,0.0,0,0.8407960199004976
main_F2_P020_Z1_N0.npz,1029,2,0.0,0.0,0,0.8407960199004976
main_F2_P020_Z1_N0.npz,1029,3,0.0,0.0,0,0.8407960199004976
main_F2_P020_Z1_N0.npz,1029,7,0.0,0.0,0,0.8407960199004976
main_F2_P020_Z2_N0.npz,1000,2,0.0,0.0,0,0.8407960199004976
main_F2_P020_Z2_N0.npz,1000,3,0.0,0.0,0,0.8407960199004976
main_F2_P020_Z2_N0.npz,1000,7,0.0,0.0,0,0.8407960199004976
main_F2_P020_Z2_N0.npz,1001,2,0.0,0.0,0,0.8407960199004976
main_F2_P020_Z2_N0.npz,1001,3,0.0,0.0,0,0.8407960199004976
main_F2_P020_Z2_N0.npz,1001,7,0.0,0.0,0,0.8407960199004976
main_F2_P020_Z2_N0.npz,1002,2,0.0,0.0,0,0.8407960199004976
main_F2_P020_Z2_N0.npz,1002,3,0.0,0.0,0,0.8407960199004976
main_F2_P020_Z2_N0.npz,1002,7,0.0,0.0,0,0.8407960199004976
main_F2_P020_Z2_N0.npz,1003,2,0.0,0.0,0,0.8407960199004976
main_F2_P020_Z2_N0.npz,1003,3,0.0,0.0,0,0.8407960199004976
main_F2_P020_Z2_N0.npz,1003,7,0.0,0.0,0,0.8407960199004976
main_F2_P020_Z2_N0.npz,1004,2,0.0,0.0,0,0.8407960199004976
main_F2_P020_Z2_N0.npz,1004,3,0.0,0.0,0,0.8407960199004976
main_F2_P020_Z2_N0.npz,1004,7,0.0,0.0,0,0.8407960199004976
main_F2_P020_Z2_N0.npz,1005,2,0.0,0.0,0,0.8407960199004976
main_F2_P020_Z2_N0.npz,1005,3,0.0,0.0,0,0.8407960199004976
main_F2_P020_Z2_N0.npz,1005,7,0.0,0.0,0,0.8407960199004976
main_F2_P020_Z2_N0.npz,1006,2,0.0,0.0,0,0.8407960199004976
main_F2_P020_Z2_N0.npz,1006,3,0.0,0.0,0,0.8407960199004976
main_F2_P020_Z2_N0.npz,1006,7,0.0,0.0,0,0.8407960199004976
main_F2_P020_Z2_N0.npz,1007,2,0.0,0.0,0,0.8407960199004976
main_F2_P020_Z2_N0.npz,1007,3,0.0,0.0,0,0.8407960199004976
main_F2_P020_Z2_N0.npz,1007,7,0.0,0.0,0,0.8407960199004976
main_F2_P020_Z2_N0.npz,1008,2,0.0,0.0,0,0.8407960199004976
main_F2_P020_Z2_N0.npz,1008,3,0.0,0.0,0,0.8407960199004976
main_F2_P020_Z2_N0.npz,1008,7,0.0,0.0,0,0.8407960199004976
main_F2_P020_Z2_N0.npz,1009,2,0.0,0.0,0,0.8407960199004976
main_F2_P020_Z2_N0.npz,1009,3,0.0,0.0,0,0.8407960199004976
main_F2_P020_Z2_N0.npz,1009,7,0.0,0.0,0,0.8407960199004976
main_F2_P020_Z2_N0.npz,1010,2,0.0,0.0,0,0.8407960199004976
main_F2_P020_Z2_N0.npz,1010,3,0.0,0.0,0,0.8407960199004976
main_F2_P020_Z2_N0.npz,1010,7,0.0,0.0,0,0.8407960199004976
main_F2_P020_Z2_N0.npz,1011,2,0.0,0.0,0,0.8407960199004976
main_F2_P020_Z2_N0.npz,1011,3,0.0,0.0,0,0.8407960199004976
main_F2_P020_Z2_N0.npz,1011,7,0.0,0.0,0,0.8407960199004976
main_F2_P020_Z2_N0.npz,1012,2,0.0,0.0,0,0.8407960199004976
main_F2_P020_Z2_N0.npz,1012,3,0.0,0.0,0,0.8407960199004976
main_F2_P020_Z2_N0.npz,1012,7,0.0,0.0,0,0.8407960199004976
main_F2_P020_Z2_N0.npz,1013,2,0.0,0.0,0,0.8407960199004976
main_F2_P020_Z2_N0.npz,1013,3,0.0,0.0,0,0.8407960199004976
main_F2_P020_Z2_N0.npz,1013,7,0.0,0.0,0,0.8407960199004976
main_F2_P020_Z2_N0.npz,1014,2,0.0,0.0,0,0.8407960199004976
main_F2_P020_Z2_N0.npz,1014,3,0.0,0.0,0,0.8407960199004976
main_F2_P020_Z2_N0.npz,1014,7,0.0,0.0,0,0.8407960199004976
main_F2_P020_Z2_N0.npz,1015,2,0.0,0.0,0,0.8407960199004976
main_F2_P020_Z2_N0.npz,1015,3,0.0,0.0,0,0.8407960199004976
main_F2_P020_Z2_N0.npz,1015,7,0.0,0.0,0,0.8407960199004976
main_F2_P020_Z2_N0.npz,1016,2,0.0,0.0,0,0.8407960199004976
main_F2_P020_Z2_N0.npz,1016,3,0.0,0.0,0,0.8407960199004976
main_F2_P020_Z2_N0.npz,1016,7,0.0,0.0,0,0.8407960199004976
main_F2_P020_Z2_N0.npz,1017,2,0.0,0.0,0,0.8407960199004976
main_F2_P020_Z2_N0.npz,1017,3,0.0,0.0,0,0.8407960199004976
main_F2_P020_Z2_N0.npz,1017,7,0.0,0.0,0,0.8407960199004976
main_F2_P020_Z2_N0.npz,1018,2,0.0,0.0,0,0.8407960199004976
main_F2_P020_Z2_N0.npz,1018,3,0.0,0.0,0,0.8407960199004976
main_F2_P020_Z2_N0.npz,1018,7,0.0,0.0,0,0.8407960199004976
main_F2_P020_Z2_N0.npz,1019,2,0.0,0.0,0,0.8407960199004976
main_F2_P020_Z2_N0.npz,1019,3,0.0,0.0,0,0.8407960199004976
main_F2_P020_Z2_N0.npz,1019,7,0.0,0.0,0,0.8407960199004976
main_F2_P020_Z2_N0.npz,1020,2,0.0,0.0,0,0.8407960199004976
main_F2_P020_Z2_N0.npz,1020,3,0.0,0.0,0,0.8407960199004976
main_F2_P020_Z2_N0.npz,1020,7,0.0,0.0,0,0.8407960199004976
main_F2_P020_Z2_N0.npz,1021,2,0.0,0.0,0,0.8407960199004976
main_F2_P020_Z2_N0.npz,1021,3,0.0,0.0,0,0.8407960199004976
main_F2_P020_Z2_N0.npz,1021,7,0.0,0.0,0,0.8407960199004976
main_F2_P020_Z2_N0.npz,1022,2,0.0,0.0,0,0.8407960199004976
main_F2_P020_Z2_N0.npz,1022,3,0.0,0.0,0,0.8407960199004976
main_F2_P020_Z2_N0.npz,1022,7,0.0,0.0,0,0.8407960199004976
main_F2_P020_Z2_N0.npz,1023,2,0.0,0.0,0,0.8407960199004976
main_F2_P020_Z2_N0.npz,1023,3,0.0,0.0,0,0.8407960199004976
main_F2_P020_Z2_N0.npz,1023,7,0.0,0.0,0,0.8407960199004976
main_F2_P020_Z2_N0.npz,1024,2,4.425692462284303e-05,-0.00031187534332274836,0,0.8407960199004976
main_F2_P020_Z2_N0.npz,1024,3,0.0,0.0,0,0.8407960199004976
main_F2_P020_Z2_N0.npz,1024,7,0.0,0.0,0,0.8407960199004976
main_F2_P020_Z2_N0.npz,1025,2,0.0,0.0,0,0.8407960199004976
main_F2_P020_Z2_N0.npz,1025,3,0.0,0.0,0,0.8407960199004976
main_F2_P020_Z2_N0.npz,1025,7,0.0,0.0,0,0.8407960199004976
main_F2_P020_Z2_N0.npz,1026,2,0.0,0.0,0,0.8407960199004976
main_F2_P020_Z2_N0.npz,1026,3,0.0,0.0,0,0.8407960199004976
main_F2_P020_Z2_N0.npz,1026,7,0.0,0.0,0,0.8407960199004976
main_F2_P020_Z2_N0.npz,1027,2,0.0,0.0,0,0.8407960199004976
main_F2_P020_Z2_N0.npz,1027,3,0.0,0.0,0,0.8407960199004976
main_F2_P020_Z2_N0.npz,1027,7,0.0,0.0,0,0.8407960199004976
main_F2_P020_Z2_N0.npz,1028,2,0.0,0.0,0,0.8407960199004976
main_F2_P020_Z2_N0.npz,1028,3,0.0,0.0,0,0.8407960199004976
main_F2_P020_Z2_N0.npz,1028,7,0.0,0.0,0,0.8407960199004976
main_F2_P020_Z2_N0.npz,1029,2,0.0,0.0,0,0.8407960199004976
main_F2_P020_Z2_N0.npz,1029,3,0.0,0.0,0,0.8407960199004976
main_F2_P020_Z2_N0.npz,1029,7,0.0,0.0,0,0.8407960199004976
main_F2_P050_Z0_N0.npz,1000,2,0.0,0.0,0,0.8407960199004976
main_F2_P050_Z0_N0.npz,1000,3,0.0,0.0,0,0.8407960199004976
main_F2_P050_Z0_N0.npz,1000,7,0.0,0.0,0,0.8407960199004976
main_F2_P050_Z0_N0.npz,1001,2,0.0,0.0,0,0.8407960199004976
main_F2_P050_Z0_N0.npz,1001,3,0.0,0.0,0,0.8407960199004976
main_F2_P050_Z0_N0.npz,1001,7,0.0,0.0,0,0.8407960199004976
main_F2_P050_Z0_N0.npz,1002,2,0.0,0.0,0,0.8407960199004976
main_F2_P050_Z0_N0.npz,1002,3,0.0,0.0,0,0.8407960199004976
main_F2_P050_Z0_N0.npz,1002,7,0.0,0.0,0,0.8407960199004976
main_F2_P050_Z0_N0.npz,1003,2,0.0,0.0,0,0.8407960199004976
main_F2_P050_Z0_N0.npz,1003,3,0.0,0.0,0,0.8407960199004976
main_F2_P050_Z0_N0.npz,1003,7,0.0,0.0,0,0.8407960199004976
main_F2_P050_Z0_N0.npz,1004,2,0.0,0.0,0,0.8407960199004976
main_F2_P050_Z0_N0.npz,1004,3,0.0,0.0,0,0.8407960199004976
main_F2_P050_Z0_N0.npz,1004,7,0.0,0.0,0,0.8407960199004976
main_F2_P050_Z0_N0.npz,1005,2,0.0,0.0,0,0.8407960199004976
main_F2_P050_Z0_N0.npz,1005,3,0.0,0.0,0,0.8407960199004976
main_F2_P050_Z0_N0.npz,1005,7,0.0,0.0,0,0.8407960199004976
main_F2_P050_Z0_N0.npz,1006,2,0.0,0.0,0,0.8407960199004976
main_F2_P050_Z0_N0.npz,1006,3,0.0,0.0,0,0.8407960199004976
main_F2_P050_Z0_N0.npz,1006,7,0.0,0.0,0,0.8407960199004976
main_F2_P050_Z0_N0.npz,1007,2,0.0,0.0,0,0.8407960199004976
main_F2_P050_Z0_N0.npz,1007,3,0.0,0.0,0,0.8407960199004976
main_F2_P050_Z0_N0.npz,1007,7,0.0,0.0,0,0.8407960199004976
main_F2_P050_Z0_N0.npz,1008,2,0.0,0.0,0,0.8407960199004976
main_F2_P050_Z0_N0.npz,1008,3,0.0,0.0,0,0.8407960199004976
main_F2_P050_Z0_N0.npz,1008,7,0.0,0.0,0,0.8407960199004976
main_F2_P050_Z0_N0.npz,1009,2,0.0,0.0,0,0.8407960199004976
main_F2_P050_Z0_N0.npz,1009,3,0.0,0.0,0,0.8407960199004976
main_F2_P050_Z0_N0.npz,1009,7,0.0,0.0,0,0.8407960199004976
main_F2_P050_Z0_N0.npz,1010,2,0.0,0.0,0,0.8407960199004976
main_F2_P050_Z0_N0.npz,1010,3,0.0,0.0,0,0.8407960199004976
main_F2_P050_Z0_N0.npz,1010,7,0.0,0.0,0,0.8407960199004976
main_F2_P050_Z0_N0.npz,1011,2,0.0,0.0,0,0.8407960199004976
main_F2_P050_Z0_N0.npz,1011,3,0.0,0.0,0,0.8407960199004976
main_F2_P050_Z0_N0.npz,1011,7,0.0,0.0,0,0.8407960199004976
main_F2_P050_Z0_N0.npz,1012,2,0.0,0.0,0,0.8407960199004976
main_F2_P050_Z0_N0.npz,1012,3,0.0,0.0,0,0.8407960199004976
main_F2_P050_Z0_N0.npz,1012,7,0.0,0.0,0,0.8407960199004976
main_F2_P050_Z0_N0.npz,1013,2,0.0,0.0,0,0.8407960199004976
main_F2_P050_Z0_N0.npz,1013,3,0.0,0.0,0,0.8407960199004976
main_F2_P050_Z0_N0.npz,1013,7,0.0,0.0,0,0.8407960199004976
main_F2_P050_Z0_N0.npz,1014,2,0.0,0.0,0,0.8407960199004976
main_F2_P050_Z0_N0.npz,1014,3,0.0,0.0,0,0.8407960199004976
main_F2_P050_Z0_N0.npz,1014,7,0.0,0.0,0,0.8407960199004976
main_F2_P050_Z0_N0.npz,1015,2,0.0,0.0,0,0.8407960199004976
main_F2_P050_Z0_N0.npz,1015,3,0.0,0.0,0,0.8407960199004976
main_F2_P050_Z0_N0.npz,1015,7,0.0,0.0,0,0.8407960199004976
main_F2_P050_Z0_N0.npz,1016,2,0.0,0.0,0,0.8407960199004976
main_F2_P050_Z0_N0.npz,1016,3,0.0,0.0,0,0.8407960199004976
main_F2_P050_Z0_N0.npz,1016,7,0.0,0.0,0,0.8407960199004976
main_F2_P050_Z0_N0.npz,1017,2,0.0,0.0,0,0.8407960199004976
main_F2_P050_Z0_N0.npz,1017,3,0.0,0.0,0,0.8407960199004976
main_F2_P050_Z0_N0.npz,1017,7,0.0,0.0,0,0.8407960199004976
main_F2_P050_Z0_N0.npz,1018,2,0.0,0.0,0,0.8407960199004976
main_F2_P050_Z0_N0.npz,1018,3,0.0,0.0,0,0.8407960199004976
main_F2_P050_Z0_N0.npz,1018,7,0.0,0.0,0,0.8407960199004976
main_F2_P050_Z0_N0.npz,1019,2,0.0,0.0,0,0.8407960199004976
main_F2_P050_Z0_N0.npz,1019,3,0.0,0.0,0,0.8407960199004976
main_F2_P050_Z0_N0.npz,1019,7,0.0,0.0,0,0.8407960199004976
main_F2_P050_Z0_N0.npz,1020,2,0.0,0.0,0,0.8407960199004976
main_F2_P050_Z0_N0.npz,1020,3,0.0,0.0,0,0.8407960199004976
main_F2_P050_Z0_N0.npz,1020,7,0.0,0.0,0,0.8407960199004976
main_F2_P050_Z0_N0.npz,1021,2,0.0,0.0,0,0.8407960199004976
main_F2_P050_Z0_N0.npz,1021,3,0.0,0.0,0,0.8407960199004976
main_F2_P050_Z0_N0.npz,1021,7,0.0,0.0,0,0.8407960199004976
main_F2_P050_Z0_N0.npz,1022,2,0.0,0.0,0,0.8407960199004976
main_F2_P050_Z0_N0.npz,1022,3,0.0,0.0,0,0.8407960199004976
main_F2_P050_Z0_N0.npz,1022,7,0.0,0.0,0,0.8407960199004976
main_F2_P050_Z0_N0.npz,1023,2,0.0,0.0,0,0.8407960199004976
main_F2_P050_Z0_N0.npz,1023,3,0.0,0.0,0,0.8407960199004976
main_F2_P050_Z0_N0.npz,1023,7,0.0,0.0,0,0.8407960199004976
main_F2_P050_Z0_N0.npz,1024,2,0.0,0.0,0,0.8407960199004976
main_F2_P050_Z0_N0.npz,1024,3,0.0,0.0,0,0.8407960199004976
main_F2_P050_Z0_N0.npz,1024,7,0.0,0.0,0,0.8407960199004976
main_F2_P050_Z0_N0.npz,1025,2,0.0,0.0,0,0.8407960199004976
main_F2_P050_Z0_N0.npz,1025,3,0.0,0.0,0,0.8407960199004976
main_F2_P050_Z0_N0.npz,1025,7,0.0,0.0,0,0.8407960199004976
main_F2_P050_Z0_N0.npz,1026,2,0.0,0.0,0,0.8407960199004976
main_F2_P050_Z0_N0.npz,1026,3,0.0,0.0,0,0.8407960199004976
main_F2_P050_Z0_N0.npz,1026,7,0.0,0.0,0,0.8407960199004976
main_F2_P050_Z0_N0.npz,1027,2,0.0,0.0,0,0.8407960199004976
main_F2_P050_Z0_N0.npz,1027,3,0.0,0.0,0,0.8407960199004976
main_F2_P050_Z0_N0.npz,1027,7,0.0,0.0,0,0.8407960199004976
main_F2_P050_Z0_N0.npz,1028,2,0.0,0.0,0,0.8407960199004976
main_F2_P050_Z0_N0.npz,1028,3,0.0,0.0,0,0.8407960199004976
main_F2_P050_Z0_N0.npz,1028,7,0.0,0.0,0,0.8407960199004976
main_F2_P050_Z0_N0.npz,1029,2,0.0,0.0,0,0.8407960199004976
main_F2_P050_Z0_N0.npz,1029,3,0.0,0.0,0,0.8407960199004976
main_F2_P050_Z0_N0.npz,1029,7,0.0,0.0,0,0.8407960199004976
main_F2_P050_Z1_N0.npz,1000,2,0.0,0.0,0,0.8407960199004976
main_F2_P050_Z1_N0.npz,1000,3,0.0,0.0,0,0.8407960199004976
main_F2_P050_Z1_N0.npz,1000,7,0.0,0.0,0,0.8407960199004976
main_F2_P050_Z1_N0.npz,1001,2,0.0,0.0,0,0.8407960199004976
main_F2_P050_Z1_N0.npz,1001,3,0.0,0.0,0,0.8407960199004976
main_F2_P050_Z1_N0.npz,1001,7,0.0,0.0,0,0.8407960199004976
main_F2_P050_Z1_N0.npz,1002,2,0.0,0.0,0,0.8407960199004976
main_F2_P050_Z1_N0.npz,1002,3,0.0,0.0,0,0.8407960199004976
main_F2_P050_Z1_N0.npz,1002,7,0.0,0.0,0,0.8407960199004976
main_F2_P050_Z1_N0.npz,1003,2,0.0,0.0,0,0.8407960199004976
main_F2_P050_Z1_N0.npz,1003,3,0.0,0.0,0,0.8407960199004976
main_F2_P050_Z1_N0.npz,1003,7,0.0,0.0,0,0.8407960199004976
main_F2_P050_Z1_N0.npz,1004,2,0.0,0.0,0,0.8407960199004976
main_F2_P050_Z1_N0.npz,1004,3,0.0,0.0,0,0.8407960199004976
main_F2_P050_Z1_N0.npz,1004,7,0.0,0.0,0,0.8407960199004976
main_F2_P050_Z1_N0.npz,1005,2,0.0,0.0,0,0.8407960199004976
main_F2_P050_Z1_N0.npz,1005,3,0.0,0.0,0,0.8407960199004976
main_F2_P050_Z1_N0.npz,1005,7,0.0,0.0,0,0.8407960199004976
main_F2_P050_Z1_N0.npz,1006,2,0.0,0.0,0,0.8407960199004976
main_F2_P050_Z1_N0.npz,1006,3,0.0,0.0,0,0.8407960199004976
main_F2_P050_Z1_N0.npz,1006,7,0.0,0.0,0,0.8407960199004976
main_F2_P050_Z1_N0.npz,1007,2,0.0,0.0,0,0.8407960199004976
main_F2_P050_Z1_N0.npz,1007,3,0.0,0.0,0,0.8407960199004976
main_F2_P050_Z1_N0.npz,1007,7,0.0,0.0,0,0.8407960199004976
main_F2_P050_Z1_N0.npz,1008,2,0.0,0.0,0,0.8407960199004976
main_F2_P050_Z1_N0.npz,1008,3,0.0,0.0,0,0.8407960199004976
main_F2_P050_Z1_N0.npz,1008,7,0.0,0.0,0,0.8407960199004976
main_F2_P050_Z1_N0.npz,1009,2,0.0,0.0,0,0.8407960199004976
main_F2_P050_Z1_N0.npz,1009,3,0.0,0.0,0,0.8407960199004976
main_F2_P050_Z1_N0.npz,1009,7,0.0,0.0,0,0.8407960199004976
main_F2_P050_Z1_N0.npz,1010,2,0.0,0.0,0,0.8407960199004976
main_F2_P050_Z1_N0.npz,1010,3,0.0,0.0,0,0.8407960199004976
main_F2_P050_Z1_N0.npz,1010,7,0.0,0.0,0,0.8407960199004976
main_F2_P050_Z1_N0.npz,1011,2,0.0,0.0,0,0.8407960199004976
main_F2_P050_Z1_N0.npz,1011,3,0.0,0.0,0,0.8407960199004976
main_F2_P050_Z1_N0.npz,1011,7,0.0,0.0,0,0.8407960199004976
main_F2_P050_Z1_N0.npz,1012,2,0.0,0.0,0,0.8407960199004976
main_F2_P050_Z1_N0.npz,1012,3,0.0,0.0,0,0.8407960199004976
main_F2_P050_Z1_N0.npz,1012,7,0.0,0.0,0,0.8407960199004976
main_F2_P050_Z1_N0.npz,1013,2,0.0,0.0,0,0.8407960199004976
main_F2_P050_Z1_N0.npz,1013,3,0.0,0.0,0,0.8407960199004976
main_F2_P050_Z1_N0.npz,1013,7,0.0,0.0,0,0.8407960199004976
main_F2_P050_Z1_N0.npz,1014,2,0.0,0.0,0,0.8407960199004976
main_F2_P050_Z1_N0.npz,1014,3,0.0,0.0,0,0.8407960199004976
main_F2_P050_Z1_N0.npz,1014,7,0.0,0.0,0,0.8407960199004976
main_F2_P050_Z1_N0.npz,1015,2,0.0,0.0,0,0.8407960199004976
main_F2_P050_Z1_N0.npz,1015,3,0.0,0.0,0,0.8407960199004976
main_F2_P050_Z1_N0.npz,1015,7,0.0,0.0,0,0.8407960199004976
main_F2_P050_Z1_N0.npz,1016,2,0.0,0.0,0,0.8407960199004976
main_F2_P050_Z1_N0.npz,1016,3,0.0,0.0,0,0.8407960199004976
main_F2_P050_Z1_N0.npz,1016,7,0.0,0.0,0,0.8407960199004976
main_F2_P050_Z1_N0.npz,1017,2,0.0,0.0,0,0.8407960199004976
main_F2_P050_Z1_N0.npz,1017,3,0.0,0.0,0,0.8407960199004976
main_F2_P050_Z1_N0.npz,1017,7,0.0,0.0,0,0.8407960199004976
main_F2_P050_Z1_N0.npz,1018,2,0.0,0.0,0,0.8407960199004976
main_F2_P050_Z1_N0.npz,1018,3,0.0,0.0,0,0.8407960199004976
main_F2_P050_Z1_N0.npz,1018,7,0.0,0.0,0,0.8407960199004976
main_F2_P050_Z1_N0.npz,1019,2,0.0,0.0,0,0.8407960199004976
main_F2_P050_Z1_N0.npz,1019,3,0.0,0.0,0,0.8407960199004976
main_F2_P050_Z1_N0.npz,1019,7,0.0,0.0,0,0.8407960199004976
main_F2_P050_Z1_N0.npz,1020,2,0.0,0.0,0,0.8407960199004976
main_F2_P050_Z1_N0.npz,1020,3,0.0,0.0,0,0.8407960199004976
main_F2_P050_Z1_N0.npz,1020,7,0.0,0.0,0,0.8407960199004976
main_F2_P050_Z1_N0.npz,1021,2,0.0,0.0,0,0.8407960199004976
main_F2_P050_Z1_N0.npz,1021,3,0.0,0.0,0,0.8407960199004976
main_F2_P050_Z1_N0.npz,1021,7,0.0,0.0,0,0.8407960199004976
main_F2_P050_Z1_N0.npz,1022,2,0.0,0.0,0,0.8407960199004976
main_F2_P050_Z1_N0.npz,1022,3,0.0,0.0,0,0.8407960199004976
main_F2_P050_Z1_N0.npz,1022,7,0.0,0.0,0,0.8407960199004976
main_F2_P050_Z1_N0.npz,1023,2,0.0,0.0,0,0.8407960199004976
main_F2_P050_Z1_N0.npz,1023,3,0.0,0.0,0,0.8407960199004976
main_F2_P050_Z1_N0.npz,1023,7,0.0,0.0,0,0.8407960199004976
main_F2_P050_Z1_N0.npz,1024,2,0.0,0.0,0,0.8407960199004976
main_F2_P050_Z1_N0.npz,1024,3,0.0,0.0,0,0.8407960199004976
main_F2_P050_Z1_N0.npz,1024,7,0.0,0.0,0,0.8407960199004976
main_F2_P050_Z1_N0.npz,1025,2,0.0,0.0,0,0.8407960199004976
main_F2_P050_Z1_N0.npz,1025,3,0.0,0.0,0,0.8407960199004976
main_F2_P050_Z1_N0.npz,1025,7,0.0,0.0,0,0.8407960199004976
main_F2_P050_Z1_N0.npz,1026,2,0.0,0.0,0,0.8407960199004976
main_F2_P050_Z1_N0.npz,1026,3,0.0,0.0,0,0.8407960199004976
main_F2_P050_Z1_N0.npz,1026,7,0.0,0.0,0,0.8407960199004976
main_F2_P050_Z1_N0.npz,1027,2,0.0,0.0,0,0.8407960199004976
main_F2_P050_Z1_N0.npz,1027,3,0.0,0.0,0,0.8407960199004976
main_F2_P050_Z1_N0.npz,1027,7,0.0,0.0,0,0.8407960199004976
main_F2_P050_Z1_N0.npz,1028,2,0.0,0.0,0,0.8407960199004976
main_F2_P050_Z1_N0.npz,1028,3,0.0,0.0,0,0.8407960199004976
main_F2_P050_Z1_N0.npz,1028,7,0.0,0.0,0,0.8407960199004976
main_F2_P050_Z1_N0.npz,1029,2,0.0,0.0,0,0.8407960199004976
main_F2_P050_Z1_N0.npz,1029,3,0.0,0.0,0,0.8407960199004976
main_F2_P050_Z1_N0.npz,1029,7,0.0,0.0,0,0.8407960199004976
main_F2_P050_Z2_N0.npz,1000,2,0.0,0.0,0,0.8407960199004976
main_F2_P050_Z2_N0.npz,1000,3,0.0,0.0,0,0.8407960199004976
main_F2_P050_Z2_N0.npz,1000,7,0.0,0.0,0,0.8407960199004976
main_F2_P050_Z2_N0.npz,1001,2,0.0,0.0,0,0.8407960199004976
main_F2_P050_Z2_N0.npz,1001,3,0.0,0.0,0,0.8407960199004976
main_F2_P050_Z2_N0.npz,1001,7,0.0,0.0,0,0.8407960199004976
main_F2_P050_Z2_N0.npz,1002,2,0.0,0.0,0,0.8407960199004976
main_F2_P050_Z2_N0.npz,1002,3,0.0,0.0,0,0.8407960199004976
main_F2_P050_Z2_N0.npz,1002,7,0.0,0.0,0,0.8407960199004976
main_F2_P050_Z2_N0.npz,1003,2,0.0,0.0,0,0.8407960199004976
main_F2_P050_Z2_N0.npz,1003,3,0.0,0.0,0,0.8407960199004976
main_F2_P050_Z2_N0.npz,1003,7,0.0,0.0,0,0.8407960199004976
main_F2_P050_Z2_N0.npz,1004,2,0.0,0.0,0,0.8407960199004976
main_F2_P050_Z2_N0.npz,1004,3,0.0,0.0,0,0.8407960199004976
main_F2_P050_Z2_N0.npz,1004,7,0.0,0.0,0,0.8407960199004976
main_F2_P050_Z2_N0.npz,1005,2,0.0,0.0,0,0.8407960199004976
main_F2_P050_Z2_N0.npz,1005,3,0.0,0.0,0,0.8407960199004976
main_F2_P050_Z2_N0.npz,1005,7,0.0,0.0,0,0.8407960199004976
main_F2_P050_Z2_N0.npz,1006,2,0.0,0.0,0,0.8407960199004976
main_F2_P050_Z2_N0.npz,1006,3,0.0,0.0,0,0.8407960199004976
main_F2_P050_Z2_N0.npz,1006,7,0.0,0.0,0,0.8407960199004976
main_F2_P050_Z2_N0.npz,1007,2,0.0,0.0,0,0.8407960199004976
main_F2_P050_Z2_N0.npz,1007,3,0.0,0.0,0,0.8407960199004976
main_F2_P050_Z2_N0.npz,1007,7,0.0,0.0,0,0.8407960199004976
main_F2_P050_Z2_N0.npz,1008,2,0.0,0.0,0,0.8407960199004976
main_F2_P050_Z2_N0.npz,1008,3,0.0,0.0,0,0.8407960199004976
main_F2_P050_Z2_N0.npz,1008,7,0.0,0.0,0,0.8407960199004976
main_F2_P050_Z2_N0.npz,1009,2,1.09783018720222e-05,-0.00031251907348633923,0,0.8407960199004976
main_F2_P050_Z2_N0.npz,1009,3,0.0,0.0,0,0.8407960199004976
main_F2_P050_Z2_N0.npz,1009,7,0.0,0.0,0,0.8407960199004976
main_F2_P050_Z2_N0.npz,1010,2,0.0,0.0,0,0.8407960199004976
main_F2_P050_Z2_N0.npz,1010,3,0.0,0.0,0,0.8407960199004976
main_F2_P050_Z2_N0.npz,1010,7,0.0,0.0,0,0.8407960199004976
main_F2_P050_Z2_N0.npz,1011,2,2.0861096874824625e-05,-0.00030026435852051336,0,0.8407960199004976
main_F2_P050_Z2_N0.npz,1011,3,0.0,0.0,0,0.8407960199004976
main_F2_P050_Z2_N0.npz,1011,7,0.0,0.0,0,0.8407960199004976
main_F2_P050_Z2_N0.npz,1012,2,0.0,0.0,0,0.8407960199004976
main_F2_P050_Z2_N0.npz,1012,3,0.0,0.0,0,0.8407960199004976
main_F2_P050_Z2_N0.npz,1012,7,0.0,0.0,0,0.8407960199004976
main_F2_P050_Z2_N0.npz,1013,2,0.0,0.0,0,0.8407960199004976
main_F2_P050_Z2_N0.npz,1013,3,0.0,0.0,0,0.8407960199004976
main_F2_P050_Z2_N0.npz,1013,7,0.0,0.0,0,0.8407960199004976
main_F2_P050_Z2_N0.npz,1014,2,0.0,0.0,0,0.8407960199004976
main_F2_P050_Z2_N0.npz,1014,3,0.0,0.0,0,0.8407960199004976
main_F2_P050_Z2_N0.npz,1014,7,0.0,0.0,0,0.8407960199004976
main_F2_P050_Z2_N0.npz,1015,2,0.0,0.0,0,0.8407960199004976
main_F2_P050_Z2_N0.npz,1015,3,0.0,0.0,0,0.8407960199004976
main_F2_P050_Z2_N0.npz,1015,7,0.0,0.0,0,0.8407960199004976
main_F2_P050_Z2_N0.npz,1016,2,0.0,0.0,0,0.8407960199004976
main_F2_P050_Z2_N0.npz,1016,3,0.0,0.0,0,0.8407960199004976
main_F2_P050_Z2_N0.npz,1016,7,0.0,0.0,0,0.8407960199004976
main_F2_P050_Z2_N0.npz,1017,2,0.0,0.0,0,0.8407960199004976
main_F2_P050_Z2_N0.npz,1017,3,0.0,0.0,0,0.8407960199004976
main_F2_P050_Z2_N0.npz,1017,7,0.0,0.0,0,0.8407960199004976
main_F2_P050_Z2_N0.npz,1018,2,0.0,0.0,0,0.8407960199004976
main_F2_P050_Z2_N0.npz,1018,3,0.0,0.0,0,0.8407960199004976
main_F2_P050_Z2_N0.npz,1018,7,0.0,0.0,0,0.8407960199004976
main_F2_P050_Z2_N0.npz,1019,2,0.0,0.0,0,0.8407960199004976
main_F2_P050_Z2_N0.npz,1019,3,0.0,0.0,0,0.8407960199004976
main_F2_P050_Z2_N0.npz,1019,7,0.0,0.0,0,0.8407960199004976
main_F2_P050_Z2_N0.npz,1020,2,0.0,0.0,0,0.8407960199004976
main_F2_P050_Z2_N0.npz,1020,3,0.0,0.0,0,0.8407960199004976
main_F2_P050_Z2_N0.npz,1020,7,0.0,0.0,0,0.8407960199004976
main_F2_P050_Z2_N0.npz,1021,2,0.0,0.0,0,0.8407960199004976
main_F2_P050_Z2_N0.npz,1021,3,0.0,0.0,0,0.8407960199004976
main_F2_P050_Z2_N0.npz,1021,7,0.0,0.0,0,0.8407960199004976
main_F2_P050_Z2_N0.npz,1022,2,0.0,0.0,0,0.8407960199004976
main_F2_P050_Z2_N0.npz,1022,3,0.0,0.0,0,0.8407960199004976
main_F2_P050_Z2_N0.npz,1022,7,0.0,0.0,0,0.8407960199004976
main_F2_P050_Z2_N0.npz,1023,2,0.0,0.0,0,0.8407960199004976
main_F2_P050_Z2_N0.npz,1023,3,0.0,0.0,0,0.8407960199004976
main_F2_P050_Z2_N0.npz,1023,7,0.0,0.0,0,0.8407960199004976
main_F2_P050_Z2_N0.npz,1024,2,0.0,0.0,0,0.8407960199004976
main_F2_P050_Z2_N0.npz,1024,3,0.0,0.0,0,0.8407960199004976
main_F2_P050_Z2_N0.npz,1024,7,0.0,0.0,0,0.8407960199004976
main_F2_P050_Z2_N0.npz,1025,2,0.0,0.0,0,0.8407960199004976
main_F2_P050_Z2_N0.npz,1025,3,0.0,0.0,0,0.8407960199004976
main_F2_P050_Z2_N0.npz,1025,7,0.0,0.0,0,0.8407960199004976
main_F2_P050_Z2_N0.npz,1026,2,0.0,0.0,0,0.8407960199004976
main_F2_P050_Z2_N0.npz,1026,3,0.0,0.0,0,0.8407960199004976
main_F2_P050_Z2_N0.npz,1026,7,0.0,0.0,0,0.8407960199004976
main_F2_P050_Z2_N0.npz,1027,2,0.0,0.0,0,0.8407960199004976
main_F2_P050_Z2_N0.npz,1027,3,0.0,0.0,0,0.8407960199004976
main_F2_P050_Z2_N0.npz,1027,7,0.0,0.0,0,0.8407960199004976
main_F2_P050_Z2_N0.npz,1028,2,0.0,0.0,0,0.8407960199004976
main_F2_P050_Z2_N0.npz,1028,3,0.0,0.0,0,0.8407960199004976
main_F2_P050_Z2_N0.npz,1028,7,0.0,0.0,0,0.8407960199004976
main_F2_P050_Z2_N0.npz,1029,2,0.0,0.0,0,0.8407960199004976
main_F2_P050_Z2_N0.npz,1029,3,0.0,0.0,0,0.8407960199004976
main_F2_P050_Z2_N0.npz,1029,7,0.0,0.0,0,0.8407960199004976
main_F2_P100_Z0_N0.npz,1000,2,0.0,0.0,0,0.8407960199004976
main_F2_P100_Z0_N0.npz,1000,3,0.0,0.0,0,0.8407960199004976
main_F2_P100_Z0_N0.npz,1000,7,0.0,0.0,0,0.8407960199004976
main_F2_P100_Z0_N0.npz,1001,2,0.0,0.0,0,0.8407960199004976
main_F2_P100_Z0_N0.npz,1001,3,0.0,0.0,0,0.8407960199004976
main_F2_P100_Z0_N0.npz,1001,7,0.0,0.0,0,0.8407960199004976
main_F2_P100_Z0_N0.npz,1002,2,0.0,0.0,0,0.8407960199004976
main_F2_P100_Z0_N0.npz,1002,3,0.0,0.0,0,0.8407960199004976
main_F2_P100_Z0_N0.npz,1002,7,0.0,0.0,0,0.8407960199004976
main_F2_P100_Z0_N0.npz,1003,2,0.0,0.0,0,0.8407960199004976
main_F2_P100_Z0_N0.npz,1003,3,0.0,0.0,0,0.8407960199004976
main_F2_P100_Z0_N0.npz,1003,7,0.0,0.0,0,0.8407960199004976
main_F2_P100_Z0_N0.npz,1004,2,0.0,0.0,0,0.8407960199004976
main_F2_P100_Z0_N0.npz,1004,3,0.0,0.0,0,0.8407960199004976
main_F2_P100_Z0_N0.npz,1004,7,0.0,0.0,0,0.8407960199004976
main_F2_P100_Z0_N0.npz,1005,2,0.0,0.0,0,0.8407960199004976
main_F2_P100_Z0_N0.npz,1005,3,0.0,0.0,0,0.8407960199004976
main_F2_P100_Z0_N0.npz,1005,7,0.0,0.0,0,0.8407960199004976
main_F2_P100_Z0_N0.npz,1006,2,0.0,0.0,0,0.8407960199004976
main_F2_P100_Z0_N0.npz,1006,3,0.0,0.0,0,0.8407960199004976
main_F2_P100_Z0_N0.npz,1006,7,0.0,0.0,0,0.8407960199004976
main_F2_P100_Z0_N0.npz,1007,2,0.0,0.0,0,0.8407960199004976
main_F2_P100_Z0_N0.npz,1007,3,0.0,0.0,0,0.8407960199004976
main_F2_P100_Z0_N0.npz,1007,7,0.0,0.0,0,0.8407960199004976
main_F2_P100_Z0_N0.npz,1008,2,0.0,0.0,0,0.8407960199004976
main_F2_P100_Z0_N0.npz,1008,3,0.0,0.0,0,0.8407960199004976
main_F2_P100_Z0_N0.npz,1008,7,0.0,0.0,0,0.8407960199004976
main_F2_P100_Z0_N0.npz,1009,2,0.0,0.0,0,0.8407960199004976
main_F2_P100_Z0_N0.npz,1009,3,0.0,0.0,0,0.8407960199004976
main_F2_P100_Z0_N0.npz,1009,7,0.0,0.0,0,0.8407960199004976
main_F2_P100_Z0_N0.npz,1010,2,0.0,0.0,0,0.8407960199004976
main_F2_P100_Z0_N0.npz,1010,3,0.0,0.0,0,0.8407960199004976
main_F2_P100_Z0_N0.npz,1010,7,0.0,0.0,0,0.8407960199004976
main_F2_P100_Z0_N0.npz,1011,2,0.0,0.0,0,0.8407960199004976
main_F2_P100_Z0_N0.npz,1011,3,0.0,0.0,0,0.8407960199004976
main_F2_P100_Z0_N0.npz,1011,7,0.0,0.0,0,0.8407960199004976
main_F2_P100_Z0_N0.npz,1012,2,0.0,0.0,0,0.8407960199004976
main_F2_P100_Z0_N0.npz,1012,3,0.0,0.0,0,0.8407960199004976
main_F2_P100_Z0_N0.npz,1012,7,0.0,0.0,0,0.8407960199004976
main_F2_P100_Z0_N0.npz,1013,2,0.0,0.0,0,0.8407960199004976
main_F2_P100_Z0_N0.npz,1013,3,0.0,0.0,0,0.8407960199004976
main_F2_P100_Z0_N0.npz,1013,7,0.0,0.0,0,0.8407960199004976
main_F2_P100_Z0_N0.npz,1014,2,0.0,0.0,0,0.8407960199004976
main_F2_P100_Z0_N0.npz,1014,3,0.0,0.0,0,0.8407960199004976
main_F2_P100_Z0_N0.npz,1014,7,0.0,0.0,0,0.8407960199004976
main_F2_P100_Z0_N0.npz,1015,2,0.0,0.0,0,0.8407960199004976
main_F2_P100_Z0_N0.npz,1015,3,0.0,0.0,0,0.8407960199004976
main_F2_P100_Z0_N0.npz,1015,7,0.0,0.0,0,0.8407960199004976
main_F2_P100_Z0_N0.npz,1016,2,0.0,0.0,0,0.8407960199004976
main_F2_P100_Z0_N0.npz,1016,3,0.0,0.0,0,0.8407960199004976
main_F2_P100_Z0_N0.npz,1016,7,0.0,0.0,0,0.8407960199004976
main_F2_P100_Z0_N0.npz,1017,2,0.0,0.0,0,0.8407960199004976
main_F2_P100_Z0_N0.npz,1017,3,0.0,0.0,0,0.8407960199004976
main_F2_P100_Z0_N0.npz,1017,7,0.0,0.0,0,0.8407960199004976
main_F2_P100_Z0_N0.npz,1018,2,0.0,0.0,0,0.8407960199004976
main_F2_P100_Z0_N0.npz,1018,3,0.0,0.0,0,0.8407960199004976
main_F2_P100_Z0_N0.npz,1018,7,0.0,0.0,0,0.8407960199004976
main_F2_P100_Z0_N0.npz,1019,2,0.0,0.0,0,0.8407960199004976
main_F2_P100_Z0_N0.npz,1019,3,0.0,0.0,0,0.8407960199004976
main_F2_P100_Z0_N0.npz,1019,7,0.0,0.0,0,0.8407960199004976
main_F2_P100_Z0_N0.npz,1020,2,0.0,0.0,0,0.8407960199004976
main_F2_P100_Z0_N0.npz,1020,3,0.0,0.0,0,0.8407960199004976
main_F2_P100_Z0_N0.npz,1020,7,0.0,0.0,0,0.8407960199004976
main_F2_P100_Z0_N0.npz,1021,2,0.0,0.0,0,0.8407960199004976
main_F2_P100_Z0_N0.npz,1021,3,0.0,0.0,0,0.8407960199004976
main_F2_P100_Z0_N0.npz,1021,7,0.0,0.0,0,0.8407960199004976
main_F2_P100_Z0_N0.npz,1022,2,0.0,0.0,0,0.8407960199004976
main_F2_P100_Z0_N0.npz,1022,3,0.0,0.0,0,0.8407960199004976
main_F2_P100_Z0_N0.npz,1022,7,0.0,0.0,0,0.8407960199004976
main_F2_P100_Z0_N0.npz,1023,2,0.0,0.0,0,0.8407960199004976
main_F2_P100_Z0_N0.npz,1023,3,0.0,0.0,0,0.8407960199004976
main_F2_P100_Z0_N0.npz,1023,7,0.0,0.0,0,0.8407960199004976
main_F2_P100_Z0_N0.npz,1024,2,0.0,0.0,0,0.8407960199004976
main_F2_P100_Z0_N0.npz,1024,3,0.0,0.0,0,0.8407960199004976
main_F2_P100_Z0_N0.npz,1024,7,0.0,0.0,0,0.8407960199004976
main_F2_P100_Z0_N0.npz,1025,2,0.0,0.0,0,0.8407960199004976
main_F2_P100_Z0_N0.npz,1025,3,0.0,0.0,0,0.8407960199004976
main_F2_P100_Z0_N0.npz,1025,7,0.0,0.0,0,0.8407960199004976
main_F2_P100_Z0_N0.npz,1026,2,0.0,0.0,0,0.8407960199004976
main_F2_P100_Z0_N0.npz,1026,3,0.0,0.0,0,0.8407960199004976
main_F2_P100_Z0_N0.npz,1026,7,0.0,0.0,0,0.8407960199004976
main_F2_P100_Z0_N0.npz,1027,2,0.0,0.0,0,0.8407960199004976
main_F2_P100_Z0_N0.npz,1027,3,0.0,0.0,0,0.8407960199004976
main_F2_P100_Z0_N0.npz,1027,7,0.0,0.0,0,0.8407960199004976
main_F2_P100_Z0_N0.npz,1028,2,0.0,0.0,0,0.8407960199004976
main_F2_P100_Z0_N0.npz,1028,3,0.0,0.0,0,0.8407960199004976
main_F2_P100_Z0_N0.npz,1028,7,0.0,0.0,0,0.8407960199004976
main_F2_P100_Z0_N0.npz,1029,2,0.0,0.0,0,0.8407960199004976
main_F2_P100_Z0_N0.npz,1029,3,0.0,0.0,0,0.8407960199004976
main_F2_P100_Z0_N0.npz,1029,7,0.0,0.0,0,0.8407960199004976
main_F2_P100_Z1_N0.npz,1000,2,0.0,0.0,0,0.8407960199004976
main_F2_P100_Z1_N0.npz,1000,3,0.0,0.0,0,0.8407960199004976
main_F2_P100_Z1_N0.npz,1000,7,0.0,0.0,0,0.8407960199004976
main_F2_P100_Z1_N0.npz,1001,2,0.0,0.0,0,0.8407960199004976
main_F2_P100_Z1_N0.npz,1001,3,0.0,0.0,0,0.8407960199004976
main_F2_P100_Z1_N0.npz,1001,7,0.0,0.0,0,0.8407960199004976
main_F2_P100_Z1_N0.npz,1002,2,0.0,0.0,0,0.8407960199004976
main_F2_P100_Z1_N0.npz,1002,3,0.0,0.0,0,0.8407960199004976
main_F2_P100_Z1_N0.npz,1002,7,0.0,0.0,0,0.8407960199004976
main_F2_P100_Z1_N0.npz,1003,2,0.0,0.0,0,0.8407960199004976
main_F2_P100_Z1_N0.npz,1003,3,0.0,0.0,0,0.8407960199004976
main_F2_P100_Z1_N0.npz,1003,7,0.0,0.0,0,0.8407960199004976
main_F2_P100_Z1_N0.npz,1004,2,0.0,0.0,0,0.8407960199004976
main_F2_P100_Z1_N0.npz,1004,3,0.0,0.0,0,0.8407960199004976
main_F2_P100_Z1_N0.npz,1004,7,0.0,0.0,0,0.8407960199004976
main_F2_P100_Z1_N0.npz,1005,2,0.0,0.0,0,0.8407960199004976
main_F2_P100_Z1_N0.npz,1005,3,0.0,0.0,0,0.8407960199004976
main_F2_P100_Z1_N0.npz,1005,7,0.0,0.0,0,0.8407960199004976
main_F2_P100_Z1_N0.npz,1006,2,0.0,0.0,0,0.8407960199004976
main_F2_P100_Z1_N0.npz,1006,3,0.0,0.0,0,0.8407960199004976
main_F2_P100_Z1_N0.npz,1006,7,0.0,0.0,0,0.8407960199004976
main_F2_P100_Z1_N0.npz,1007,2,0.00010284552601547148,-0.00031251907348633923,0,0.8407960199004976
main_F2_P100_Z1_N0.npz,1007,3,0.00010311730300749389,-0.0003140449523925948,0,0.8407960199004976
main_F2_P100_Z1_N0.npz,1007,7,0.00010281307715587218,-0.0003261566162109375,0,0.8407960199004976
main_F2_P100_Z1_N0.npz,1008,2,0.0,0.0,0,0.8407960199004976
main_F2_P100_Z1_N0.npz,1008,3,0.0,0.0,0,0.8407960199004976
main_F2_P100_Z1_N0.npz,1008,7,0.0,0.0,0,0.8407960199004976
main_F2_P100_Z1_N0.npz,1009,2,0.0,0.0,0,0.8407960199004976
main_F2_P100_Z1_N0.npz,1009,3,0.0,0.0,0,0.8407960199004976
main_F2_P100_Z1_N0.npz,1009,7,0.0,0.0,0,0.8407960199004976
main_F2_P100_Z1_N0.npz,1010,2,0.0,0.0,0,0.8407960199004976
main_F2_P100_Z1_N0.npz,1010,3,0.0,0.0,0,0.8407960199004976
main_F2_P100_Z1_N0.npz,1010,7,0.0,0.0,0,0.8407960199004976
main_F2_P100_Z1_N0.npz,1011,2,0.0,0.0,0,0.8407960199004976
main_F2_P100_Z1_N0.npz,1011,3,0.0,0.0,0,0.8407960199004976
main_F2_P100_Z1_N0.npz,1011,7,0.0,0.0,0,0.8407960199004976
main_F2_P100_Z1_N0.npz,1012,2,0.0,0.0,0,0.8407960199004976
main_F2_P100_Z1_N0.npz,1012,3,0.0,0.0,0,0.8407960199004976
main_F2_P100_Z1_N0.npz,1012,7,0.0,0.0,0,0.8407960199004976
main_F2_P100_Z1_N0.npz,1013,2,0.0,0.0,0,0.8407960199004976
main_F2_P100_Z1_N0.npz,1013,3,0.0,0.0,0,0.8407960199004976
main_F2_P100_Z1_N0.npz,1013,7,0.0,0.0,0,0.8407960199004976
main_F2_P100_Z1_N0.npz,1014,2,0.0,0.0,0,0.8407960199004976
main_F2_P100_Z1_N0.npz,1014,3,0.0,0.0,0,0.8407960199004976
main_F2_P100_Z1_N0.npz,1014,7,0.0,0.0,0,0.8407960199004976
main_F2_P100_Z1_N0.npz,1015,2,0.0,0.0,0,0.8407960199004976
main_F2_P100_Z1_N0.npz,1015,3,0.0,0.0,0,0.8407960199004976
main_F2_P100_Z1_N0.npz,1015,7,0.0,0.0,0,0.8407960199004976
main_F2_P100_Z1_N0.npz,1016,2,0.0,0.0,0,0.8407960199004976
main_F2_P100_Z1_N0.npz,1016,3,0.0,0.0,0,0.8407960199004976
main_F2_P100_Z1_N0.npz,1016,7,0.0,0.0,0,0.8407960199004976
main_F2_P100_Z1_N0.npz,1017,2,0.0,0.0,0,0.8407960199004976
main_F2_P100_Z1_N0.npz,1017,3,0.0,0.0,0,0.8407960199004976
main_F2_P100_Z1_N0.npz,1017,7,0.0,0.0,0,0.8407960199004976
main_F2_P100_Z1_N0.npz,1018,2,0.0,0.0,0,0.8407960199004976
main_F2_P100_Z1_N0.npz,1018,3,0.0,0.0,0,0.8407960199004976
main_F2_P100_Z1_N0.npz,1018,7,0.0,0.0,0,0.8407960199004976
main_F2_P100_Z1_N0.npz,1019,2,0.0,0.0,0,0.8407960199004976
main_F2_P100_Z1_N0.npz,1019,3,0.0,0.0,0,0.8407960199004976
main_F2_P100_Z1_N0.npz,1019,7,0.0,0.0,0,0.8407960199004976
main_F2_P100_Z1_N0.npz,1020,2,0.0,0.0,0,0.8407960199004976
main_F2_P100_Z1_N0.npz,1020,3,0.0,0.0,0,0.8407960199004976
main_F2_P100_Z1_N0.npz,1020,7,0.0,0.0,0,0.8407960199004976
main_F2_P100_Z1_N0.npz,1021,2,0.0,0.0,0,0.8407960199004976
main_F2_P100_Z1_N0.npz,1021,3,0.0,0.0,0,0.8407960199004976
main_F2_P100_Z1_N0.npz,1021,7,0.0,0.0,0,0.8407960199004976
main_F2_P100_Z1_N0.npz,1022,2,0.0,0.0,0,0.8407960199004976
main_F2_P100_Z1_N0.npz,1022,3,0.0,0.0,0,0.8407960199004976
main_F2_P100_Z1_N0.npz,1022,7,0.0,0.0,0,0.8407960199004976
main_F2_P100_Z1_N0.npz,1023,2,0.0,0.0,0,0.8407960199004976
main_F2_P100_Z1_N0.npz,1023,3,0.0,0.0,0,0.8407960199004976
main_F2_P100_Z1_N0.npz,1023,7,0.0,0.0,0,0.8407960199004976
main_F2_P100_Z1_N0.npz,1024,2,0.0,0.0,0,0.8407960199004976
main_F2_P100_Z1_N0.npz,1024,3,0.0,0.0,0,0.8407960199004976
main_F2_P100_Z1_N0.npz,1024,7,0.0,0.0,0,0.8407960199004976
main_F2_P100_Z1_N0.npz,1025,2,0.0,0.0,0,0.8407960199004976
main_F2_P100_Z1_N0.npz,1025,3,0.0,0.0,0,0.8407960199004976
main_F2_P100_Z1_N0.npz,1025,7,0.0,0.0,0,0.8407960199004976
main_F2_P100_Z1_N0.npz,1026,2,0.0,0.0,0,0.8407960199004976
main_F2_P100_Z1_N0.npz,1026,3,0.0,0.0,0,0.8407960199004976
main_F2_P100_Z1_N0.npz,1026,7,0.0,0.0,0,0.8407960199004976
main_F2_P100_Z1_N0.npz,1027,2,0.0,0.0,0,0.8407960199004976
main_F2_P100_Z1_N0.npz,1027,3,0.0,0.0,0,0.8407960199004976
main_F2_P100_Z1_N0.npz,1027,7,0.0,0.0,0,0.8407960199004976
main_F2_P100_Z1_N0.npz,1028,2,0.0,0.0,0,0.8407960199004976
main_F2_P100_Z1_N0.npz,1028,3,0.0,0.0,0,0.8407960199004976
main_F2_P100_Z1_N0.npz,1028,7,0.0,0.0,0,0.8407960199004976
main_F2_P100_Z1_N0.npz,1029,2,0.0,0.0,0,0.8407960199004976
main_F2_P100_Z1_N0.npz,1029,3,0.0,0.0,0,0.8407960199004976
main_F2_P100_Z1_N0.npz,1029,7,0.0,0.0,0,0.8407960199004976
main_F2_P100_Z2_N0.npz,1000,2,0.0,0.0,0,0.8407960199004976
main_F2_P100_Z2_N0.npz,1000,3,0.0,0.0,0,0.8407960199004976
main_F2_P100_Z2_N0.npz,1000,7,0.0,0.0,0,0.8407960199004976
main_F2_P100_Z2_N0.npz,1001,2,0.0,0.0,0,0.8407960199004976
main_F2_P100_Z2_N0.npz,1001,3,0.0,0.0,0,0.8407960199004976
main_F2_P100_Z2_N0.npz,1001,7,0.0,0.0,0,0.8407960199004976
main_F2_P100_Z2_N0.npz,1002,2,0.0,0.0,0,0.8407960199004976
main_F2_P100_Z2_N0.npz,1002,3,0.0,0.0,0,0.8407960199004976
main_F2_P100_Z2_N0.npz,1002,7,0.0,0.0,0,0.8407960199004976
main_F2_P100_Z2_N0.npz,1003,2,0.0,0.0,0,0.8407960199004976
main_F2_P100_Z2_N0.npz,1003,3,0.0,0.0,0,0.8407960199004976
main_F2_P100_Z2_N0.npz,1003,7,0.0,0.0,0,0.8407960199004976
main_F2_P100_Z2_N0.npz,1004,2,0.0,0.0,0,0.8407960199004976
main_F2_P100_Z2_N0.npz,1004,3,0.0,0.0,0,0.8407960199004976
main_F2_P100_Z2_N0.npz,1004,7,0.0,0.0,0,0.8407960199004976
main_F2_P100_Z2_N0.npz,1005,2,0.0,0.0,0,0.8407960199004976
main_F2_P100_Z2_N0.npz,1005,3,0.0,0.0,0,0.8407960199004976
main_F2_P100_Z2_N0.npz,1005,7,0.0,0.0,0,0.8407960199004976
main_F2_P100_Z2_N0.npz,1006,2,0.0,0.0,0,0.8407960199004976
main_F2_P100_Z2_N0.npz,1006,3,0.0,0.0,0,0.8407960199004976
main_F2_P100_Z2_N0.npz,1006,7,0.0,0.0,0,0.8407960199004976
main_F2_P100_Z2_N0.npz,1007,2,0.0,0.0,0,0.8407960199004976
main_F2_P100_Z2_N0.npz,1007,3,0.0,0.0,0,0.8407960199004976
main_F2_P100_Z2_N0.npz,1007,7,0.0,0.0,0,0.8407960199004976
main_F2_P100_Z2_N0.npz,1008,2,0.0,0.0,0,0.8407960199004976
main_F2_P100_Z2_N0.npz,1008,3,0.0,0.0,0,0.8407960199004976
main_F2_P100_Z2_N0.npz,1008,7,0.0,0.0,0,0.8407960199004976
main_F2_P100_Z2_N0.npz,1009,2,0.0,0.0,0,0.8407960199004976
main_F2_P100_Z2_N0.npz,1009,3,0.0,0.0,0,0.8407960199004976
main_F2_P100_Z2_N0.npz,1009,7,0.0,0.0,0,0.8407960199004976
main_F2_P100_Z2_N0.npz,1010,2,0.0,0.0,0,0.8407960199004976
main_F2_P100_Z2_N0.npz,1010,3,0.0,0.0,0,0.8407960199004976
main_F2_P100_Z2_N0.npz,1010,7,0.0,0.0,0,0.8407960199004976
main_F2_P100_Z2_N0.npz,1011,2,0.0,0.0,0,0.8407960199004976
main_F2_P100_Z2_N0.npz,1011,3,0.0,0.0,0,0.8407960199004976
main_F2_P100_Z2_N0.npz,1011,7,0.0,0.0,0,0.8407960199004976
main_F2_P100_Z2_N0.npz,1012,2,0.0,0.0,0,0.8407960199004976
main_F2_P100_Z2_N0.npz,1012,3,0.0,0.0,0,0.8407960199004976
main_F2_P100_Z2_N0.npz,1012,7,0.0,0.0,0,0.8407960199004976
main_F2_P100_Z2_N0.npz,1013,2,0.0,0.0,0,0.8407960199004976
main_F2_P100_Z2_N0.npz,1013,3,0.0,0.0,0,0.8407960199004976
main_F2_P100_Z2_N0.npz,1013,7,0.0,0.0,0,0.8407960199004976
main_F2_P100_Z2_N0.npz,1014,2,0.0,0.0,0,0.8407960199004976
main_F2_P100_Z2_N0.npz,1014,3,0.0,0.0,0,0.8407960199004976
main_F2_P100_Z2_N0.npz,1014,7,0.0,0.0,0,0.8407960199004976
main_F2_P100_Z2_N0.npz,1015,2,0.0,0.0,0,0.8407960199004976
main_F2_P100_Z2_N0.npz,1015,3,0.0,0.0,0,0.8407960199004976
main_F2_P100_Z2_N0.npz,1015,7,0.0,0.0,0,0.8407960199004976
main_F2_P100_Z2_N0.npz,1016,2,0.0,0.0,0,0.8407960199004976
main_F2_P100_Z2_N0.npz,1016,3,0.0,0.0,0,0.8407960199004976
main_F2_P100_Z2_N0.npz,1016,7,0.0,0.0,0,0.8407960199004976
main_F2_P100_Z2_N0.npz,1017,2,0.0,0.0,0,0.8407960199004976
main_F2_P100_Z2_N0.npz,1017,3,0.0,0.0,0,0.8407960199004976
main_F2_P100_Z2_N0.npz,1017,7,0.0,0.0,0,0.8407960199004976
main_F2_P100_Z2_N0.npz,1018,2,0.0,0.0,0,0.8407960199004976
main_F2_P100_Z2_N0.npz,1018,3,0.0,0.0,0,0.8407960199004976
main_F2_P100_Z2_N0.npz,1018,7,0.0,0.0,0,0.8407960199004976
main_F2_P100_Z2_N0.npz,1019,2,0.0,0.0,0,0.8407960199004976
main_F2_P100_Z2_N0.npz,1019,3,0.0,0.0,0,0.8407960199004976
main_F2_P100_Z2_N0.npz,1019,7,0.0,0.0,0,0.8407960199004976
main_F2_P100_Z2_N0.npz,1020,2,0.0,0.0,0,0.8407960199004976
main_F2_P100_Z2_N0.npz,1020,3,0.0,0.0,0,0.8407960199004976
main_F2_P100_Z2_N0.npz,1020,7,0.0,0.0,0,0.8407960199004976
main_F2_P100_Z2_N0.npz,1021,2,0.0,0.0,0,0.8407960199004976
main_F2_P100_Z2_N0.npz,1021,3,0.0,0.0,0,0.8407960199004976
main_F2_P100_Z2_N0.npz,1021,7,0.0,0.0,0,0.8407960199004976
main_F2_P100_Z2_N0.npz,1022,2,0.0,0.0,0,0.8407960199004976
main_F2_P100_Z2_N0.npz,1022,3,0.0,0.0,0,0.8407960199004976
main_F2_P100_Z2_N0.npz,1022,7,0.0,0.0,0,0.8407960199004976
main_F2_P100_Z2_N0.npz,1023,2,0.0,0.0,0,0.8407960199004976
main_F2_P100_Z2_N0.npz,1023,3,0.0,0.0,0,0.8407960199004976
main_F2_P100_Z2_N0.npz,1023,7,0.0,0.0,0,0.8407960199004976
main_F2_P100_Z2_N0.npz,1024,2,0.0,0.0,0,0.8407960199004976
main_F2_P100_Z2_N0.npz,1024,3,0.0,0.0,0,0.8407960199004976
main_F2_P100_Z2_N0.npz,1024,7,0.0,0.0,0,0.8407960199004976
main_F2_P100_Z2_N0.npz,1025,2,0.0,0.0,0,0.8407960199004976
main_F2_P100_Z2_N0.npz,1025,3,0.0,0.0,0,0.8407960199004976
main_F2_P100_Z2_N0.npz,1025,7,0.0,0.0,0,0.8407960199004976
main_F2_P100_Z2_N0.npz,1026,2,0.0,0.0,0,0.8407960199004976
main_F2_P100_Z2_N0.npz,1026,3,0.0,0.0,0,0.8407960199004976
main_F2_P100_Z2_N0.npz,1026,7,0.0,0.0,0,0.8407960199004976
main_F2_P100_Z2_N0.npz,1027,2,0.0,0.0,0,0.8407960199004976
main_F2_P100_Z2_N0.npz,1027,3,0.0,0.0,0,0.8407960199004976
main_F2_P100_Z2_N0.npz,1027,7,0.0,0.0,0,0.8407960199004976
main_F2_P100_Z2_N0.npz,1028,2,0.0,0.0,0,0.8407960199004976
main_F2_P100_Z2_N0.npz,1028,3,0.0,0.0,0,0.8407960199004976
main_F2_P100_Z2_N0.npz,1028,7,0.0,0.0,0,0.8407960199004976
main_F2_P100_Z2_N0.npz,1029,2,0.0,0.0,0,0.8407960199004976
main_F2_P100_Z2_N0.npz,1029,3,0.0,0.0,0,0.8407960199004976
main_F2_P100_Z2_N0.npz,1029,7,0.0,0.0,0,0.8407960199004976
main_F3_P020_Z0_N0.npz,1000,2,0.0,0.0,0,0.8407960199004976
main_F3_P020_Z0_N0.npz,1000,3,0.0,0.0,0,0.8407960199004976
main_F3_P020_Z0_N0.npz,1000,7,0.0,0.0,0,0.8407960199004976
main_F3_P020_Z0_N0.npz,1001,2,0.0,0.0,0,0.8407960199004976
main_F3_P020_Z0_N0.npz,1001,3,0.0,0.0,0,0.8407960199004976
main_F3_P020_Z0_N0.npz,1001,7,0.0,0.0,0,0.8407960199004976
main_F3_P020_Z0_N0.npz,1002,2,0.0,0.0,0,0.8407960199004976
main_F3_P020_Z0_N0.npz,1002,3,0.0,0.0,0,0.8407960199004976
main_F3_P020_Z0_N0.npz,1002,7,0.0,0.0,0,0.8407960199004976
main_F3_P020_Z0_N0.npz,1003,2,0.0,0.0,0,0.8407960199004976
main_F3_P020_Z0_N0.npz,1003,3,0.0,0.0,0,0.8407960199004976
main_F3_P020_Z0_N0.npz,1003,7,0.0,0.0,0,0.8407960199004976
main_F3_P020_Z0_N0.npz,1004,2,0.0,0.0,0,0.8407960199004976
main_F3_P020_Z0_N0.npz,1004,3,0.0,0.0,0,0.8407960199004976
main_F3_P020_Z0_N0.npz,1004,7,0.0,0.0,0,0.8407960199004976
main_F3_P020_Z0_N0.npz,1005,2,0.0,0.0,0,0.8407960199004976
main_F3_P020_Z0_N0.npz,1005,3,0.0,0.0,0,0.8407960199004976
main_F3_P020_Z0_N0.npz,1005,7,0.0,0.0,0,0.8407960199004976
main_F3_P020_Z0_N0.npz,1006,2,0.0,0.0,0,0.8407960199004976
main_F3_P020_Z0_N0.npz,1006,3,0.0,0.0,0,0.8407960199004976
main_F3_P020_Z0_N0.npz,1006,7,0.0,0.0,0,0.8407960199004976
main_F3_P020_Z0_N0.npz,1007,2,0.0,0.0,0,0.8407960199004976
main_F3_P020_Z0_N0.npz,1007,3,0.0,0.0,0,0.8407960199004976
main_F3_P020_Z0_N0.npz,1007,7,0.0,0.0,0,0.8407960199004976
main_F3_P020_Z0_N0.npz,1008,2,0.0,0.0,0,0.8407960199004976
main_F3_P020_Z0_N0.npz,1008,3,0.0,0.0,0,0.8407960199004976
main_F3_P020_Z0_N0.npz,1008,7,0.0,0.0,0,0.8407960199004976
main_F3_P020_Z0_N0.npz,1009,2,0.0,0.0,0,0.8407960199004976
main_F3_P020_Z0_N0.npz,1009,3,0.0,0.0,0,0.8407960199004976
main_F3_P020_Z0_N0.npz,1009,7,0.0,0.0,0,0.8407960199004976
main_F3_P020_Z0_N0.npz,1010,2,0.0,0.0,0,0.8407960199004976
main_F3_P020_Z0_N0.npz,1010,3,0.0,0.0,0,0.8407960199004976
main_F3_P020_Z0_N0.npz,1010,7,0.0,0.0,0,0.8407960199004976
main_F3_P020_Z0_N0.npz,1011,2,0.0,0.0,0,0.8407960199004976
main_F3_P020_Z0_N0.npz,1011,3,0.0,0.0,0,0.8407960199004976
main_F3_P020_Z0_N0.npz,1011,7,0.0,0.0,0,0.8407960199004976
main_F3_P020_Z0_N0.npz,1012,2,0.0,0.0,0,0.8407960199004976
main_F3_P020_Z0_N0.npz,1012,3,0.0,0.0,0,0.8407960199004976
main_F3_P020_Z0_N0.npz,1012,7,0.0,0.0,0,0.8407960199004976
main_F3_P020_Z0_N0.npz,1013,2,0.0,0.0,0,0.8407960199004976
main_F3_P020_Z0_N0.npz,1013,3,0.0,0.0,0,0.8407960199004976
main_F3_P020_Z0_N0.npz,1013,7,0.0,0.0,0,0.8407960199004976
main_F3_P020_Z0_N0.npz,1014,2,0.0,0.0,0,0.8407960199004976
main_F3_P020_Z0_N0.npz,1014,3,0.0,0.0,0,0.8407960199004976
main_F3_P020_Z0_N0.npz,1014,7,0.0,0.0,0,0.8407960199004976
main_F3_P020_Z0_N0.npz,1015,2,0.0,0.0,0,0.8407960199004976
main_F3_P020_Z0_N0.npz,1015,3,0.0,0.0,0,0.8407960199004976
main_F3_P020_Z0_N0.npz,1015,7,0.0,0.0,0,0.8407960199004976
main_F3_P020_Z0_N0.npz,1016,2,0.0,0.0,0,0.8407960199004976
main_F3_P020_Z0_N0.npz,1016,3,0.0,0.0,0,0.8407960199004976
main_F3_P020_Z0_N0.npz,1016,7,0.0,0.0,0,0.8407960199004976
main_F3_P020_Z0_N0.npz,1017,2,0.0,0.0,0,0.8407960199004976
main_F3_P020_Z0_N0.npz,1017,3,0.0,0.0,0,0.8407960199004976
main_F3_P020_Z0_N0.npz,1017,7,0.0,0.0,0,0.8407960199004976
main_F3_P020_Z0_N0.npz,1018,2,0.0,0.0,0,0.8407960199004976
main_F3_P020_Z0_N0.npz,1018,3,0.0,0.0,0,0.8407960199004976
main_F3_P020_Z0_N0.npz,1018,7,0.0,0.0,0,0.8407960199004976
main_F3_P020_Z0_N0.npz,1019,2,0.0,0.0,0,0.8407960199004976
main_F3_P020_Z0_N0.npz,1019,3,0.0,0.0,0,0.8407960199004976
main_F3_P020_Z0_N0.npz,1019,7,0.0,0.0,0,0.8407960199004976
main_F3_P020_Z0_N0.npz,1020,2,0.0,0.0,0,0.8407960199004976
main_F3_P020_Z0_N0.npz,1020,3,0.0,0.0,0,0.8407960199004976
main_F3_P020_Z0_N0.npz,1020,7,0.0,0.0,0,0.8407960199004976
main_F3_P020_Z0_N0.npz,1021,2,0.0,0.0,0,0.8407960199004976
main_F3_P020_Z0_N0.npz,1021,3,0.0,0.0,0,0.8407960199004976
main_F3_P020_Z0_N0.npz,1021,7,0.0,0.0,0,0.8407960199004976
main_F3_P020_Z0_N0.npz,1022,2,0.0,0.0,0,0.8407960199004976
main_F3_P020_Z0_N0.npz,1022,3,0.0,0.0,0,0.8407960199004976
main_F3_P020_Z0_N0.npz,1022,7,0.0,0.0,0,0.8407960199004976
main_F3_P020_Z0_N0.npz,1023,2,0.0,0.0,0,0.8407960199004976
main_F3_P020_Z0_N0.npz,1023,3,0.0,0.0,0,0.8407960199004976
main_F3_P020_Z0_N0.npz,1023,7,0.0,0.0,0,0.8407960199004976
main_F3_P020_Z0_N0.npz,1024,2,0.0,0.0,0,0.8407960199004976
main_F3_P020_Z0_N0.npz,1024,3,0.0,0.0,0,0.8407960199004976
main_F3_P020_Z0_N0.npz,1024,7,0.0,0.0,0,0.8407960199004976
main_F3_P020_Z0_N0.npz,1025,2,0.0,0.0,0,0.8407960199004976
main_F3_P020_Z0_N0.npz,1025,3,0.0,0.0,0,0.8407960199004976
main_F3_P020_Z0_N0.npz,1025,7,0.0,0.0,0,0.8407960199004976
main_F3_P020_Z0_N0.npz,1026,2,0.0,0.0,0,0.8407960199004976
main_F3_P020_Z0_N0.npz,1026,3,0.0,0.0,0,0.8407960199004976
main_F3_P020_Z0_N0.npz,1026,7,0.0,0.0,0,0.8407960199004976
main_F3_P020_Z0_N0.npz,1027,2,0.0,0.0,0,0.8407960199004976
main_F3_P020_Z0_N0.npz,1027,3,0.0,0.0,0,0.8407960199004976
main_F3_P020_Z0_N0.npz,1027,7,0.0,0.0,0,0.8407960199004976
main_F3_P020_Z0_N0.npz,1028,2,0.0,0.0,0,0.8407960199004976
main_F3_P020_Z0_N0.npz,1028,3,0.0,0.0,0,0.8407960199004976
main_F3_P020_Z0_N0.npz,1028,7,0.0,0.0,0,0.8407960199004976
main_F3_P020_Z0_N0.npz,1029,2,0.0,0.0,0,0.8407960199004976
main_F3_P020_Z0_N0.npz,1029,3,0.0,0.0,0,0.8407960199004976
main_F3_P020_Z0_N0.npz,1029,7,0.0,0.0,0,0.8407960199004976
main_F3_P020_Z1_N0.npz,1000,2,0.0,0.0,0,0.8407960199004976
main_F3_P020_Z1_N0.npz,1000,3,0.0,0.0,0,0.8407960199004976
main_F3_P020_Z1_N0.npz,1000,7,0.0,0.0,0,0.8407960199004976
main_F3_P020_Z1_N0.npz,1001,2,0.0,0.0,0,0.8407960199004976
main_F3_P020_Z1_N0.npz,1001,3,0.0,0.0,0,0.8407960199004976
main_F3_P020_Z1_N0.npz,1001,7,0.0,0.0,0,0.8407960199004976
main_F3_P020_Z1_N0.npz,1002,2,0.0,0.0,0,0.8407960199004976
main_F3_P020_Z1_N0.npz,1002,3,0.0,0.0,0,0.8407960199004976
main_F3_P020_Z1_N0.npz,1002,7,0.0,0.0,0,0.8407960199004976
main_F3_P020_Z1_N0.npz,1003,2,0.0,0.0,0,0.8407960199004976
main_F3_P020_Z1_N0.npz,1003,3,0.0,0.0,0,0.8407960199004976
main_F3_P020_Z1_N0.npz,1003,7,0.0,0.0,0,0.8407960199004976
main_F3_P020_Z1_N0.npz,1004,2,0.0,0.0,0,0.8407960199004976
main_F3_P020_Z1_N0.npz,1004,3,0.0,0.0,0,0.8407960199004976
main_F3_P020_Z1_N0.npz,1004,7,0.0,0.0,0,0.8407960199004976
main_F3_P020_Z1_N0.npz,1005,2,0.0,0.0,0,0.8407960199004976
main_F3_P020_Z1_N0.npz,1005,3,0.0,0.0,0,0.8407960199004976
main_F3_P020_Z1_N0.npz,1005,7,0.0,0.0,0,0.8407960199004976
main_F3_P020_Z1_N0.npz,1006,2,0.0,0.0,0,0.8407960199004976
main_F3_P020_Z1_N0.npz,1006,3,0.0,0.0,0,0.8407960199004976
main_F3_P020_Z1_N0.npz,1006,7,0.0,0.0,0,0.8407960199004976
main_F3_P020_Z1_N0.npz,1007,2,0.0,0.0,0,0.8407960199004976
main_F3_P020_Z1_N0.npz,1007,3,0.0,0.0,0,0.8407960199004976
main_F3_P020_Z1_N0.npz,1007,7,0.0,0.0,0,0.8407960199004976
main_F3_P020_Z1_N0.npz,1008,2,0.0,0.0,0,0.8407960199004976
main_F3_P020_Z1_N0.npz,1008,3,0.0,0.0,0,0.8407960199004976
main_F3_P020_Z1_N0.npz,1008,7,0.0,0.0,0,0.8407960199004976
main_F3_P020_Z1_N0.npz,1009,2,0.0,0.0,0,0.8407960199004976
main_F3_P020_Z1_N0.npz,1009,3,0.0,0.0,0,0.8407960199004976
main_F3_P020_Z1_N0.npz,1009,7,0.0,0.0,0,0.8407960199004976
main_F3_P020_Z1_N0.npz,1010,2,0.0,0.0,0,0.8407960199004976
main_F3_P020_Z1_N0.npz,1010,3,0.0,0.0,0,0.8407960199004976
main_F3_P020_Z1_N0.npz,1010,7,0.0,0.0,0,0.8407960199004976
main_F3_P020_Z1_N0.npz,1011,2,0.0,0.0,0,0.8407960199004976
main_F3_P020_Z1_N0.npz,1011,3,0.0,0.0,0,0.8407960199004976
main_F3_P020_Z1_N0.npz,1011,7,0.0,0.0,0,0.8407960199004976
main_F3_P020_Z1_N0.npz,1012,2,0.0,0.0,0,0.8407960199004976
main_F3_P020_Z1_N0.npz,1012,3,0.0,0.0,0,0.8407960199004976
main_F3_P020_Z1_N0.npz,1012,7,0.0,0.0,0,0.8407960199004976
main_F3_P020_Z1_N0.npz,1013,2,0.0,0.0,0,0.8407960199004976
main_F3_P020_Z1_N0.npz,1013,3,0.0,0.0,0,0.8407960199004976
main_F3_P020_Z1_N0.npz,1013,7,0.0,0.0,0,0.8407960199004976
main_F3_P020_Z1_N0.npz,1014,2,0.0,0.0,0,0.8407960199004976
main_F3_P020_Z1_N0.npz,1014,3,0.0,0.0,0,0.8407960199004976
main_F3_P020_Z1_N0.npz,1014,7,0.0,0.0,0,0.8407960199004976
main_F3_P020_Z1_N0.npz,1015,2,0.0,0.0,0,0.8407960199004976
main_F3_P020_Z1_N0.npz,1015,3,0.0,0.0,0,0.8407960199004976
main_F3_P020_Z1_N0.npz,1015,7,0.0,0.0,0,0.8407960199004976
main_F3_P020_Z1_N0.npz,1016,2,0.0,0.0,0,0.8407960199004976
main_F3_P020_Z1_N0.npz,1016,3,0.0,0.0,0,0.8407960199004976
main_F3_P020_Z1_N0.npz,1016,7,0.0,0.0,0,0.8407960199004976
main_F3_P020_Z1_N0.npz,1017,2,0.0,0.0,0,0.8407960199004976
main_F3_P020_Z1_N0.npz,1017,3,0.0,0.0,0,0.8407960199004976
main_F3_P020_Z1_N0.npz,1017,7,0.0,0.0,0,0.8407960199004976
main_F3_P020_Z1_N0.npz,1018,2,0.0,0.0,0,0.8407960199004976
main_F3_P020_Z1_N0.npz,1018,3,0.0,0.0,0,0.8407960199004976
main_F3_P020_Z1_N0.npz,1018,7,0.0,0.0,0,0.8407960199004976
main_F3_P020_Z1_N0.npz,1019,2,0.0,0.0,0,0.8407960199004976
main_F3_P020_Z1_N0.npz,1019,3,0.0,0.0,0,0.8407960199004976
main_F3_P020_Z1_N0.npz,1019,7,0.0,0.0,0,0.8407960199004976
main_F3_P020_Z1_N0.npz,1020,2,0.0,0.0,0,0.8407960199004976
main_F3_P020_Z1_N0.npz,1020,3,0.0,0.0,0,0.8407960199004976
main_F3_P020_Z1_N0.npz,1020,7,0.0,0.0,0,0.8407960199004976
main_F3_P020_Z1_N0.npz,1021,2,0.0,0.0,0,0.8407960199004976
main_F3_P020_Z1_N0.npz,1021,3,0.0,0.0,0,0.8407960199004976
main_F3_P020_Z1_N0.npz,1021,7,0.0,0.0,0,0.8407960199004976
main_F3_P020_Z1_N0.npz,1022,2,0.0,0.0,0,0.8407960199004976
main_F3_P020_Z1_N0.npz,1022,3,0.0,0.0,0,0.8407960199004976
main_F3_P020_Z1_N0.npz,1022,7,0.0,0.0,0,0.8407960199004976
main_F3_P020_Z1_N0.npz,1023,2,0.0,0.0,0,0.8407960199004976
main_F3_P020_Z1_N0.npz,1023,3,0.0,0.0,0,0.8407960199004976
main_F3_P020_Z1_N0.npz,1023,7,0.0,0.0,0,0.8407960199004976
main_F3_P020_Z1_N0.npz,1024,2,0.0,0.0,0,0.8407960199004976
main_F3_P020_Z1_N0.npz,1024,3,0.0,0.0,0,0.8407960199004976
main_F3_P020_Z1_N0.npz,1024,7,0.0,0.0,0,0.8407960199004976
main_F3_P020_Z1_N0.npz,1025,2,0.0,0.0,0,0.8407960199004976
main_F3_P020_Z1_N0.npz,1025,3,0.0,0.0,0,0.8407960199004976
main_F3_P020_Z1_N0.npz,1025,7,0.0,0.0,0,0.8407960199004976
main_F3_P020_Z1_N0.npz,1026,2,0.0,0.0,0,0.8407960199004976
main_F3_P020_Z1_N0.npz,1026,3,0.0,0.0,0,0.8407960199004976
main_F3_P020_Z1_N0.npz,1026,7,0.0,0.0,0,0.8407960199004976
main_F3_P020_Z1_N0.npz,1027,2,0.0,0.0,0,0.8407960199004976
main_F3_P020_Z1_N0.npz,1027,3,0.0,0.0,0,0.8407960199004976
main_F3_P020_Z1_N0.npz,1027,7,0.0,0.0,0,0.8407960199004976
main_F3_P020_Z1_N0.npz,1028,2,0.0,0.0,0,0.8407960199004976
main_F3_P020_Z1_N0.npz,1028,3,0.0,0.0,0,0.8407960199004976
main_F3_P020_Z1_N0.npz,1028,7,0.0,0.0,0,0.8407960199004976
main_F3_P020_Z1_N0.npz,1029,2,0.0,0.0,0,0.8407960199004976
main_F3_P020_Z1_N0.npz,1029,3,0.0,0.0,0,0.8407960199004976
main_F3_P020_Z1_N0.npz,1029,7,0.0,0.0,0,0.8407960199004976
main_F3_P020_Z2_N0.npz,1000,2,0.0,0.0,0,0.8407960199004976
main_F3_P020_Z2_N0.npz,1000,3,0.0,0.0,0,0.8407960199004976
main_F3_P020_Z2_N0.npz,1000,7,0.0,0.0,0,0.8407960199004976
main_F3_P020_Z2_N0.npz,1001,2,0.0,0.0,0,0.8407960199004976
main_F3_P020_Z2_N0.npz,1001,3,0.0,0.0,0,0.8407960199004976
main_F3_P020_Z2_N0.npz,1001,7,0.0,0.0,0,0.8407960199004976
main_F3_P020_Z2_N0.npz,1002,2,0.0,0.0,0,0.8407960199004976
main_F3_P020_Z2_N0.npz,1002,3,0.0,0.0,0,0.8407960199004976
main_F3_P020_Z2_N0.npz,1002,7,0.0,0.0,0,0.8407960199004976
main_F3_P020_Z2_N0.npz,1003,2,0.0,0.0,0,0.8407960199004976
main_F3_P020_Z2_N0.npz,1003,3,0.0,0.0,0,0.8407960199004976
main_F3_P020_Z2_N0.npz,1003,7,0.0,0.0,0,0.8407960199004976
main_F3_P020_Z2_N0.npz,1004,2,0.0,0.0,0,0.8407960199004976
main_F3_P020_Z2_N0.npz,1004,3,0.0,0.0,0,0.8407960199004976
main_F3_P020_Z2_N0.npz,1004,7,0.0,0.0,0,0.8407960199004976
main_F3_P020_Z2_N0.npz,1005,2,0.0,0.0,0,0.8407960199004976
main_F3_P020_Z2_N0.npz,1005,3,0.0,0.0,0,0.8407960199004976
main_F3_P020_Z2_N0.npz,1005,7,0.0,0.0,0,0.8407960199004976
main_F3_P020_Z2_N0.npz,1006,2,0.0001361637660650672,-0.00031254291534424383,0,0.8407960199004976
main_F3_P020_Z2_N0.npz,1006,3,0.0,0.0,0,0.8407960199004976
main_F3_P020_Z2_N0.npz,1006,7,0.0,0.0,0,0.8407960199004976
main_F3_P020_Z2_N0.npz,1007,2,0.0,0.0,0,0.8407960199004976
main_F3_P020_Z2_N0.npz,1007,3,0.0,0.0,0,0.8407960199004976
main_F3_P020_Z2_N0.npz,1007,7,0.0,0.0,0,0.8407960199004976
main_F3_P020_Z2_N0.npz,1008,2,0.0,0.0,0,0.8407960199004976
main_F3_P020_Z2_N0.npz,1008,3,0.0,0.0,0,0.8407960199004976
main_F3_P020_Z2_N0.npz,1008,7,0.0,0.0,0,0.8407960199004976
main_F3_P020_Z2_N0.npz,1009,2,0.0,0.0,0,0.8407960199004976
main_F3_P020_Z2_N0.npz,1009,3,0.0,0.0,0,0.8407960199004976
main_F3_P020_Z2_N0.npz,1009,7,0.0,0.0,0,0.8407960199004976
main_F3_P020_Z2_N0.npz,1010,2,0.0,0.0,0,0.8407960199004976
main_F3_P020_Z2_N0.npz,1010,3,0.0,0.0,0,0.8407960199004976
main_F3_P020_Z2_N0.npz,1010,7,0.0,0.0,0,0.8407960199004976
main_F3_P020_Z2_N0.npz,1011,2,0.0,0.0,0,0.8407960199004976
main_F3_P020_Z2_N0.npz,1011,3,0.0,0.0,0,0.8407960199004976
main_F3_P020_Z2_N0.npz,1011,7,0.0,0.0,0,0.8407960199004976
main_F3_P020_Z2_N0.npz,1012,2,0.0,0.0,0,0.8407960199004976
main_F3_P020_Z2_N0.npz,1012,3,0.0,0.0,0,0.8407960199004976
main_F3_P020_Z2_N0.npz,1012,7,0.0,0.0,0,0.8407960199004976
main_F3_P020_Z2_N0.npz,1013,2,0.0,0.0,0,0.8407960199004976
main_F3_P020_Z2_N0.npz,1013,3,0.0,0.0,0,0.8407960199004976
main_F3_P020_Z2_N0.npz,1013,7,0.0,0.0,0,0.8407960199004976
main_F3_P020_Z2_N0.npz,1014,2,0.0,0.0,0,0.8407960199004976
main_F3_P020_Z2_N0.npz,1014,3,0.0,0.0,0,0.8407960199004976
main_F3_P020_Z2_N0.npz,1014,7,0.0,0.0,0,0.8407960199004976
main_F3_P020_Z2_N0.npz,1015,2,0.0,0.0,0,0.8407960199004976
main_F3_P020_Z2_N0.npz,1015,3,0.0,0.0,0,0.8407960199004976
main_F3_P020_Z2_N0.npz,1015,7,0.0,0.0,0,0.8407960199004976
main_F3_P020_Z2_N0.npz,1016,2,0.0,0.0,0,0.8407960199004976
main_F3_P020_Z2_N0.npz,1016,3,0.0,0.0,0,0.8407960199004976
main_F3_P020_Z2_N0.npz,1016,7,0.0,0.0,0,0.8407960199004976
main_F3_P020_Z2_N0.npz,1017,2,0.0,0.0,0,0.8407960199004976
main_F3_P020_Z2_N0.npz,1017,3,0.0,0.0,0,0.8407960199004976
main_F3_P020_Z2_N0.npz,1017,7,0.0,0.0,0,0.8407960199004976
main_F3_P020_Z2_N0.npz,1018,2,0.0,0.0,0,0.8407960199004976
main_F3_P020_Z2_N0.npz,1018,3,0.0,0.0,0,0.8407960199004976
main_F3_P020_Z2_N0.npz,1018,7,0.0,0.0,0,0.8407960199004976
main_F3_P020_Z2_N0.npz,1019,2,0.0,0.0,0,0.8407960199004976
main_F3_P020_Z2_N0.npz,1019,3,0.0,0.0,0,0.8407960199004976
main_F3_P020_Z2_N0.npz,1019,7,0.0,0.0,0,0.8407960199004976
main_F3_P020_Z2_N0.npz,1020,2,0.0,0.0,0,0.8407960199004976
main_F3_P020_Z2_N0.npz,1020,3,0.0,0.0,0,0.8407960199004976
main_F3_P020_Z2_N0.npz,1020,7,0.0,0.0,0,0.8407960199004976
main_F3_P020_Z2_N0.npz,1021,2,0.0,0.0,0,0.8407960199004976
main_F3_P020_Z2_N0.npz,1021,3,0.0,0.0,0,0.8407960199004976
main_F3_P020_Z2_N0.npz,1021,7,0.0,0.0,0,0.8407960199004976
main_F3_P020_Z2_N0.npz,1022,2,0.0,0.0,0,0.8407960199004976
main_F3_P020_Z2_N0.npz,1022,3,0.0,0.0,0,0.8407960199004976
main_F3_P020_Z2_N0.npz,1022,7,0.0,0.0,0,0.8407960199004976
main_F3_P020_Z2_N0.npz,1023,2,0.0,0.0,0,0.8407960199004976
main_F3_P020_Z2_N0.npz,1023,3,0.0,0.0,0,0.8407960199004976
main_F3_P020_Z2_N0.npz,1023,7,0.0,0.0,0,0.8407960199004976
main_F3_P020_Z2_N0.npz,1024,2,0.0,0.0,0,0.8407960199004976
main_F3_P020_Z2_N0.npz,1024,3,0.0,0.0,0,0.8407960199004976
main_F3_P020_Z2_N0.npz,1024,7,0.0,0.0,0,0.8407960199004976
main_F3_P020_Z2_N0.npz,1025,2,0.0,0.0,0,0.8407960199004976
main_F3_P020_Z2_N0.npz,1025,3,0.0,0.0,0,0.8407960199004976
main_F3_P020_Z2_N0.npz,1025,7,0.0,0.0,0,0.8407960199004976
main_F3_P020_Z2_N0.npz,1026,2,0.0,0.0,0,0.8407960199004976
main_F3_P020_Z2_N0.npz,1026,3,0.0,0.0,0,0.8407960199004976
main_F3_P020_Z2_N0.npz,1026,7,0.0,0.0,0,0.8407960199004976
main_F3_P020_Z2_N0.npz,1027,2,0.0,0.0,0,0.8407960199004976
main_F3_P020_Z2_N0.npz,1027,3,0.0,0.0,0,0.8407960199004976
main_F3_P020_Z2_N0.npz,1027,7,0.0,0.0,0,0.8407960199004976
main_F3_P020_Z2_N0.npz,1028,2,0.0,0.0,0,0.8407960199004976
main_F3_P020_Z2_N0.npz,1028,3,0.0,0.0,0,0.8407960199004976
main_F3_P020_Z2_N0.npz,1028,7,0.0,0.0,0,0.8407960199004976
main_F3_P020_Z2_N0.npz,1029,2,0.0,0.0,0,0.8407960199004976
main_F3_P020_Z2_N0.npz,1029,3,0.0,0.0,0,0.8407960199004976
main_F3_P020_Z2_N0.npz,1029,7,0.0,0.0,0,0.8407960199004976
main_F3_P050_Z0_N0.npz,1000,2,0.0,0.0,0,0.8407960199004976
main_F3_P050_Z0_N0.npz,1000,3,0.0,0.0,0,0.8407960199004976
main_F3_P050_Z0_N0.npz,1000,7,0.0,0.0,0,0.8407960199004976
main_F3_P050_Z0_N0.npz,1001,2,0.0,0.0,0,0.8407960199004976
main_F3_P050_Z0_N0.npz,1001,3,0.0,0.0,0,0.8407960199004976
main_F3_P050_Z0_N0.npz,1001,7,0.0,0.0,0,0.8407960199004976
main_F3_P050_Z0_N0.npz,1002,2,0.0,0.0,0,0.8407960199004976
main_F3_P050_Z0_N0.npz,1002,3,0.0,0.0,0,0.8407960199004976
main_F3_P050_Z0_N0.npz,1002,7,0.0,0.0,0,0.8407960199004976
main_F3_P050_Z0_N0.npz,1003,2,0.0,0.0,0,0.8407960199004976
main_F3_P050_Z0_N0.npz,1003,3,0.0,0.0,0,0.8407960199004976
main_F3_P050_Z0_N0.npz,1003,7,0.0,0.0,0,0.8407960199004976
main_F3_P050_Z0_N0.npz,1004,2,0.0,0.0,0,0.8407960199004976
main_F3_P050_Z0_N0.npz,1004,3,0.0,0.0,0,0.8407960199004976
main_F3_P050_Z0_N0.npz,1004,7,0.0,0.0,0,0.8407960199004976
main_F3_P050_Z0_N0.npz,1005,2,0.0,0.0,0,0.8407960199004976
main_F3_P050_Z0_N0.npz,1005,3,0.0,0.0,0,0.8407960199004976
main_F3_P050_Z0_N0.npz,1005,7,0.0,0.0,0,0.8407960199004976
main_F3_P050_Z0_N0.npz,1006,2,0.0,0.0,0,0.8407960199004976
main_F3_P050_Z0_N0.npz,1006,3,0.0,0.0,0,0.8407960199004976
main_F3_P050_Z0_N0.npz,1006,7,0.0,0.0,0,0.8407960199004976
main_F3_P050_Z0_N0.npz,1007,2,0.0,0.0,0,0.8407960199004976
main_F3_P050_Z0_N0.npz,1007,3,0.0,0.0,0,0.8407960199004976
main_F3_P050_Z0_N0.npz,1007,7,0.0,0.0,0,0.8407960199004976
main_F3_P050_Z0_N0.npz,1008,2,0.0,0.0,0,0.8407960199004976
main_F3_P050_Z0_N0.npz,1008,3,0.0,0.0,0,0.8407960199004976
main_F3_P050_Z0_N0.npz,1008,7,0.0,0.0,0,0.8407960199004976
main_F3_P050_Z0_N0.npz,1009,2,0.0,0.0,0,0.8407960199004976
main_F3_P050_Z0_N0.npz,1009,3,0.0,0.0,0,0.8407960199004976
main_F3_P050_Z0_N0.npz,1009,7,0.0,0.0,0,0.8407960199004976
main_F3_P050_Z0_N0.npz,1010,2,0.0,0.0,0,0.8407960199004976
main_F3_P050_Z0_N0.npz,1010,3,0.0,0.0,0,0.8407960199004976
main_F3_P050_Z0_N0.npz,1010,7,0.0,0.0,0,0.8407960199004976
main_F3_P050_Z0_N0.npz,1011,2,0.0,0.0,0,0.8407960199004976
main_F3_P050_Z0_N0.npz,1011,3,0.0,0.0,0,0.8407960199004976
main_F3_P050_Z0_N0.npz,1011,7,0.0,0.0,0,0.8407960199004976
main_F3_P050_Z0_N0.npz,1012,2,0.0,0.0,0,0.8407960199004976
main_F3_P050_Z0_N0.npz,1012,3,0.0,0.0,0,0.8407960199004976
main_F3_P050_Z0_N0.npz,1012,7,0.0,0.0,0,0.8407960199004976
main_F3_P050_Z0_N0.npz,1013,2,0.0,0.0,0,0.8407960199004976
main_F3_P050_Z0_N0.npz,1013,3,0.0,0.0,0,0.8407960199004976
main_F3_P050_Z0_N0.npz,1013,7,0.0,0.0,0,0.8407960199004976
main_F3_P050_Z0_N0.npz,1014,2,0.0,0.0,0,0.8407960199004976
main_F3_P050_Z0_N0.npz,1014,3,0.0,0.0,0,0.8407960199004976
main_F3_P050_Z0_N0.npz,1014,7,0.0,0.0,0,0.8407960199004976
main_F3_P050_Z0_N0.npz,1015,2,0.0,0.0,0,0.8407960199004976
main_F3_P050_Z0_N0.npz,1015,3,0.0,0.0,0,0.8407960199004976
main_F3_P050_Z0_N0.npz,1015,7,0.0,0.0,0,0.8407960199004976
main_F3_P050_Z0_N0.npz,1016,2,0.0,0.0,0,0.8407960199004976
main_F3_P050_Z0_N0.npz,1016,3,0.0,0.0,0,0.8407960199004976
main_F3_P050_Z0_N0.npz,1016,7,0.0,0.0,0,0.8407960199004976
main_F3_P050_Z0_N0.npz,1017,2,0.0,0.0,0,0.8407960199004976
main_F3_P050_Z0_N0.npz,1017,3,0.0,0.0,0,0.8407960199004976
main_F3_P050_Z0_N0.npz,1017,7,0.0,0.0,0,0.8407960199004976
main_F3_P050_Z0_N0.npz,1018,2,0.0,0.0,0,0.8407960199004976
main_F3_P050_Z0_N0.npz,1018,3,0.0,0.0,0,0.8407960199004976
main_F3_P050_Z0_N0.npz,1018,7,0.0,0.0,0,0.8407960199004976
main_F3_P050_Z0_N0.npz,1019,2,0.0,0.0,0,0.8407960199004976
main_F3_P050_Z0_N0.npz,1019,3,0.0,0.0,0,0.8407960199004976
main_F3_P050_Z0_N0.npz,1019,7,0.0,0.0,0,0.8407960199004976
main_F3_P050_Z0_N0.npz,1020,2,0.0,0.0,0,0.8407960199004976
main_F3_P050_Z0_N0.npz,1020,3,0.0,0.0,0,0.8407960199004976
main_F3_P050_Z0_N0.npz,1020,7,0.0,0.0,0,0.8407960199004976
main_F3_P050_Z0_N0.npz,1021,2,0.0,0.0,0,0.8407960199004976
main_F3_P050_Z0_N0.npz,1021,3,0.0,0.0,0,0.8407960199004976
main_F3_P050_Z0_N0.npz,1021,7,0.0,0.0,0,0.8407960199004976
main_F3_P050_Z0_N0.npz,1022,2,0.0,0.0,0,0.8407960199004976
main_F3_P050_Z0_N0.npz,1022,3,0.0,0.0,0,0.8407960199004976
main_F3_P050_Z0_N0.npz,1022,7,0.0,0.0,0,0.8407960199004976
main_F3_P050_Z0_N0.npz,1023,2,0.0,0.0,0,0.8407960199004976
main_F3_P050_Z0_N0.npz,1023,3,0.0,0.0,0,0.8407960199004976
main_F3_P050_Z0_N0.npz,1023,7,0.0,0.0,0,0.8407960199004976
main_F3_P050_Z0_N0.npz,1024,2,0.0,0.0,0,0.8407960199004976
main_F3_P050_Z0_N0.npz,1024,3,0.0,0.0,0,0.8407960199004976
main_F3_P050_Z0_N0.npz,1024,7,0.0,0.0,0,0.8407960199004976
main_F3_P050_Z0_N0.npz,1025,2,0.0,0.0,0,0.8407960199004976
main_F3_P050_Z0_N0.npz,1025,3,0.0,0.0,0,0.8407960199004976
main_F3_P050_Z0_N0.npz,1025,7,0.0,0.0,0,0.8407960199004976
main_F3_P050_Z0_N0.npz,1026,2,0.0,0.0,0,0.8407960199004976
main_F3_P050_Z0_N0.npz,1026,3,0.0,0.0,0,0.8407960199004976
main_F3_P050_Z0_N0.npz,1026,7,0.0,0.0,0,0.8407960199004976
main_F3_P050_Z0_N0.npz,1027,2,0.0,0.0,0,0.8407960199004976
main_F3_P050_Z0_N0.npz,1027,3,0.0,0.0,0,0.8407960199004976
main_F3_P050_Z0_N0.npz,1027,7,0.0,0.0,0,0.8407960199004976
main_F3_P050_Z0_N0.npz,1028,2,0.0,0.0,0,0.8407960199004976
main_F3_P050_Z0_N0.npz,1028,3,0.0,0.0,0,0.8407960199004976
main_F3_P050_Z0_N0.npz,1028,7,0.0,0.0,0,0.8407960199004976
main_F3_P050_Z0_N0.npz,1029,2,0.0,0.0,0,0.8407960199004976
main_F3_P050_Z0_N0.npz,1029,3,0.0,0.0,0,0.8407960199004976
main_F3_P050_Z0_N0.npz,1029,7,0.0,0.0,0,0.8407960199004976
main_F3_P050_Z1_N0.npz,1000,2,0.0,0.0,0,0.8407960199004976
main_F3_P050_Z1_N0.npz,1000,3,0.0,0.0,0,0.8407960199004976
main_F3_P050_Z1_N0.npz,1000,7,0.0,0.0,0,0.8407960199004976
main_F3_P050_Z1_N0.npz,1001,2,0.0,0.0,0,0.8407960199004976
main_F3_P050_Z1_N0.npz,1001,3,0.0,0.0,0,0.8407960199004976
main_F3_P050_Z1_N0.npz,1001,7,0.0,0.0,0,0.8407960199004976
main_F3_P050_Z1_N0.npz,1002,2,0.0,0.0,0,0.8407960199004976
main_F3_P050_Z1_N0.npz,1002,3,0.0,0.0,0,0.8407960199004976
main_F3_P050_Z1_N0.npz,1002,7,0.0,0.0,0,0.8407960199004976
main_F3_P050_Z1_N0.npz,1003,2,0.0,0.0,0,0.8407960199004976
main_F3_P050_Z1_N0.npz,1003,3,0.0,0.0,0,0.8407960199004976
main_F3_P050_Z1_N0.npz,1003,7,0.0,0.0,0,0.8407960199004976
main_F3_P050_Z1_N0.npz,1004,2,0.0,0.0,0,0.8407960199004976
main_F3_P050_Z1_N0.npz,1004,3,0.0,0.0,0,0.8407960199004976
main_F3_P050_Z1_N0.npz,1004,7,0.0,0.0,0,0.8407960199004976
main_F3_P050_Z1_N0.npz,1005,2,0.0,0.0,0,0.8407960199004976
main_F3_P050_Z1_N0.npz,1005,3,0.0,0.0,0,0.8407960199004976
main_F3_P050_Z1_N0.npz,1005,7,0.0,0.0,0,0.8407960199004976
main_F3_P050_Z1_N0.npz,1006,2,0.0,0.0,0,0.8407960199004976
main_F3_P050_Z1_N0.npz,1006,3,0.0,0.0,0,0.8407960199004976
main_F3_P050_Z1_N0.npz,1006,7,0.0,0.0,0,0.8407960199004976
main_F3_P050_Z1_N0.npz,1007,2,0.0,0.0,0,0.8407960199004976
main_F3_P050_Z1_N0.npz,1007,3,0.0,0.0,0,0.8407960199004976
main_F3_P050_Z1_N0.npz,1007,7,0.0,0.0,0,0.8407960199004976
main_F3_P050_Z1_N0.npz,1008,2,0.0,0.0,0,0.8407960199004976
main_F3_P050_Z1_N0.npz,1008,3,0.0,0.0,0,0.8407960199004976
main_F3_P050_Z1_N0.npz,1008,7,0.0,0.0,0,0.8407960199004976
main_F3_P050_Z1_N0.npz,1009,2,0.0,0.0,0,0.8407960199004976
main_F3_P050_Z1_N0.npz,1009,3,0.0,0.0,0,0.8407960199004976
main_F3_P050_Z1_N0.npz,1009,7,0.0,0.0,0,0.8407960199004976
main_F3_P050_Z1_N0.npz,1010,2,0.0,0.0,0,0.8407960199004976
main_F3_P050_Z1_N0.npz,1010,3,0.0,0.0,0,0.8407960199004976
main_F3_P050_Z1_N0.npz,1010,7,0.0,0.0,0,0.8407960199004976
main_F3_P050_Z1_N0.npz,1011,2,0.0,0.0,0,0.8407960199004976
main_F3_P050_Z1_N0.npz,1011,3,0.0,0.0,0,0.8407960199004976
main_F3_P050_Z1_N0.npz,1011,7,0.0,0.0,0,0.8407960199004976
main_F3_P050_Z1_N0.npz,1012,2,0.0,0.0,0,0.8407960199004976
main_F3_P050_Z1_N0.npz,1012,3,0.0,0.0,0,0.8407960199004976
main_F3_P050_Z1_N0.npz,1012,7,0.0,0.0,0,0.8407960199004976
main_F3_P050_Z1_N0.npz,1013,2,0.0,0.0,0,0.8407960199004976
main_F3_P050_Z1_N0.npz,1013,3,0.0,0.0,0,0.8407960199004976
main_F3_P050_Z1_N0.npz,1013,7,0.0,0.0,0,0.8407960199004976
main_F3_P050_Z1_N0.npz,1014,2,0.0,0.0,0,0.8407960199004976
main_F3_P050_Z1_N0.npz,1014,3,0.0,0.0,0,0.8407960199004976
main_F3_P050_Z1_N0.npz,1014,7,0.0,0.0,0,0.8407960199004976
main_F3_P050_Z1_N0.npz,1015,2,0.0,0.0,0,0.8407960199004976
main_F3_P050_Z1_N0.npz,1015,3,0.0,0.0,0,0.8407960199004976
main_F3_P050_Z1_N0.npz,1015,7,0.0,0.0,0,0.8407960199004976
main_F3_P050_Z1_N0.npz,1016,2,0.0,0.0,0,0.8407960199004976
main_F3_P050_Z1_N0.npz,1016,3,0.0,0.0,0,0.8407960199004976
main_F3_P050_Z1_N0.npz,1016,7,0.0,0.0,0,0.8407960199004976
main_F3_P050_Z1_N0.npz,1017,2,0.0,0.0,0,0.8407960199004976
main_F3_P050_Z1_N0.npz,1017,3,0.0,0.0,0,0.8407960199004976
main_F3_P050_Z1_N0.npz,1017,7,0.0,0.0,0,0.8407960199004976
main_F3_P050_Z1_N0.npz,1018,2,0.0,0.0,0,0.8407960199004976
main_F3_P050_Z1_N0.npz,1018,3,0.0,0.0,0,0.8407960199004976
main_F3_P050_Z1_N0.npz,1018,7,0.0,0.0,0,0.8407960199004976
main_F3_P050_Z1_N0.npz,1019,2,0.0,0.0,0,0.8407960199004976
main_F3_P050_Z1_N0.npz,1019,3,0.0,0.0,0,0.8407960199004976
main_F3_P050_Z1_N0.npz,1019,7,0.0,0.0,0,0.8407960199004976
main_F3_P050_Z1_N0.npz,1020,2,0.0,0.0,0,0.8407960199004976
main_F3_P050_Z1_N0.npz,1020,3,0.0,0.0,0,0.8407960199004976
main_F3_P050_Z1_N0.npz,1020,7,0.0,0.0,0,0.8407960199004976
main_F3_P050_Z1_N0.npz,1021,2,0.0,0.0,0,0.8407960199004976
main_F3_P050_Z1_N0.npz,1021,3,0.0,0.0,0,0.8407960199004976
main_F3_P050_Z1_N0.npz,1021,7,0.0,0.0,0,0.8407960199004976
main_F3_P050_Z1_N0.npz,1022,2,0.0,0.0,0,0.8407960199004976
main_F3_P050_Z1_N0.npz,1022,3,0.0,0.0,0,0.8407960199004976
main_F3_P050_Z1_N0.npz,1022,7,0.0,0.0,0,0.8407960199004976
main_F3_P050_Z1_N0.npz,1023,2,0.0,0.0,0,0.8407960199004976
main_F3_P050_Z1_N0.npz,1023,3,0.0,0.0,0,0.8407960199004976
main_F3_P050_Z1_N0.npz,1023,7,0.0,0.0,0,0.8407960199004976
main_F3_P050_Z1_N0.npz,1024,2,0.0,0.0,0,0.8407960199004976
main_F3_P050_Z1_N0.npz,1024,3,0.0,0.0,0,0.8407960199004976
main_F3_P050_Z1_N0.npz,1024,7,0.0,0.0,0,0.8407960199004976
main_F3_P050_Z1_N0.npz,1025,2,0.0,0.0,0,0.8407960199004976
main_F3_P050_Z1_N0.npz,1025,3,0.0,0.0,0,0.8407960199004976
main_F3_P050_Z1_N0.npz,1025,7,0.0,0.0,0,0.8407960199004976
main_F3_P050_Z1_N0.npz,1026,2,0.0,0.0,0,0.8407960199004976
main_F3_P050_Z1_N0.npz,1026,3,0.0,0.0,0,0.8407960199004976
main_F3_P050_Z1_N0.npz,1026,7,0.0,0.0,0,0.8407960199004976
main_F3_P050_Z1_N0.npz,1027,2,0.0,0.0,0,0.8407960199004976
main_F3_P050_Z1_N0.npz,1027,3,0.0,0.0,0,0.8407960199004976
main_F3_P050_Z1_N0.npz,1027,7,0.0,0.0,0,0.8407960199004976
main_F3_P050_Z1_N0.npz,1028,2,0.0,0.0,0,0.8407960199004976
main_F3_P050_Z1_N0.npz,1028,3,0.0,0.0,0,0.8407960199004976
main_F3_P050_Z1_N0.npz,1028,7,0.0,0.0,0,0.8407960199004976
main_F3_P050_Z1_N0.npz,1029,2,0.0,0.0,0,0.8407960199004976
main_F3_P050_Z1_N0.npz,1029,3,0.0,0.0,0,0.8407960199004976
main_F3_P050_Z1_N0.npz,1029,7,0.0,0.0,0,0.8407960199004976
main_F3_P050_Z2_N0.npz,1000,2,0.0,0.0,0,0.8407960199004976
main_F3_P050_Z2_N0.npz,1000,3,0.0,0.0,0,0.8407960199004976
main_F3_P050_Z2_N0.npz,1000,7,0.0,0.0,0,0.8407960199004976
main_F3_P050_Z2_N0.npz,1001,2,0.0,0.0,0,0.8407960199004976
main_F3_P050_Z2_N0.npz,1001,3,0.0,0.0,0,0.8407960199004976
main_F3_P050_Z2_N0.npz,1001,7,0.0,0.0,0,0.8407960199004976
main_F3_P050_Z2_N0.npz,1002,2,0.0,0.0,0,0.8407960199004976
main_F3_P050_Z2_N0.npz,1002,3,0.0,0.0,0,0.8407960199004976
main_F3_P050_Z2_N0.npz,1002,7,0.0,0.0,0,0.8407960199004976
main_F3_P050_Z2_N0.npz,1003,2,0.0,0.0,0,0.8407960199004976
main_F3_P050_Z2_N0.npz,1003,3,0.0,0.0,0,0.8407960199004976
main_F3_P050_Z2_N0.npz,1003,7,0.0,0.0,0,0.8407960199004976
main_F3_P050_Z2_N0.npz,1004,2,0.0,0.0,0,0.8407960199004976
main_F3_P050_Z2_N0.npz,1004,3,0.0,0.0,0,0.8407960199004976
main_F3_P050_Z2_N0.npz,1004,7,0.0,0.0,0,0.8407960199004976
main_F3_P050_Z2_N0.npz,1005,2,0.0,0.0,0,0.8407960199004976
main_F3_P050_Z2_N0.npz,1005,3,0.0,0.0,0,0.8407960199004976
main_F3_P050_Z2_N0.npz,1005,7,0.0,0.0,0,0.8407960199004976
main_F3_P050_Z2_N0.npz,1006,2,0.0,0.0,0,0.8407960199004976
main_F3_P050_Z2_N0.npz,1006,3,0.0,0.0,0,0.8407960199004976
main_F3_P050_Z2_N0.npz,1006,7,0.0,0.0,0,0.8407960199004976
main_F3_P050_Z2_N0.npz,1007,2,0.0,0.0,0,0.8407960199004976
main_F3_P050_Z2_N0.npz,1007,3,0.0,0.0,0,0.8407960199004976
main_F3_P050_Z2_N0.npz,1007,7,0.0,0.0,0,0.8407960199004976
main_F3_P050_Z2_N0.npz,1008,2,0.0,0.0,0,0.8407960199004976
main_F3_P050_Z2_N0.npz,1008,3,0.0,0.0,0,0.8407960199004976
main_F3_P050_Z2_N0.npz,1008,7,0.0,0.0,0,0.8407960199004976
main_F3_P050_Z2_N0.npz,1009,2,0.0,0.0,0,0.8407960199004976
main_F3_P050_Z2_N0.npz,1009,3,0.0,0.0,0,0.8407960199004976
main_F3_P050_Z2_N0.npz,1009,7,0.0,0.0,0,0.8407960199004976
main_F3_P050_Z2_N0.npz,1010,2,0.0,0.0,0,0.8407960199004976
main_F3_P050_Z2_N0.npz,1010,3,0.0,0.0,0,0.8407960199004976
main_F3_P050_Z2_N0.npz,1010,7,0.0,0.0,0,0.8407960199004976
main_F3_P050_Z2_N0.npz,1011,2,0.0,0.0,0,0.8407960199004976
main_F3_P050_Z2_N0.npz,1011,3,0.0,0.0,0,0.8407960199004976
main_F3_P050_Z2_N0.npz,1011,7,0.0,0.0,0,0.8407960199004976
main_F3_P050_Z2_N0.npz,1012,2,0.0,0.0,0,0.8407960199004976
main_F3_P050_Z2_N0.npz,1012,3,0.0,0.0,0,0.8407960199004976
main_F3_P050_Z2_N0.npz,1012,7,0.0,0.0,0,0.8407960199004976
main_F3_P050_Z2_N0.npz,1013,2,0.0,0.0,0,0.8407960199004976
main_F3_P050_Z2_N0.npz,1013,3,0.0,0.0,0,0.8407960199004976
main_F3_P050_Z2_N0.npz,1013,7,0.0,0.0,0,0.8407960199004976
main_F3_P050_Z2_N0.npz,1014,2,0.0,0.0,0,0.8407960199004976
main_F3_P050_Z2_N0.npz,1014,3,0.0,0.0,0,0.8407960199004976
main_F3_P050_Z2_N0.npz,1014,7,0.0,0.0,0,0.8407960199004976
main_F3_P050_Z2_N0.npz,1015,2,0.0,0.0,0,0.8407960199004976
main_F3_P050_Z2_N0.npz,1015,3,0.0,0.0,0,0.8407960199004976
main_F3_P050_Z2_N0.npz,1015,7,0.0,0.0,0,0.8407960199004976
main_F3_P050_Z2_N0.npz,1016,2,0.0,0.0,0,0.8407960199004976
main_F3_P050_Z2_N0.npz,1016,3,0.0,0.0,0,0.8407960199004976
main_F3_P050_Z2_N0.npz,1016,7,0.0,0.0,0,0.8407960199004976
main_F3_P050_Z2_N0.npz,1017,2,0.0,0.0,0,0.8407960199004976
main_F3_P050_Z2_N0.npz,1017,3,0.0,0.0,0,0.8407960199004976
main_F3_P050_Z2_N0.npz,1017,7,0.0,0.0,0,0.8407960199004976
main_F3_P050_Z2_N0.npz,1018,2,0.0,0.0,0,0.8407960199004976
main_F3_P050_Z2_N0.npz,1018,3,0.0,0.0,0,0.8407960199004976
main_F3_P050_Z2_N0.npz,1018,7,0.0,0.0,0,0.8407960199004976
main_F3_P050_Z2_N0.npz,1019,2,0.0,0.0,0,0.8407960199004976
main_F3_P050_Z2_N0.npz,1019,3,0.0,0.0,0,0.8407960199004976
main_F3_P050_Z2_N0.npz,1019,7,0.0,0.0,0,0.8407960199004976
main_F3_P050_Z2_N0.npz,1020,2,0.0,0.0,0,0.8407960199004976
main_F3_P050_Z2_N0.npz,1020,3,0.0,0.0,0,0.8407960199004976
main_F3_P050_Z2_N0.npz,1020,7,0.0,0.0,0,0.8407960199004976
main_F3_P050_Z2_N0.npz,1021,2,0.0,0.0,0,0.8407960199004976
main_F3_P050_Z2_N0.npz,1021,3,0.0,0.0,0,0.8407960199004976
main_F3_P050_Z2_N0.npz,1021,7,0.0,0.0,0,0.8407960199004976
main_F3_P050_Z2_N0.npz,1022,2,0.0,0.0,0,0.8407960199004976
main_F3_P050_Z2_N0.npz,1022,3,0.0,0.0,0,0.8407960199004976
main_F3_P050_Z2_N0.npz,1022,7,0.0,0.0,0,0.8407960199004976
main_F3_P050_Z2_N0.npz,1023,2,0.0,0.0,0,0.8407960199004976
main_F3_P050_Z2_N0.npz,1023,3,0.0,0.0,0,0.8407960199004976
main_F3_P050_Z2_N0.npz,1023,7,0.0,0.0,0,0.8407960199004976
main_F3_P050_Z2_N0.npz,1024,2,0.0,0.0,0,0.8407960199004976
main_F3_P050_Z2_N0.npz,1024,3,0.0,0.0,0,0.8407960199004976
main_F3_P050_Z2_N0.npz,1024,7,0.0,0.0,0,0.8407960199004976
main_F3_P050_Z2_N0.npz,1025,2,0.0,0.0,0,0.8407960199004976
main_F3_P050_Z2_N0.npz,1025,3,0.0,0.0,0,0.8407960199004976
main_F3_P050_Z2_N0.npz,1025,7,0.0,0.0,0,0.8407960199004976
main_F3_P050_Z2_N0.npz,1026,2,0.0,0.0,0,0.8407960199004976
main_F3_P050_Z2_N0.npz,1026,3,0.0,0.0,0,0.8407960199004976
main_F3_P050_Z2_N0.npz,1026,7,0.0,0.0,0,0.8407960199004976
main_F3_P050_Z2_N0.npz,1027,2,0.0,0.0,0,0.8407960199004976
main_F3_P050_Z2_N0.npz,1027,3,0.0,0.0,0,0.8407960199004976
main_F3_P050_Z2_N0.npz,1027,7,0.0,0.0,0,0.8407960199004976
main_F3_P050_Z2_N0.npz,1028,2,0.0,0.0,0,0.8407960199004976
main_F3_P050_Z2_N0.npz,1028,3,0.0,0.0,0,0.8407960199004976
main_F3_P050_Z2_N0.npz,1028,7,0.0,0.0,0,0.8407960199004976
main_F3_P050_Z2_N0.npz,1029,2,0.0,0.0,0,0.8407960199004976
main_F3_P050_Z2_N0.npz,1029,3,0.0,0.0,0,0.8407960199004976
main_F3_P050_Z2_N0.npz,1029,7,0.0,0.0,0,0.8407960199004976
main_F3_P100_Z0_N0.npz,1000,2,0.0,0.0,0,0.8407960199004976
main_F3_P100_Z0_N0.npz,1000,3,0.0,0.0,0,0.8407960199004976
main_F3_P100_Z0_N0.npz,1000,7,0.0,0.0,0,0.8407960199004976
main_F3_P100_Z0_N0.npz,1001,2,0.0,0.0,0,0.8407960199004976
main_F3_P100_Z0_N0.npz,1001,3,0.0,0.0,0,0.8407960199004976
main_F3_P100_Z0_N0.npz,1001,7,0.0,0.0,0,0.8407960199004976
main_F3_P100_Z0_N0.npz,1002,2,0.0,0.0,0,0.8407960199004976
main_F3_P100_Z0_N0.npz,1002,3,0.0,0.0,0,0.8407960199004976
main_F3_P100_Z0_N0.npz,1002,7,0.0,0.0,0,0.8407960199004976
main_F3_P100_Z0_N0.npz,1003,2,0.0,0.0,0,0.8407960199004976
main_F3_P100_Z0_N0.npz,1003,3,0.0,0.0,0,0.8407960199004976
main_F3_P100_Z0_N0.npz,1003,7,0.0,0.0,0,0.8407960199004976
main_F3_P100_Z0_N0.npz,1004,2,0.0,0.0,0,0.8407960199004976
main_F3_P100_Z0_N0.npz,1004,3,0.0,0.0,0,0.8407960199004976
main_F3_P100_Z0_N0.npz,1004,7,0.0,0.0,0,0.8407960199004976
main_F3_P100_Z0_N0.npz,1005,2,0.0,0.0,0,0.8407960199004976
main_F3_P100_Z0_N0.npz,1005,3,0.0,0.0,0,0.8407960199004976
main_F3_P100_Z0_N0.npz,1005,7,0.0,0.0,0,0.8407960199004976
main_F3_P100_Z0_N0.npz,1006,2,0.0,0.0,0,0.8407960199004976
main_F3_P100_Z0_N0.npz,1006,3,0.0,0.0,0,0.8407960199004976
main_F3_P100_Z0_N0.npz,1006,7,0.0,0.0,0,0.8407960199004976
main_F3_P100_Z0_N0.npz,1007,2,0.0,0.0,0,0.8407960199004976
main_F3_P100_Z0_N0.npz,1007,3,0.0,0.0,0,0.8407960199004976
main_F3_P100_Z0_N0.npz,1007,7,0.0,0.0,0,0.8407960199004976
main_F3_P100_Z0_N0.npz,1008,2,0.0,0.0,0,0.8407960199004976
main_F3_P100_Z0_N0.npz,1008,3,0.0,0.0,0,0.8407960199004976
main_F3_P100_Z0_N0.npz,1008,7,0.0,0.0,0,0.8407960199004976
main_F3_P100_Z0_N0.npz,1009,2,0.0,0.0,0,0.8407960199004976
main_F3_P100_Z0_N0.npz,1009,3,0.0,0.0,0,0.8407960199004976
main_F3_P100_Z0_N0.npz,1009,7,0.0,0.0,0,0.8407960199004976
main_F3_P100_Z0_N0.npz,1010,2,0.0,0.0,0,0.8407960199004976
main_F3_P100_Z0_N0.npz,1010,3,0.0,0.0,0,0.8407960199004976
main_F3_P100_Z0_N0.npz,1010,7,0.0,0.0,0,0.8407960199004976
main_F3_P100_Z0_N0.npz,1011,2,0.0,0.0,0,0.8407960199004976
main_F3_P100_Z0_N0.npz,1011,3,0.0,0.0,0,0.8407960199004976
main_F3_P100_Z0_N0.npz,1011,7,0.0,0.0,0,0.8407960199004976
main_F3_P100_Z0_N0.npz,1012,2,0.0,0.0,0,0.8407960199004976
main_F3_P100_Z0_N0.npz,1012,3,0.0,0.0,0,0.8407960199004976
main_F3_P100_Z0_N0.npz,1012,7,0.0,0.0,0,0.8407960199004976
main_F3_P100_Z0_N0.npz,1013,2,0.0,0.0,0,0.8407960199004976
main_F3_P100_Z0_N0.npz,1013,3,0.0,0.0,0,0.8407960199004976
main_F3_P100_Z0_N0.npz,1013,7,0.0,0.0,0,0.8407960199004976
main_F3_P100_Z0_N0.npz,1014,2,0.0,0.0,0,0.8407960199004976
main_F3_P100_Z0_N0.npz,1014,3,0.0,0.0,0,0.8407960199004976
main_F3_P100_Z0_N0.npz,1014,7,0.0,0.0,0,0.8407960199004976
main_F3_P100_Z0_N0.npz,1015,2,0.0,0.0,0,0.8407960199004976
main_F3_P100_Z0_N0.npz,1015,3,0.0,0.0,0,0.8407960199004976
main_F3_P100_Z0_N0.npz,1015,7,0.0,0.0,0,0.8407960199004976
main_F3_P100_Z0_N0.npz,1016,2,0.0,0.0,0,0.8407960199004976
main_F3_P100_Z0_N0.npz,1016,3,0.0,0.0,0,0.8407960199004976
main_F3_P100_Z0_N0.npz,1016,7,0.0,0.0,0,0.8407960199004976
main_F3_P100_Z0_N0.npz,1017,2,0.0,0.0,0,0.8407960199004976
main_F3_P100_Z0_N0.npz,1017,3,0.0,0.0,0,0.8407960199004976
main_F3_P100_Z0_N0.npz,1017,7,0.0,0.0,0,0.8407960199004976
main_F3_P100_Z0_N0.npz,1018,2,0.0,0.0,0,0.8407960199004976
main_F3_P100_Z0_N0.npz,1018,3,0.0,0.0,0,0.8407960199004976
main_F3_P100_Z0_N0.npz,1018,7,0.0,0.0,0,0.8407960199004976
main_F3_P100_Z0_N0.npz,1019,2,0.0,0.0,0,0.8407960199004976
main_F3_P100_Z0_N0.npz,1019,3,0.0,0.0,0,0.8407960199004976
main_F3_P100_Z0_N0.npz,1019,7,0.0,0.0,0,0.8407960199004976
main_F3_P100_Z0_N0.npz,1020,2,0.0,0.0,0,0.8407960199004976
main_F3_P100_Z0_N0.npz,1020,3,0.0,0.0,0,0.8407960199004976
main_F3_P100_Z0_N0.npz,1020,7,0.0,0.0,0,0.8407960199004976
main_F3_P100_Z0_N0.npz,1021,2,0.0,0.0,0,0.8407960199004976
main_F3_P100_Z0_N0.npz,1021,3,0.0,0.0,0,0.8407960199004976
main_F3_P100_Z0_N0.npz,1021,7,0.0,0.0,0,0.8407960199004976
main_F3_P100_Z0_N0.npz,1022,2,0.0,0.0,0,0.8407960199004976
main_F3_P100_Z0_N0.npz,1022,3,0.0,0.0,0,0.8407960199004976
main_F3_P100_Z0_N0.npz,1022,7,0.0,0.0,0,0.8407960199004976
main_F3_P100_Z0_N0.npz,1023,2,0.0,0.0,0,0.8407960199004976
main_F3_P100_Z0_N0.npz,1023,3,0.0,0.0,0,0.8407960199004976
main_F3_P100_Z0_N0.npz,1023,7,0.0,0.0,0,0.8407960199004976
main_F3_P100_Z0_N0.npz,1024,2,0.0,0.0,0,0.8407960199004976
main_F3_P100_Z0_N0.npz,1024,3,0.0,0.0,0,0.8407960199004976
main_F3_P100_Z0_N0.npz,1024,7,0.0,0.0,0,0.8407960199004976
main_F3_P100_Z0_N0.npz,1025,2,0.0,0.0,0,0.8407960199004976
main_F3_P100_Z0_N0.npz,1025,3,0.0,0.0,0,0.8407960199004976
main_F3_P100_Z0_N0.npz,1025,7,0.0,0.0,0,0.8407960199004976
main_F3_P100_Z0_N0.npz,1026,2,0.0,0.0,0,0.8407960199004976
main_F3_P100_Z0_N0.npz,1026,3,0.0,0.0,0,0.8407960199004976
main_F3_P100_Z0_N0.npz,1026,7,0.0,0.0,0,0.8407960199004976
main_F3_P100_Z0_N0.npz,1027,2,0.0,0.0,0,0.8407960199004976
main_F3_P100_Z0_N0.npz,1027,3,0.0,0.0,0,0.8407960199004976
main_F3_P100_Z0_N0.npz,1027,7,0.0,0.0,0,0.8407960199004976
main_F3_P100_Z0_N0.npz,1028,2,0.0,0.0,0,0.8407960199004976
main_F3_P100_Z0_N0.npz,1028,3,0.0,0.0,0,0.8407960199004976
main_F3_P100_Z0_N0.npz,1028,7,0.0,0.0,0,0.8407960199004976
main_F3_P100_Z0_N0.npz,1029,2,0.0,0.0,0,0.8407960199004976
main_F3_P100_Z0_N0.npz,1029,3,0.0,0.0,0,0.8407960199004976
main_F3_P100_Z0_N0.npz,1029,7,0.0,0.0,0,0.8407960199004976
main_F3_P100_Z1_N0.npz,1000,2,0.0,0.0,0,0.8407960199004976
main_F3_P100_Z1_N0.npz,1000,3,0.0,0.0,0,0.8407960199004976
main_F3_P100_Z1_N0.npz,1000,7,0.0,0.0,0,0.8407960199004976
main_F3_P100_Z1_N0.npz,1001,2,0.0,0.0,0,0.8407960199004976
main_F3_P100_Z1_N0.npz,1001,3,0.0,0.0,0,0.8407960199004976
main_F3_P100_Z1_N0.npz,1001,7,0.0,0.0,0,0.8407960199004976
main_F3_P100_Z1_N0.npz,1002,2,0.0,0.0,0,0.8407960199004976
main_F3_P100_Z1_N0.npz,1002,3,0.0,0.0,0,0.8407960199004976
main_F3_P100_Z1_N0.npz,1002,7,0.0,0.0,0,0.8407960199004976
main_F3_P100_Z1_N0.npz,1003,2,0.0,0.0,0,0.8407960199004976
main_F3_P100_Z1_N0.npz,1003,3,0.0,0.0,0,0.8407960199004976
main_F3_P100_Z1_N0.npz,1003,7,0.0,0.0,0,0.8407960199004976
main_F3_P100_Z1_N0.npz,1004,2,0.0,0.0,0,0.8407960199004976
main_F3_P100_Z1_N0.npz,1004,3,0.0,0.0,0,0.8407960199004976
main_F3_P100_Z1_N0.npz,1004,7,0.0,0.0,0,0.8407960199004976
main_F3_P100_Z1_N0.npz,1005,2,0.0,0.0,0,0.8407960199004976
main_F3_P100_Z1_N0.npz,1005,3,0.0,0.0,0,0.8407960199004976
main_F3_P100_Z1_N0.npz,1005,7,0.0,0.0,0,0.8407960199004976
main_F3_P100_Z1_N0.npz,1006,2,0.0,0.0,0,0.8407960199004976
main_F3_P100_Z1_N0.npz,1006,3,0.0,0.0,0,0.8407960199004976
main_F3_P100_Z1_N0.npz,1006,7,0.0,0.0,0,0.8407960199004976
main_F3_P100_Z1_N0.npz,1007,2,0.0,0.0,0,0.8407960199004976
main_F3_P100_Z1_N0.npz,1007,3,0.0,0.0,0,0.8407960199004976
main_F3_P100_Z1_N0.npz,1007,7,0.0,0.0,0,0.8407960199004976
main_F3_P100_Z1_N0.npz,1008,2,0.0,0.0,0,0.8407960199004976
main_F3_P100_Z1_N0.npz,1008,3,0.0,0.0,0,0.8407960199004976
main_F3_P100_Z1_N0.npz,1008,7,0.0,0.0,0,0.8407960199004976
main_F3_P100_Z1_N0.npz,1009,2,0.0,0.0,0,0.8407960199004976
main_F3_P100_Z1_N0.npz,1009,3,0.0,0.0,0,0.8407960199004976
main_F3_P100_Z1_N0.npz,1009,7,0.0,0.0,0,0.8407960199004976
main_F3_P100_Z1_N0.npz,1010,2,0.0,0.0,0,0.8407960199004976
main_F3_P100_Z1_N0.npz,1010,3,0.0,0.0,0,0.8407960199004976
main_F3_P100_Z1_N0.npz,1010,7,0.0,0.0,0,0.8407960199004976
main_F3_P100_Z1_N0.npz,1011,2,0.0,0.0,0,0.8407960199004976
main_F3_P100_Z1_N0.npz,1011,3,0.0,0.0,0,0.8407960199004976
main_F3_P100_Z1_N0.npz,1011,7,0.0,0.0,0,0.8407960199004976
main_F3_P100_Z1_N0.npz,1012,2,0.0,0.0,0,0.8407960199004976
main_F3_P100_Z1_N0.npz,1012,3,0.0,0.0,0,0.8407960199004976
main_F3_P100_Z1_N0.npz,1012,7,0.0,0.0,0,0.8407960199004976
main_F3_P100_Z1_N0.npz,1013,2,0.0,0.0,0,0.8407960199004976
main_F3_P100_Z1_N0.npz,1013,3,0.0,0.0,0,0.8407960199004976
main_F3_P100_Z1_N0.npz,1013,7,0.0,0.0,0,0.8407960199004976
main_F3_P100_Z1_N0.npz,1014,2,0.0,0.0,0,0.8407960199004976
main_F3_P100_Z1_N0.npz,1014,3,0.0,0.0,0,0.8407960199004976
main_F3_P100_Z1_N0.npz,1014,7,0.0,0.0,0,0.8407960199004976
main_F3_P100_Z1_N0.npz,1015,2,0.0,0.0,0,0.8407960199004976
main_F3_P100_Z1_N0.npz,1015,3,0.0,0.0,0,0.8407960199004976
main_F3_P100_Z1_N0.npz,1015,7,0.0,0.0,0,0.8407960199004976
main_F3_P100_Z1_N0.npz,1016,2,0.0,0.0,0,0.8407960199004976
main_F3_P100_Z1_N0.npz,1016,3,0.0,0.0,0,0.8407960199004976
main_F3_P100_Z1_N0.npz,1016,7,0.0,0.0,0,0.8407960199004976
main_F3_P100_Z1_N0.npz,1017,2,0.0,0.0,0,0.8407960199004976
main_F3_P100_Z1_N0.npz,1017,3,0.0,0.0,0,0.8407960199004976
main_F3_P100_Z1_N0.npz,1017,7,0.0,0.0,0,0.8407960199004976
main_F3_P100_Z1_N0.npz,1018,2,0.0,0.0,0,0.8407960199004976
main_F3_P100_Z1_N0.npz,1018,3,0.0,0.0,0,0.8407960199004976
main_F3_P100_Z1_N0.npz,1018,7,0.0,0.0,0,0.8407960199004976
main_F3_P100_Z1_N0.npz,1019,2,0.0,0.0,0,0.8407960199004976
main_F3_P100_Z1_N0.npz,1019,3,0.0,0.0,0,0.8407960199004976
main_F3_P100_Z1_N0.npz,1019,7,0.0,0.0,0,0.8407960199004976
main_F3_P100_Z1_N0.npz,1020,2,0.0,0.0,0,0.8407960199004976
main_F3_P100_Z1_N0.npz,1020,3,0.0,0.0,0,0.8407960199004976
main_F3_P100_Z1_N0.npz,1020,7,0.0,0.0,0,0.8407960199004976
main_F3_P100_Z1_N0.npz,1021,2,0.0,0.0,0,0.8407960199004976
main_F3_P100_Z1_N0.npz,1021,3,0.0,0.0,0,0.8407960199004976
main_F3_P100_Z1_N0.npz,1021,7,0.0,0.0,0,0.8407960199004976
main_F3_P100_Z1_N0.npz,1022,2,0.0,0.0,0,0.8407960199004976
main_F3_P100_Z1_N0.npz,1022,3,0.0,0.0,0,0.8407960199004976
main_F3_P100_Z1_N0.npz,1022,7,0.0,0.0,0,0.8407960199004976
main_F3_P100_Z1_N0.npz,1023,2,0.0,0.0,0,0.8407960199004976
main_F3_P100_Z1_N0.npz,1023,3,0.0,0.0,0,0.8407960199004976
main_F3_P100_Z1_N0.npz,1023,7,0.0,0.0,0,0.8407960199004976
main_F3_P100_Z1_N0.npz,1024,2,0.0,0.0,0,0.8407960199004976
main_F3_P100_Z1_N0.npz,1024,3,0.0,0.0,0,0.8407960199004976
main_F3_P100_Z1_N0.npz,1024,7,0.0,0.0,0,0.8407960199004976
main_F3_P100_Z1_N0.npz,1025,2,0.0,0.0,0,0.8407960199004976
main_F3_P100_Z1_N0.npz,1025,3,0.0,0.0,0,0.8407960199004976
main_F3_P100_Z1_N0.npz,1025,7,0.0,0.0,0,0.8407960199004976
main_F3_P100_Z1_N0.npz,1026,2,0.0,0.0,0,0.8407960199004976
main_F3_P100_Z1_N0.npz,1026,3,0.0,0.0,0,0.8407960199004976
main_F3_P100_Z1_N0.npz,1026,7,0.0,0.0,0,0.8407960199004976
main_F3_P100_Z1_N0.npz,1027,2,0.0,0.0,0,0.8407960199004976
main_F3_P100_Z1_N0.npz,1027,3,0.0,0.0,0,0.8407960199004976
main_F3_P100_Z1_N0.npz,1027,7,0.0,0.0,0,0.8407960199004976
main_F3_P100_Z1_N0.npz,1028,2,0.0,0.0,0,0.8407960199004976
main_F3_P100_Z1_N0.npz,1028,3,0.0,0.0,0,0.8407960199004976
main_F3_P100_Z1_N0.npz,1028,7,0.0,0.0,0,0.8407960199004976
main_F3_P100_Z1_N0.npz,1029,2,0.0,0.0,0,0.8407960199004976
main_F3_P100_Z1_N0.npz,1029,3,0.0,0.0,0,0.8407960199004976
main_F3_P100_Z1_N0.npz,1029,7,0.0,0.0,0,0.8407960199004976
main_F3_P100_Z2_N0.npz,1000,2,0.0,0.0,0,0.8407960199004976
main_F3_P100_Z2_N0.npz,1000,3,0.0,0.0,0,0.8407960199004976
main_F3_P100_Z2_N0.npz,1000,7,0.0,0.0,0,0.8407960199004976
main_F3_P100_Z2_N0.npz,1001,2,0.0,0.0,0,0.8407960199004976
main_F3_P100_Z2_N0.npz,1001,3,0.0,0.0,0,0.8407960199004976
main_F3_P100_Z2_N0.npz,1001,7,0.0,0.0,0,0.8407960199004976
main_F3_P100_Z2_N0.npz,1002,2,0.0,0.0,0,0.8407960199004976
main_F3_P100_Z2_N0.npz,1002,3,0.0,0.0,0,0.8407960199004976
main_F3_P100_Z2_N0.npz,1002,7,0.0,0.0,0,0.8407960199004976
main_F3_P100_Z2_N0.npz,1003,2,0.00018717204499374418,-0.00031247138977050226,0,0.8407960199004976
main_F3_P100_Z2_N0.npz,1003,3,0.0,0.0,0,0.8407960199004976
main_F3_P100_Z2_N0.npz,1003,7,0.0,0.0,0,0.8407960199004976
main_F3_P100_Z2_N0.npz,1004,2,0.0,0.0,0,0.8407960199004976
main_F3_P100_Z2_N0.npz,1004,3,0.0,0.0,0,0.8407960199004976
main_F3_P100_Z2_N0.npz,1004,7,0.0,0.0,0,0.8407960199004976
main_F3_P100_Z2_N0.npz,1005,2,0.0,0.0,0,0.8407960199004976
main_F3_P100_Z2_N0.npz,1005,3,0.0,0.0,0,0.8407960199004976
main_F3_P100_Z2_N0.npz,1005,7,0.0,0.0,0,0.8407960199004976
main_F3_P100_Z2_N0.npz,1006,2,0.0,0.0,0,0.8407960199004976
main_F3_P100_Z2_N0.npz,1006,3,0.0,0.0,0,0.8407960199004976
main_F3_P100_Z2_N0.npz,1006,7,0.0,0.0,0,0.8407960199004976
main_F3_P100_Z2_N0.npz,1007,2,0.0,0.0,0,0.8407960199004976
main_F3_P100_Z2_N0.npz,1007,3,0.0,0.0,0,0.8407960199004976
main_F3_P100_Z2_N0.npz,1007,7,0.0,0.0,0,0.8407960199004976
main_F3_P100_Z2_N0.npz,1008,2,0.0,0.0,0,0.8407960199004976
main_F3_P100_Z2_N0.npz,1008,3,0.0,0.0,0,0.8407960199004976
main_F3_P100_Z2_N0.npz,1008,7,0.0,0.0,0,0.8407960199004976
main_F3_P100_Z2_N0.npz,1009,2,0.0,0.0,0,0.8407960199004976
main_F3_P100_Z2_N0.npz,1009,3,0.0,0.0,0,0.8407960199004976
main_F3_P100_Z2_N0.npz,1009,7,0.0,0.0,0,0.8407960199004976
main_F3_P100_Z2_N0.npz,1010,2,0.0,0.0,0,0.8407960199004976
main_F3_P100_Z2_N0.npz,1010,3,0.0,0.0,0,0.8407960199004976
main_F3_P100_Z2_N0.npz,1010,7,0.0,0.0,0,0.8407960199004976
main_F3_P100_Z2_N0.npz,1011,2,0.0,0.0,0,0.8407960199004976
main_F3_P100_Z2_N0.npz,1011,3,0.0,0.0,0,0.8407960199004976
main_F3_P100_Z2_N0.npz,1011,7,0.0,0.0,0,0.8407960199004976
main_F3_P100_Z2_N0.npz,1012,2,0.0,0.0,0,0.8407960199004976
main_F3_P100_Z2_N0.npz,1012,3,0.0,0.0,0,0.8407960199004976
main_F3_P100_Z2_N0.npz,1012,7,0.0,0.0,0,0.8407960199004976
main_F3_P100_Z2_N0.npz,1013,2,0.0,0.0,0,0.8407960199004976
main_F3_P100_Z2_N0.npz,1013,3,0.0,0.0,0,0.8407960199004976
main_F3_P100_Z2_N0.npz,1013,7,0.0,0.0,0,0.8407960199004976
main_F3_P100_Z2_N0.npz,1014,2,0.0,0.0,0,0.8407960199004976
main_F3_P100_Z2_N0.npz,1014,3,0.0,0.0,0,0.8407960199004976
main_F3_P100_Z2_N0.npz,1014,7,0.0,0.0,0,0.8407960199004976
main_F3_P100_Z2_N0.npz,1015,2,0.0,0.0,0,0.8407960199004976
main_F3_P100_Z2_N0.npz,1015,3,0.0,0.0,0,0.8407960199004976
main_F3_P100_Z2_N0.npz,1015,7,0.0,0.0,0,0.8407960199004976
main_F3_P100_Z2_N0.npz,1016,2,0.0,0.0,0,0.8407960199004976
main_F3_P100_Z2_N0.npz,1016,3,0.0,0.0,0,0.8407960199004976
main_F3_P100_Z2_N0.npz,1016,7,0.0,0.0,0,0.8407960199004976
main_F3_P100_Z2_N0.npz,1017,2,0.0,0.0,0,0.8407960199004976
main_F3_P100_Z2_N0.npz,1017,3,0.0,0.0,0,0.8407960199004976
main_F3_P100_Z2_N0.npz,1017,7,0.0,0.0,0,0.8407960199004976
main_F3_P100_Z2_N0.npz,1018,2,0.0,0.0,0,0.8407960199004976
main_F3_P100_Z2_N0.npz,1018,3,0.0,0.0,0,0.8407960199004976
main_F3_P100_Z2_N0.npz,1018,7,0.0,0.0,0,0.8407960199004976
main_F3_P100_Z2_N0.npz,1019,2,0.0,0.0,0,0.8407960199004976
main_F3_P100_Z2_N0.npz,1019,3,0.0,0.0,0,0.8407960199004976
main_F3_P100_Z2_N0.npz,1019,7,0.0,0.0,0,0.8407960199004976
main_F3_P100_Z2_N0.npz,1020,2,0.0,0.0,0,0.8407960199004976
main_F3_P100_Z2_N0.npz,1020,3,0.0,0.0,0,0.8407960199004976
main_F3_P100_Z2_N0.npz,1020,7,0.0,0.0,0,0.8407960199004976
main_F3_P100_Z2_N0.npz,1021,2,0.0,0.0,0,0.8407960199004976
main_F3_P100_Z2_N0.npz,1021,3,0.0,0.0,0,0.8407960199004976
main_F3_P100_Z2_N0.npz,1021,7,0.0,0.0,0,0.8407960199004976
main_F3_P100_Z2_N0.npz,1022,2,0.0,0.0,0,0.8407960199004976
main_F3_P100_Z2_N0.npz,1022,3,0.0,0.0,0,0.8407960199004976
main_F3_P100_Z2_N0.npz,1022,7,0.0,0.0,0,0.8407960199004976
main_F3_P100_Z2_N0.npz,1023,2,0.0,0.0,0,0.8407960199004976
main_F3_P100_Z2_N0.npz,1023,3,0.0,0.0,0,0.8407960199004976
main_F3_P100_Z2_N0.npz,1023,7,0.0,0.0,0,0.8407960199004976
main_F3_P100_Z2_N0.npz,1024,2,0.0,0.0,0,0.8407960199004976
main_F3_P100_Z2_N0.npz,1024,3,0.0,0.0,0,0.8407960199004976
main_F3_P100_Z2_N0.npz,1024,7,0.0,0.0,0,0.8407960199004976
main_F3_P100_Z2_N0.npz,1025,2,0.0,0.0,0,0.8407960199004976
main_F3_P100_Z2_N0.npz,1025,3,0.0,0.0,0,0.8407960199004976
main_F3_P100_Z2_N0.npz,1025,7,0.0,0.0,0,0.8407960199004976
main_F3_P100_Z2_N0.npz,1026,2,0.0,0.0,0,0.8407960199004976
main_F3_P100_Z2_N0.npz,1026,3,0.0,0.0,0,0.8407960199004976
main_F3_P100_Z2_N0.npz,1026,7,0.0,0.0,0,0.8407960199004976
main_F3_P100_Z2_N0.npz,1027,2,0.0,0.0,0,0.8407960199004976
main_F3_P100_Z2_N0.npz,1027,3,0.0,0.0,0,0.8407960199004976
main_F3_P100_Z2_N0.npz,1027,7,0.0,0.0,0,0.8407960199004976
main_F3_P100_Z2_N0.npz,1028,2,0.0,0.0,0,0.8407960199004976
main_F3_P100_Z2_N0.npz,1028,3,0.0,0.0,0,0.8407960199004976
main_F3_P100_Z2_N0.npz,1028,7,0.0,0.0,0,0.8407960199004976
main_F3_P100_Z2_N0.npz,1029,2,0.0,0.0,0,0.8407960199004976
main_F3_P100_Z2_N0.npz,1029,3,0.0,0.0,0,0.8407960199004976
main_F3_P100_Z2_N0.npz,1029,7,0.0,0.0,0,0.8407960199004976
main_F4_P020_Z0_N0.npz,1000,2,0.0,0.0,0,0.8407960199004976
main_F4_P020_Z0_N0.npz,1000,3,0.0,0.0,0,0.8407960199004976
main_F4_P020_Z0_N0.npz,1000,7,0.0,0.0,0,0.8407960199004976
main_F4_P020_Z0_N0.npz,1001,2,0.0,0.0,0,0.8407960199004976
main_F4_P020_Z0_N0.npz,1001,3,0.0,0.0,0,0.8407960199004976
main_F4_P020_Z0_N0.npz,1001,7,0.0,0.0,0,0.8407960199004976
main_F4_P020_Z0_N0.npz,1002,2,0.0,0.0,0,0.8407960199004976
main_F4_P020_Z0_N0.npz,1002,3,0.0,0.0,0,0.8407960199004976
main_F4_P020_Z0_N0.npz,1002,7,0.0,0.0,0,0.8407960199004976
main_F4_P020_Z0_N0.npz,1003,2,0.0,0.0,0,0.8407960199004976
main_F4_P020_Z0_N0.npz,1003,3,0.0,0.0,0,0.8407960199004976
main_F4_P020_Z0_N0.npz,1003,7,0.0,0.0,0,0.8407960199004976
main_F4_P020_Z0_N0.npz,1004,2,0.0,0.0,0,0.8407960199004976
main_F4_P020_Z0_N0.npz,1004,3,0.0,0.0,0,0.8407960199004976
main_F4_P020_Z0_N0.npz,1004,7,0.0,0.0,0,0.8407960199004976
main_F4_P020_Z0_N0.npz,1005,2,0.0,0.0,0,0.8407960199004976
main_F4_P020_Z0_N0.npz,1005,3,0.0,0.0,0,0.8407960199004976
main_F4_P020_Z0_N0.npz,1005,7,0.0,0.0,0,0.8407960199004976
main_F4_P020_Z0_N0.npz,1006,2,0.0,0.0,0,0.8407960199004976
main_F4_P020_Z0_N0.npz,1006,3,0.0,0.0,0,0.8407960199004976
main_F4_P020_Z0_N0.npz,1006,7,0.0,0.0,0,0.8407960199004976
main_F4_P020_Z0_N0.npz,1007,2,0.0,0.0,0,0.8407960199004976
main_F4_P020_Z0_N0.npz,1007,3,0.0,0.0,0,0.8407960199004976
main_F4_P020_Z0_N0.npz,1007,7,0.0,0.0,0,0.8407960199004976
main_F4_P020_Z0_N0.npz,1008,2,0.0,0.0,0,0.8407960199004976
main_F4_P020_Z0_N0.npz,1008,3,0.0,0.0,0,0.8407960199004976
main_F4_P020_Z0_N0.npz,1008,7,0.0,0.0,0,0.8407960199004976
main_F4_P020_Z0_N0.npz,1009,2,0.0,0.0,0,0.8407960199004976
main_F4_P020_Z0_N0.npz,1009,3,0.0,0.0,0,0.8407960199004976
main_F4_P020_Z0_N0.npz,1009,7,0.0,0.0,0,0.8407960199004976
main_F4_P020_Z0_N0.npz,1010,2,0.0,0.0,0,0.8407960199004976
main_F4_P020_Z0_N0.npz,1010,3,0.0,0.0,0,0.8407960199004976
main_F4_P020_Z0_N0.npz,1010,7,0.0,0.0,0,0.8407960199004976
main_F4_P020_Z0_N0.npz,1011,2,0.0,0.0,0,0.8407960199004976
main_F4_P020_Z0_N0.npz,1011,3,0.0,0.0,0,0.8407960199004976
main_F4_P020_Z0_N0.npz,1011,7,0.0,0.0,0,0.8407960199004976
main_F4_P020_Z0_N0.npz,1012,2,0.0,0.0,0,0.8407960199004976
main_F4_P020_Z0_N0.npz,1012,3,0.0,0.0,0,0.8407960199004976
main_F4_P020_Z0_N0.npz,1012,7,0.0,0.0,0,0.8407960199004976
main_F4_P020_Z0_N0.npz,1013,2,0.0,0.0,0,0.8407960199004976
main_F4_P020_Z0_N0.npz,1013,3,0.0,0.0,0,0.8407960199004976
main_F4_P020_Z0_N0.npz,1013,7,0.0,0.0,0,0.8407960199004976
main_F4_P020_Z0_N0.npz,1014,2,0.0,0.0,0,0.8407960199004976
main_F4_P020_Z0_N0.npz,1014,3,0.0,0.0,0,0.8407960199004976
main_F4_P020_Z0_N0.npz,1014,7,0.0,0.0,0,0.8407960199004976
main_F4_P020_Z0_N0.npz,1015,2,0.0,0.0,0,0.8407960199004976
main_F4_P020_Z0_N0.npz,1015,3,0.0,0.0,0,0.8407960199004976
main_F4_P020_Z0_N0.npz,1015,7,0.0,0.0,0,0.8407960199004976
main_F4_P020_Z0_N0.npz,1016,2,0.0,0.0,0,0.8407960199004976
main_F4_P020_Z0_N0.npz,1016,3,0.0,0.0,0,0.8407960199004976
main_F4_P020_Z0_N0.npz,1016,7,0.0,0.0,0,0.8407960199004976
main_F4_P020_Z0_N0.npz,1017,2,0.0,0.0,0,0.8407960199004976
main_F4_P020_Z0_N0.npz,1017,3,0.0,0.0,0,0.8407960199004976
main_F4_P020_Z0_N0.npz,1017,7,0.0,0.0,0,0.8407960199004976
main_F4_P020_Z0_N0.npz,1018,2,0.0,0.0,0,0.8407960199004976
main_F4_P020_Z0_N0.npz,1018,3,0.0,0.0,0,0.8407960199004976
main_F4_P020_Z0_N0.npz,1018,7,0.0,0.0,0,0.8407960199004976
main_F4_P020_Z0_N0.npz,1019,2,0.0,0.0,0,0.8407960199004976
main_F4_P020_Z0_N0.npz,1019,3,0.0,0.0,0,0.8407960199004976
main_F4_P020_Z0_N0.npz,1019,7,0.0,0.0,0,0.8407960199004976
main_F4_P020_Z0_N0.npz,1020,2,0.0,0.0,0,0.8407960199004976
main_F4_P020_Z0_N0.npz,1020,3,0.0,0.0,0,0.8407960199004976
main_F4_P020_Z0_N0.npz,1020,7,0.0,0.0,0,0.8407960199004976
main_F4_P020_Z0_N0.npz,1021,2,0.0,0.0,0,0.8407960199004976
main_F4_P020_Z0_N0.npz,1021,3,0.0,0.0,0,0.8407960199004976
main_F4_P020_Z0_N0.npz,1021,7,0.0,0.0,0,0.8407960199004976
main_F4_P020_Z0_N0.npz,1022,2,0.0,0.0,0,0.8407960199004976
main_F4_P020_Z0_N0.npz,1022,3,0.0,0.0,0,0.8407960199004976
main_F4_P020_Z0_N0.npz,1022,7,0.0,0.0,0,0.8407960199004976
main_F4_P020_Z0_N0.npz,1023,2,0.0,0.0,0,0.8407960199004976
main_F4_P020_Z0_N0.npz,1023,3,0.0,0.0,0,0.8407960199004976
main_F4_P020_Z0_N0.npz,1023,7,0.0,0.0,0,0.8407960199004976
main_F4_P020_Z0_N0.npz,1024,2,0.0,0.0,0,0.8407960199004976
main_F4_P020_Z0_N0.npz,1024,3,0.0,0.0,0,0.8407960199004976
main_F4_P020_Z0_N0.npz,1024,7,0.0,0.0,0,0.8407960199004976
main_F4_P020_Z0_N0.npz,1025,2,0.0,0.0,0,0.8407960199004976
main_F4_P020_Z0_N0.npz,1025,3,0.0,0.0,0,0.8407960199004976
main_F4_P020_Z0_N0.npz,1025,7,0.0,0.0,0,0.8407960199004976
main_F4_P020_Z0_N0.npz,1026,2,0.0,0.0,0,0.8407960199004976
main_F4_P020_Z0_N0.npz,1026,3,0.0,0.0,0,0.8407960199004976
main_F4_P020_Z0_N0.npz,1026,7,0.0,0.0,0,0.8407960199004976
main_F4_P020_Z0_N0.npz,1027,2,0.0,0.0,0,0.8407960199004976
main_F4_P020_Z0_N0.npz,1027,3,0.0,0.0,0,0.8407960199004976
main_F4_P020_Z0_N0.npz,1027,7,0.0,0.0,0,0.8407960199004976
main_F4_P020_Z0_N0.npz,1028,2,0.0,0.0,0,0.8407960199004976
main_F4_P020_Z0_N0.npz,1028,3,0.0,0.0,0,0.8407960199004976
main_F4_P020_Z0_N0.npz,1028,7,0.0,0.0,0,0.8407960199004976
main_F4_P020_Z0_N0.npz,1029,2,0.0,0.0,0,0.8407960199004976
main_F4_P020_Z0_N0.npz,1029,3,0.0,0.0,0,0.8407960199004976
main_F4_P020_Z0_N0.npz,1029,7,0.0,0.0,0,0.8407960199004976
main_F4_P020_Z1_N0.npz,1000,2,0.0,0.0,0,0.8407960199004976
main_F4_P020_Z1_N0.npz,1000,3,0.0,0.0,0,0.8407960199004976
main_F4_P020_Z1_N0.npz,1000,7,0.0,0.0,0,0.8407960199004976
main_F4_P020_Z1_N0.npz,1001,2,0.0,0.0,0,0.8407960199004976
main_F4_P020_Z1_N0.npz,1001,3,0.0,0.0,0,0.8407960199004976
main_F4_P020_Z1_N0.npz,1001,7,0.0,0.0,0,0.8407960199004976
main_F4_P020_Z1_N0.npz,1002,2,0.0,0.0,0,0.8407960199004976
main_F4_P020_Z1_N0.npz,1002,3,0.0,0.0,0,0.8407960199004976
main_F4_P020_Z1_N0.npz,1002,7,0.0,0.0,0,0.8407960199004976
main_F4_P020_Z1_N0.npz,1003,2,0.0,0.0,0,0.8407960199004976
main_F4_P020_Z1_N0.npz,1003,3,0.0,0.0,0,0.8407960199004976
main_F4_P020_Z1_N0.npz,1003,7,0.0,0.0,0,0.8407960199004976
main_F4_P020_Z1_N0.npz,1004,2,0.0,0.0,0,0.8407960199004976
main_F4_P020_Z1_N0.npz,1004,3,0.0,0.0,0,0.8407960199004976
main_F4_P020_Z1_N0.npz,1004,7,0.0,0.0,0,0.8407960199004976
main_F4_P020_Z1_N0.npz,1005,2,0.0,0.0,0,0.8407960199004976
main_F4_P020_Z1_N0.npz,1005,3,0.0,0.0,0,0.8407960199004976
main_F4_P020_Z1_N0.npz,1005,7,0.0,0.0,0,0.8407960199004976
main_F4_P020_Z1_N0.npz,1006,2,0.0,0.0,0,0.8407960199004976
main_F4_P020_Z1_N0.npz,1006,3,0.0,0.0,0,0.8407960199004976
main_F4_P020_Z1_N0.npz,1006,7,0.0,0.0,0,0.8407960199004976
main_F4_P020_Z1_N0.npz,1007,2,0.0,0.0,0,0.8407960199004976
main_F4_P020_Z1_N0.npz,1007,3,0.0,0.0,0,0.8407960199004976
main_F4_P020_Z1_N0.npz,1007,7,0.0,0.0,0,0.8407960199004976
main_F4_P020_Z1_N0.npz,1008,2,0.0,0.0,0,0.8407960199004976
main_F4_P020_Z1_N0.npz,1008,3,0.0,0.0,0,0.8407960199004976
main_F4_P020_Z1_N0.npz,1008,7,0.0,0.0,0,0.8407960199004976
main_F4_P020_Z1_N0.npz,1009,2,0.0,0.0,0,0.8407960199004976
main_F4_P020_Z1_N0.npz,1009,3,0.0,0.0,0,0.8407960199004976
main_F4_P020_Z1_N0.npz,1009,7,0.0,0.0,0,0.8407960199004976
main_F4_P020_Z1_N0.npz,1010,2,0.0,0.0,0,0.8407960199004976
main_F4_P020_Z1_N0.npz,1010,3,0.0,0.0,0,0.8407960199004976
main_F4_P020_Z1_N0.npz,1010,7,0.0,0.0,0,0.8407960199004976
main_F4_P020_Z1_N0.npz,1011,2,0.0,0.0,0,0.8407960199004976
main_F4_P020_Z1_N0.npz,1011,3,0.0,0.0,0,0.8407960199004976
main_F4_P020_Z1_N0.npz,1011,7,0.0,0.0,0,0.8407960199004976
main_F4_P020_Z1_N0.npz,1012,2,0.0,0.0,0,0.8407960199004976
main_F4_P020_Z1_N0.npz,1012,3,0.0,0.0,0,0.8407960199004976
main_F4_P020_Z1_N0.npz,1012,7,0.0,0.0,0,0.8407960199004976
main_F4_P020_Z1_N0.npz,1013,2,0.0,0.0,0,0.8407960199004976
main_F4_P020_Z1_N0.npz,1013,3,0.0,0.0,0,0.8407960199004976
main_F4_P020_Z1_N0.npz,1013,7,0.0,0.0,0,0.8407960199004976
main_F4_P020_Z1_N0.npz,1014,2,0.0,0.0,0,0.8407960199004976
main_F4_P020_Z1_N0.npz,1014,3,0.0,0.0,0,0.8407960199004976
main_F4_P020_Z1_N0.npz,1014,7,0.0,0.0,0,0.8407960199004976
main_F4_P020_Z1_N0.npz,1015,2,0.0,0.0,0,0.8407960199004976
main_F4_P020_Z1_N0.npz,1015,3,0.0,0.0,0,0.8407960199004976
main_F4_P020_Z1_N0.npz,1015,7,0.0,0.0,0,0.8407960199004976
main_F4_P020_Z1_N0.npz,1016,2,0.0,0.0,0,0.8407960199004976
main_F4_P020_Z1_N0.npz,1016,3,0.0,0.0,0,0.8407960199004976
main_F4_P020_Z1_N0.npz,1016,7,0.0,0.0,0,0.8407960199004976
main_F4_P020_Z1_N0.npz,1017,2,0.0,0.0,0,0.8407960199004976
main_F4_P020_Z1_N0.npz,1017,3,0.0,0.0,0,0.8407960199004976
main_F4_P020_Z1_N0.npz,1017,7,0.0,0.0,0,0.8407960199004976
main_F4_P020_Z1_N0.npz,1018,2,0.0,0.0,0,0.8407960199004976
main_F4_P020_Z1_N0.npz,1018,3,0.0,0.0,0,0.8407960199004976
main_F4_P020_Z1_N0.npz,1018,7,0.0,0.0,0,0.8407960199004976
main_F4_P020_Z1_N0.npz,1019,2,0.0,0.0,0,0.8407960199004976
main_F4_P020_Z1_N0.npz,1019,3,0.0,0.0,0,0.8407960199004976
main_F4_P020_Z1_N0.npz,1019,7,0.0,0.0,0,0.8407960199004976
main_F4_P020_Z1_N0.npz,1020,2,0.0,0.0,0,0.8407960199004976
main_F4_P020_Z1_N0.npz,1020,3,0.0,0.0,0,0.8407960199004976
main_F4_P020_Z1_N0.npz,1020,7,0.0,0.0,0,0.8407960199004976
main_F4_P020_Z1_N0.npz,1021,2,0.0,0.0,0,0.8407960199004976
main_F4_P020_Z1_N0.npz,1021,3,0.0,0.0,0,0.8407960199004976
main_F4_P020_Z1_N0.npz,1021,7,0.0,0.0,0,0.8407960199004976
main_F4_P020_Z1_N0.npz,1022,2,0.0,0.0,0,0.8407960199004976
main_F4_P020_Z1_N0.npz,1022,3,0.0,0.0,0,0.8407960199004976
main_F4_P020_Z1_N0.npz,1022,7,0.0,0.0,0,0.8407960199004976
main_F4_P020_Z1_N0.npz,1023,2,0.0,0.0,0,0.8407960199004976
main_F4_P020_Z1_N0.npz,1023,3,0.0,0.0,0,0.8407960199004976
main_F4_P020_Z1_N0.npz,1023,7,0.0,0.0,0,0.8407960199004976
main_F4_P020_Z1_N0.npz,1024,2,0.0,0.0,0,0.8407960199004976
main_F4_P020_Z1_N0.npz,1024,3,0.0,0.0,0,0.8407960199004976
main_F4_P020_Z1_N0.npz,1024,7,0.0,0.0,0,0.8407960199004976
main_F4_P020_Z1_N0.npz,1025,2,0.0,0.0,0,0.8407960199004976
main_F4_P020_Z1_N0.npz,1025,3,0.0,0.0,0,0.8407960199004976
main_F4_P020_Z1_N0.npz,1025,7,0.0,0.0,0,0.8407960199004976
main_F4_P020_Z1_N0.npz,1026,2,0.0,0.0,0,0.8407960199004976
main_F4_P020_Z1_N0.npz,1026,3,0.0,0.0,0,0.8407960199004976
main_F4_P020_Z1_N0.npz,1026,7,0.0,0.0,0,0.8407960199004976
main_F4_P020_Z1_N0.npz,1027,2,0.0,0.0,0,0.8407960199004976
main_F4_P020_Z1_N0.npz,1027,3,0.0,0.0,0,0.8407960199004976
main_F4_P020_Z1_N0.npz,1027,7,0.0,0.0,0,0.8407960199004976
main_F4_P020_Z1_N0.npz,1028,2,0.0,0.0,0,0.8407960199004976
main_F4_P020_Z1_N0.npz,1028,3,0.0,0.0,0,0.8407960199004976
main_F4_P020_Z1_N0.npz,1028,7,0.0,0.0,0,0.8407960199004976
main_F4_P020_Z1_N0.npz,1029,2,0.0,0.0,0,0.8407960199004976
main_F4_P020_Z1_N0.npz,1029,3,0.0,0.0,0,0.8407960199004976
main_F4_P020_Z1_N0.npz,1029,7,0.0,0.0,0,0.8407960199004976
main_F4_P020_Z2_N0.npz,1000,2,0.0,0.0,0,0.8407960199004976
main_F4_P020_Z2_N0.npz,1000,3,0.0,0.0,0,0.8407960199004976
main_F4_P020_Z2_N0.npz,1000,7,0.0,0.0,0,0.8407960199004976
main_F4_P020_Z2_N0.npz,1001,2,0.0,0.0,0,0.8407960199004976
main_F4_P020_Z2_N0.npz,1001,3,0.0,0.0,0,0.8407960199004976
main_F4_P020_Z2_N0.npz,1001,7,0.0,0.0,0,0.8407960199004976
main_F4_P020_Z2_N0.npz,1002,2,0.0,0.0,0,0.8407960199004976
main_F4_P020_Z2_N0.npz,1002,3,0.0,0.0,0,0.8407960199004976
main_F4_P020_Z2_N0.npz,1002,7,0.0,0.0,0,0.8407960199004976
main_F4_P020_Z2_N0.npz,1003,2,0.0,0.0,0,0.8407960199004976
main_F4_P020_Z2_N0.npz,1003,3,0.0,0.0,0,0.8407960199004976
main_F4_P020_Z2_N0.npz,1003,7,0.0,0.0,0,0.8407960199004976
main_F4_P020_Z2_N0.npz,1004,2,0.0,0.0,0,0.8407960199004976
main_F4_P020_Z2_N0.npz,1004,3,0.0,0.0,0,0.8407960199004976
main_F4_P020_Z2_N0.npz,1004,7,0.0,0.0,0,0.8407960199004976
main_F4_P020_Z2_N0.npz,1005,2,0.0,0.0,0,0.8407960199004976
main_F4_P020_Z2_N0.npz,1005,3,0.0,0.0,0,0.8407960199004976
main_F4_P020_Z2_N0.npz,1005,7,0.0,0.0,0,0.8407960199004976
main_F4_P020_Z2_N0.npz,1006,2,0.0,0.0,0,0.8407960199004976
main_F4_P020_Z2_N0.npz,1006,3,0.0,0.0,0,0.8407960199004976
main_F4_P020_Z2_N0.npz,1006,7,0.0,0.0,0,0.8407960199004976
main_F4_P020_Z2_N0.npz,1007,2,0.0,0.0,0,0.8407960199004976
main_F4_P020_Z2_N0.npz,1007,3,0.0,0.0,0,0.8407960199004976
main_F4_P020_Z2_N0.npz,1007,7,0.0,0.0,0,0.8407960199004976
main_F4_P020_Z2_N0.npz,1008,2,0.0,0.0,0,0.8407960199004976
main_F4_P020_Z2_N0.npz,1008,3,0.0,0.0,0,0.8407960199004976
main_F4_P020_Z2_N0.npz,1008,7,0.0,0.0,0,0.8407960199004976
main_F4_P020_Z2_N0.npz,1009,2,0.0,0.0,0,0.8407960199004976
main_F4_P020_Z2_N0.npz,1009,3,0.0,0.0,0,0.8407960199004976
main_F4_P020_Z2_N0.npz,1009,7,0.0,0.0,0,0.8407960199004976
main_F4_P020_Z2_N0.npz,1010,2,0.0,0.0,0,0.8407960199004976
main_F4_P020_Z2_N0.npz,1010,3,0.0,0.0,0,0.8407960199004976
main_F4_P020_Z2_N0.npz,1010,7,0.0,0.0,0,0.8407960199004976
main_F4_P020_Z2_N0.npz,1011,2,0.0,0.0,0,0.8407960199004976
main_F4_P020_Z2_N0.npz,1011,3,0.0,0.0,0,0.8407960199004976
main_F4_P020_Z2_N0.npz,1011,7,0.0,0.0,0,0.8407960199004976
main_F4_P020_Z2_N0.npz,1012,2,0.0,0.0,0,0.8407960199004976
main_F4_P020_Z2_N0.npz,1012,3,0.0,0.0,0,0.8407960199004976
main_F4_P020_Z2_N0.npz,1012,7,0.0,0.0,0,0.8407960199004976
main_F4_P020_Z2_N0.npz,1013,2,0.0,0.0,0,0.8407960199004976
main_F4_P020_Z2_N0.npz,1013,3,0.0,0.0,0,0.8407960199004976
main_F4_P020_Z2_N0.npz,1013,7,0.0,0.0,0,0.8407960199004976
main_F4_P020_Z2_N0.npz,1014,2,0.0,0.0,0,0.8407960199004976
main_F4_P020_Z2_N0.npz,1014,3,0.0,0.0,0,0.8407960199004976
main_F4_P020_Z2_N0.npz,1014,7,0.0,0.0,0,0.8407960199004976
main_F4_P020_Z2_N0.npz,1015,2,0.0,0.0,0,0.8407960199004976
main_F4_P020_Z2_N0.npz,1015,3,0.0,0.0,0,0.8407960199004976
main_F4_P020_Z2_N0.npz,1015,7,0.0,0.0,0,0.8407960199004976
main_F4_P020_Z2_N0.npz,1016,2,0.0,0.0,0,0.8407960199004976
main_F4_P020_Z2_N0.npz,1016,3,0.0,0.0,0,0.8407960199004976
main_F4_P020_Z2_N0.npz,1016,7,0.0,0.0,0,0.8407960199004976
main_F4_P020_Z2_N0.npz,1017,2,0.0,0.0,0,0.8407960199004976
main_F4_P020_Z2_N0.npz,1017,3,0.0,0.0,0,0.8407960199004976
main_F4_P020_Z2_N0.npz,1017,7,0.0,0.0,0,0.8407960199004976
main_F4_P020_Z2_N0.npz,1018,2,0.0,0.0,0,0.8407960199004976
main_F4_P020_Z2_N0.npz,1018,3,0.0,0.0,0,0.8407960199004976
main_F4_P020_Z2_N0.npz,1018,7,0.0,0.0,0,0.8407960199004976
main_F4_P020_Z2_N0.npz,1019,2,0.0,0.0,0,0.8407960199004976
main_F4_P020_Z2_N0.npz,1019,3,0.0,0.0,0,0.8407960199004976
main_F4_P020_Z2_N0.npz,1019,7,0.0,0.0,0,0.8407960199004976
main_F4_P020_Z2_N0.npz,1020,2,0.0,0.0,0,0.8407960199004976
main_F4_P020_Z2_N0.npz,1020,3,0.0,0.0,0,0.8407960199004976
main_F4_P020_Z2_N0.npz,1020,7,0.0,0.0,0,0.8407960199004976
main_F4_P020_Z2_N0.npz,1021,2,0.0,0.0,0,0.8407960199004976
main_F4_P020_Z2_N0.npz,1021,3,0.0,0.0,0,0.8407960199004976
main_F4_P020_Z2_N0.npz,1021,7,0.0,0.0,0,0.8407960199004976
main_F4_P020_Z2_N0.npz,1022,2,0.0,0.0,0,0.8407960199004976
main_F4_P020_Z2_N0.npz,1022,3,0.0,0.0,0,0.8407960199004976
main_F4_P020_Z2_N0.npz,1022,7,0.0,0.0,0,0.8407960199004976
main_F4_P020_Z2_N0.npz,1023,2,0.0,0.0,0,0.8407960199004976
main_F4_P020_Z2_N0.npz,1023,3,0.0,0.0,0,0.8407960199004976
main_F4_P020_Z2_N0.npz,1023,7,0.0,0.0,0,0.8407960199004976
main_F4_P020_Z2_N0.npz,1024,2,0.0,0.0,0,0.8407960199004976
main_F4_P020_Z2_N0.npz,1024,3,0.0,0.0,0,0.8407960199004976
main_F4_P020_Z2_N0.npz,1024,7,0.0,0.0,0,0.8407960199004976
main_F4_P020_Z2_N0.npz,1025,2,0.0,0.0,0,0.8407960199004976
main_F4_P020_Z2_N0.npz,1025,3,0.0,0.0,0,0.8407960199004976
main_F4_P020_Z2_N0.npz,1025,7,0.0,0.0,0,0.8407960199004976
main_F4_P020_Z2_N0.npz,1026,2,0.0,0.0,0,0.8407960199004976
main_F4_P020_Z2_N0.npz,1026,3,0.0,0.0,0,0.8407960199004976
main_F4_P020_Z2_N0.npz,1026,7,0.0,0.0,0,0.8407960199004976
main_F4_P020_Z2_N0.npz,1027,2,0.0,0.0,0,0.8407960199004976
main_F4_P020_Z2_N0.npz,1027,3,0.0,0.0,0,0.8407960199004976
main_F4_P020_Z2_N0.npz,1027,7,0.0,0.0,0,0.8407960199004976
main_F4_P020_Z2_N0.npz,1028,2,0.0,0.0,0,0.8407960199004976
main_F4_P020_Z2_N0.npz,1028,3,0.0,0.0,0,0.8407960199004976
main_F4_P020_Z2_N0.npz,1028,7,0.0,0.0,0,0.8407960199004976
main_F4_P020_Z2_N0.npz,1029,2,0.0,0.0,0,0.8407960199004976
main_F4_P020_Z2_N0.npz,1029,3,0.0,0.0,0,0.8407960199004976
main_F4_P020_Z2_N0.npz,1029,7,0.0,0.0,0,0.8407960199004976
main_F4_P050_Z0_N0.npz,1000,2,0.0,0.0,0,0.8407960199004976
main_F4_P050_Z0_N0.npz,1000,3,0.0,0.0,0,0.8407960199004976
main_F4_P050_Z0_N0.npz,1000,7,0.0,0.0,0,0.8407960199004976
main_F4_P050_Z0_N0.npz,1001,2,0.0,0.0,0,0.8407960199004976
main_F4_P050_Z0_N0.npz,1001,3,0.0,0.0,0,0.8407960199004976
main_F4_P050_Z0_N0.npz,1001,7,0.0,0.0,0,0.8407960199004976
main_F4_P050_Z0_N0.npz,1002,2,0.0,0.0,0,0.8407960199004976
main_F4_P050_Z0_N0.npz,1002,3,0.0,0.0,0,0.8407960199004976
main_F4_P050_Z0_N0.npz,1002,7,0.0,0.0,0,0.8407960199004976
main_F4_P050_Z0_N0.npz,1003,2,0.0,0.0,0,0.8407960199004976
main_F4_P050_Z0_N0.npz,1003,3,0.0,0.0,0,0.8407960199004976
main_F4_P050_Z0_N0.npz,1003,7,0.0,0.0,0,0.8407960199004976
main_F4_P050_Z0_N0.npz,1004,2,0.0,0.0,0,0.8407960199004976
main_F4_P050_Z0_N0.npz,1004,3,0.0,0.0,0,0.8407960199004976
main_F4_P050_Z0_N0.npz,1004,7,0.0,0.0,0,0.8407960199004976
main_F4_P050_Z0_N0.npz,1005,2,0.0,0.0,0,0.8407960199004976
main_F4_P050_Z0_N0.npz,1005,3,0.0,0.0,0,0.8407960199004976
main_F4_P050_Z0_N0.npz,1005,7,0.0,0.0,0,0.8407960199004976
main_F4_P050_Z0_N0.npz,1006,2,0.0,0.0,0,0.8407960199004976
main_F4_P050_Z0_N0.npz,1006,3,0.0,0.0,0,0.8407960199004976
main_F4_P050_Z0_N0.npz,1006,7,0.0,0.0,0,0.8407960199004976
main_F4_P050_Z0_N0.npz,1007,2,0.0,0.0,0,0.8407960199004976
main_F4_P050_Z0_N0.npz,1007,3,0.0,0.0,0,0.8407960199004976
main_F4_P050_Z0_N0.npz,1007,7,0.0,0.0,0,0.8407960199004976
main_F4_P050_Z0_N0.npz,1008,2,0.0,0.0,0,0.8407960199004976
main_F4_P050_Z0_N0.npz,1008,3,0.0,0.0,0,0.8407960199004976
main_F4_P050_Z0_N0.npz,1008,7,0.0,0.0,0,0.8407960199004976
main_F4_P050_Z0_N0.npz,1009,2,0.0,0.0,0,0.8407960199004976
main_F4_P050_Z0_N0.npz,1009,3,0.0,0.0,0,0.8407960199004976
main_F4_P050_Z0_N0.npz,1009,7,0.0,0.0,0,0.8407960199004976
main_F4_P050_Z0_N0.npz,1010,2,0.0,0.0,0,0.8407960199004976
main_F4_P050_Z0_N0.npz,1010,3,0.0,0.0,0,0.8407960199004976
main_F4_P050_Z0_N0.npz,1010,7,0.0,0.0,0,0.8407960199004976
main_F4_P050_Z0_N0.npz,1011,2,0.0,0.0,0,0.8407960199004976
main_F4_P050_Z0_N0.npz,1011,3,0.0,0.0,0,0.8407960199004976
main_F4_P050_Z0_N0.npz,1011,7,0.0,0.0,0,0.8407960199004976
main_F4_P050_Z0_N0.npz,1012,2,0.0,0.0,0,0.8407960199004976
main_F4_P050_Z0_N0.npz,1012,3,0.0,0.0,0,0.8407960199004976
main_F4_P050_Z0_N0.npz,1012,7,0.0,0.0,0,0.8407960199004976
main_F4_P050_Z0_N0.npz,1013,2,0.0,0.0,0,0.8407960199004976
main_F4_P050_Z0_N0.npz,1013,3,0.0,0.0,0,0.8407960199004976
main_F4_P050_Z0_N0.npz,1013,7,0.0,0.0,0,0.8407960199004976
main_F4_P050_Z0_N0.npz,1014,2,0.0,0.0,0,0.8407960199004976
main_F4_P050_Z0_N0.npz,1014,3,0.0,0.0,0,0.8407960199004976
main_F4_P050_Z0_N0.npz,1014,7,0.0,0.0,0,0.8407960199004976
main_F4_P050_Z0_N0.npz,1015,2,0.0,0.0,0,0.8407960199004976
main_F4_P050_Z0_N0.npz,1015,3,0.0,0.0,0,0.8407960199004976
main_F4_P050_Z0_N0.npz,1015,7,0.0,0.0,0,0.8407960199004976
main_F4_P050_Z0_N0.npz,1016,2,0.0,0.0,0,0.8407960199004976
main_F4_P050_Z0_N0.npz,1016,3,0.0,0.0,0,0.8407960199004976
main_F4_P050_Z0_N0.npz,1016,7,0.0,0.0,0,0.8407960199004976
main_F4_P050_Z0_N0.npz,1017,2,0.0,0.0,0,0.8407960199004976
main_F4_P050_Z0_N0.npz,1017,3,0.0,0.0,0,0.8407960199004976
main_F4_P050_Z0_N0.npz,1017,7,0.0,0.0,0,0.8407960199004976
main_F4_P050_Z0_N0.npz,1018,2,0.0,0.0,0,0.8407960199004976
main_F4_P050_Z0_N0.npz,1018,3,0.0,0.0,0,0.8407960199004976
main_F4_P050_Z0_N0.npz,1018,7,0.0,0.0,0,0.8407960199004976
main_F4_P050_Z0_N0.npz,1019,2,0.0,0.0,0,0.8407960199004976
main_F4_P050_Z0_N0.npz,1019,3,0.0,0.0,0,0.8407960199004976
main_F4_P050_Z0_N0.npz,1019,7,0.0,0.0,0,0.8407960199004976
main_F4_P050_Z0_N0.npz,1020,2,0.0,0.0,0,0.8407960199004976
main_F4_P050_Z0_N0.npz,1020,3,0.0,0.0,0,0.8407960199004976
main_F4_P050_Z0_N0.npz,1020,7,0.0,0.0,0,0.8407960199004976
main_F4_P050_Z0_N0.npz,1021,2,0.0,0.0,0,0.8407960199004976
main_F4_P050_Z0_N0.npz,1021,3,0.0,0.0,0,0.8407960199004976
main_F4_P050_Z0_N0.npz,1021,7,0.0,0.0,0,0.8407960199004976
main_F4_P050_Z0_N0.npz,1022,2,0.0,0.0,0,0.8407960199004976
main_F4_P050_Z0_N0.npz,1022,3,0.0,0.0,0,0.8407960199004976
main_F4_P050_Z0_N0.npz,1022,7,0.0,0.0,0,0.8407960199004976
main_F4_P050_Z0_N0.npz,1023,2,0.0,0.0,0,0.8407960199004976
main_F4_P050_Z0_N0.npz,1023,3,0.0,0.0,0,0.8407960199004976
main_F4_P050_Z0_N0.npz,1023,7,0.0,0.0,0,0.8407960199004976
main_F4_P050_Z0_N0.npz,1024,2,0.0,0.0,0,0.8407960199004976
main_F4_P050_Z0_N0.npz,1024,3,0.0,0.0,0,0.8407960199004976
main_F4_P050_Z0_N0.npz,1024,7,0.0,0.0,0,0.8407960199004976
main_F4_P050_Z0_N0.npz,1025,2,0.0,0.0,0,0.8407960199004976
main_F4_P050_Z0_N0.npz,1025,3,0.0,0.0,0,0.8407960199004976
main_F4_P050_Z0_N0.npz,1025,7,0.0,0.0,0,0.8407960199004976
main_F4_P050_Z0_N0.npz,1026,2,0.0,0.0,0,0.8407960199004976
main_F4_P050_Z0_N0.npz,1026,3,0.0,0.0,0,0.8407960199004976
main_F4_P050_Z0_N0.npz,1026,7,0.0,0.0,0,0.8407960199004976
main_F4_P050_Z0_N0.npz,1027,2,0.0,0.0,0,0.8407960199004976
main_F4_P050_Z0_N0.npz,1027,3,0.0,0.0,0,0.8407960199004976
main_F4_P050_Z0_N0.npz,1027,7,0.0,0.0,0,0.8407960199004976
main_F4_P050_Z0_N0.npz,1028,2,0.0,0.0,0,0.8407960199004976
main_F4_P050_Z0_N0.npz,1028,3,0.0,0.0,0,0.8407960199004976
main_F4_P050_Z0_N0.npz,1028,7,0.0,0.0,0,0.8407960199004976
main_F4_P050_Z0_N0.npz,1029,2,0.0,0.0,0,0.8407960199004976
main_F4_P050_Z0_N0.npz,1029,3,0.0,0.0,0,0.8407960199004976
main_F4_P050_Z0_N0.npz,1029,7,0.0,0.0,0,0.8407960199004976
main_F4_P050_Z1_N0.npz,1000,2,0.0,0.0,0,0.8407960199004976
main_F4_P050_Z1_N0.npz,1000,3,0.0,0.0,0,0.8407960199004976
main_F4_P050_Z1_N0.npz,1000,7,0.0,0.0,0,0.8407960199004976
main_F4_P050_Z1_N0.npz,1001,2,0.0,0.0,0,0.8407960199004976
main_F4_P050_Z1_N0.npz,1001,3,0.0,0.0,0,0.8407960199004976
main_F4_P050_Z1_N0.npz,1001,7,0.0,0.0,0,0.8407960199004976
main_F4_P050_Z1_N0.npz,1002,2,0.0,0.0,0,0.8407960199004976
main_F4_P050_Z1_N0.npz,1002,3,0.0,0.0,0,0.8407960199004976
main_F4_P050_Z1_N0.npz,1002,7,0.0,0.0,0,0.8407960199004976
main_F4_P050_Z1_N0.npz,1003,2,0.0,0.0,0,0.8407960199004976
main_F4_P050_Z1_N0.npz,1003,3,0.0,0.0,0,0.8407960199004976
main_F4_P050_Z1_N0.npz,1003,7,0.0,0.0,0,0.8407960199004976
main_F4_P050_Z1_N0.npz,1004,2,0.0,0.0,0,0.8407960199004976
main_F4_P050_Z1_N0.npz,1004,3,0.0,0.0,0,0.8407960199004976
main_F4_P050_Z1_N0.npz,1004,7,0.0,0.0,0,0.8407960199004976
main_F4_P050_Z1_N0.npz,1005,2,0.0,0.0,0,0.8407960199004976
main_F4_P050_Z1_N0.npz,1005,3,0.0,0.0,0,0.8407960199004976
main_F4_P050_Z1_N0.npz,1005,7,0.0,0.0,0,0.8407960199004976
main_F4_P050_Z1_N0.npz,1006,2,0.0,0.0,0,0.8407960199004976
main_F4_P050_Z1_N0.npz,1006,3,0.0,0.0,0,0.8407960199004976
main_F4_P050_Z1_N0.npz,1006,7,0.0,0.0,0,0.8407960199004976
main_F4_P050_Z1_N0.npz,1007,2,0.0,0.0,0,0.8407960199004976
main_F4_P050_Z1_N0.npz,1007,3,0.0,0.0,0,0.8407960199004976
main_F4_P050_Z1_N0.npz,1007,7,0.0,0.0,0,0.8407960199004976
main_F4_P050_Z1_N0.npz,1008,2,0.0,0.0,0,0.8407960199004976
main_F4_P050_Z1_N0.npz,1008,3,0.0,0.0,0,0.8407960199004976
main_F4_P050_Z1_N0.npz,1008,7,0.0,0.0,0,0.8407960199004976
main_F4_P050_Z1_N0.npz,1009,2,0.0,0.0,0,0.8407960199004976
main_F4_P050_Z1_N0.npz,1009,3,0.0,0.0,0,0.8407960199004976
main_F4_P050_Z1_N0.npz,1009,7,0.0,0.0,0,0.8407960199004976
main_F4_P050_Z1_N0.npz,1010,2,0.0,0.0,0,0.8407960199004976
main_F4_P050_Z1_N0.npz,1010,3,0.0,0.0,0,0.8407960199004976
main_F4_P050_Z1_N0.npz,1010,7,0.0,0.0,0,0.8407960199004976
main_F4_P050_Z1_N0.npz,1011,2,0.0,0.0,0,0.8407960199004976
main_F4_P050_Z1_N0.npz,1011,3,0.0,0.0,0,0.8407960199004976
main_F4_P050_Z1_N0.npz,1011,7,0.0,0.0,0,0.8407960199004976
main_F4_P050_Z1_N0.npz,1012,2,0.0,0.0,0,0.8407960199004976
main_F4_P050_Z1_N0.npz,1012,3,0.0,0.0,0,0.8407960199004976
main_F4_P050_Z1_N0.npz,1012,7,0.0,0.0,0,0.8407960199004976
main_F4_P050_Z1_N0.npz,1013,2,0.0,0.0,0,0.8407960199004976
main_F4_P050_Z1_N0.npz,1013,3,0.0,0.0,0,0.8407960199004976
main_F4_P050_Z1_N0.npz,1013,7,0.0,0.0,0,0.8407960199004976
main_F4_P050_Z1_N0.npz,1014,2,0.0,0.0,0,0.8407960199004976
main_F4_P050_Z1_N0.npz,1014,3,0.0,0.0,0,0.8407960199004976
main_F4_P050_Z1_N0.npz,1014,7,0.0,0.0,0,0.8407960199004976
main_F4_P050_Z1_N0.npz,1015,2,0.0,0.0,0,0.8407960199004976
main_F4_P050_Z1_N0.npz,1015,3,0.0,0.0,0,0.8407960199004976
main_F4_P050_Z1_N0.npz,1015,7,0.0,0.0,0,0.8407960199004976
main_F4_P050_Z1_N0.npz,1016,2,0.0,0.0,0,0.8407960199004976
main_F4_P050_Z1_N0.npz,1016,3,0.0,0.0,0,0.8407960199004976
main_F4_P050_Z1_N0.npz,1016,7,0.0,0.0,0,0.8407960199004976
main_F4_P050_Z1_N0.npz,1017,2,0.0,0.0,0,0.8407960199004976
main_F4_P050_Z1_N0.npz,1017,3,0.0,0.0,0,0.8407960199004976
main_F4_P050_Z1_N0.npz,1017,7,0.0,0.0,0,0.8407960199004976
main_F4_P050_Z1_N0.npz,1018,2,0.0,0.0,0,0.8407960199004976
main_F4_P050_Z1_N0.npz,1018,3,0.0,0.0,0,0.8407960199004976
main_F4_P050_Z1_N0.npz,1018,7,0.0,0.0,0,0.8407960199004976
main_F4_P050_Z1_N0.npz,1019,2,0.0,0.0,0,0.8407960199004976
main_F4_P050_Z1_N0.npz,1019,3,0.0,0.0,0,0.8407960199004976
main_F4_P050_Z1_N0.npz,1019,7,0.0,0.0,0,0.8407960199004976
main_F4_P050_Z1_N0.npz,1020,2,0.0,0.0,0,0.8407960199004976
main_F4_P050_Z1_N0.npz,1020,3,0.0,0.0,0,0.8407960199004976
main_F4_P050_Z1_N0.npz,1020,7,0.0,0.0,0,0.8407960199004976
main_F4_P050_Z1_N0.npz,1021,2,0.0,0.0,0,0.8407960199004976
main_F4_P050_Z1_N0.npz,1021,3,0.0,0.0,0,0.8407960199004976
main_F4_P050_Z1_N0.npz,1021,7,0.0,0.0,0,0.8407960199004976
main_F4_P050_Z1_N0.npz,1022,2,0.0,0.0,0,0.8407960199004976
main_F4_P050_Z1_N0.npz,1022,3,0.0,0.0,0,0.8407960199004976
main_F4_P050_Z1_N0.npz,1022,7,0.0,0.0,0,0.8407960199004976
main_F4_P050_Z1_N0.npz,1023,2,0.0,0.0,0,0.8407960199004976
main_F4_P050_Z1_N0.npz,1023,3,0.0,0.0,0,0.8407960199004976
main_F4_P050_Z1_N0.npz,1023,7,0.0,0.0,0,0.8407960199004976
main_F4_P050_Z1_N0.npz,1024,2,0.0,0.0,0,0.8407960199004976
main_F4_P050_Z1_N0.npz,1024,3,0.0,0.0,0,0.8407960199004976
main_F4_P050_Z1_N0.npz,1024,7,0.0,0.0,0,0.8407960199004976
main_F4_P050_Z1_N0.npz,1025,2,0.0,0.0,0,0.8407960199004976
main_F4_P050_Z1_N0.npz,1025,3,0.0,0.0,0,0.8407960199004976
main_F4_P050_Z1_N0.npz,1025,7,0.0,0.0,0,0.8407960199004976
main_F4_P050_Z1_N0.npz,1026,2,0.0,0.0,0,0.8407960199004976
main_F4_P050_Z1_N0.npz,1026,3,0.0,0.0,0,0.8407960199004976
main_F4_P050_Z1_N0.npz,1026,7,0.0,0.0,0,0.8407960199004976
main_F4_P050_Z1_N0.npz,1027,2,0.0,0.0,0,0.8407960199004976
main_F4_P050_Z1_N0.npz,1027,3,0.0,0.0,0,0.8407960199004976
main_F4_P050_Z1_N0.npz,1027,7,0.0,0.0,0,0.8407960199004976
main_F4_P050_Z1_N0.npz,1028,2,-0.003449599761424338,0.00031254291534424383,0,0.8407960199004976
main_F4_P050_Z1_N0.npz,1028,3,-0.0030410623523025038,0.0003147745132446311,0,0.8407960199004976
main_F4_P050_Z1_N0.npz,1028,7,-0.0028489160136846436,0.0003142833709716686,0,0.8407960199004976
main_F4_P050_Z1_N0.npz,1029,2,0.0,0.0,0,0.8407960199004976
main_F4_P050_Z1_N0.npz,1029,3,0.0,0.0,0,0.8407960199004976
main_F4_P050_Z1_N0.npz,1029,7,0.0,0.0,0,0.8407960199004976
main_F4_P050_Z2_N0.npz,1000,2,0.0,0.0,0,0.8407960199004976
main_F4_P050_Z2_N0.npz,1000,3,0.0,0.0,0,0.8407960199004976
main_F4_P050_Z2_N0.npz,1000,7,0.0,0.0,0,0.8407960199004976
main_F4_P050_Z2_N0.npz,1001,2,0.0,0.0,0,0.8407960199004976
main_F4_P050_Z2_N0.npz,1001,3,0.0,0.0,0,0.8407960199004976
main_F4_P050_Z2_N0.npz,1001,7,0.0,0.0,0,0.8407960199004976
main_F4_P050_Z2_N0.npz,1002,2,0.0,0.0,0,0.8407960199004976
main_F4_P050_Z2_N0.npz,1002,3,0.0,0.0,0,0.8407960199004976
main_F4_P050_Z2_N0.npz,1002,7,0.0,0.0,0,0.8407960199004976
main_F4_P050_Z2_N0.npz,1003,2,0.0,0.0,0,0.8407960199004976
main_F4_P050_Z2_N0.npz,1003,3,0.0,0.0,0,0.8407960199004976
main_F4_P050_Z2_N0.npz,1003,7,0.0,0.0,0,0.8407960199004976
main_F4_P050_Z2_N0.npz,1004,2,0.001313041644722901,-0.00031254291534424383,0,0.8407960199004976
main_F4_P050_Z2_N0.npz,1004,3,0.0012797625799247925,-0.0003125429153442716,0,0.8407960199004976
main_F4_P050_Z2_N0.npz,1004,7,0.0012538647810558246,-0.0003125429153442161,0,0.8407960199004976
main_F4_P050_Z2_N0.npz,1005,2,0.0,0.0,0,0.8407960199004976
main_F4_P050_Z2_N0.npz,1005,3,0.0,0.0,0,0.8407960199004976
main_F4_P050_Z2_N0.npz,1005,7,0.0,0.0,0,0.8407960199004976
main_F4_P050_Z2_N0.npz,1006,2,0.0,0.0,0,0.8407960199004976
main_F4_P050_Z2_N0.npz,1006,3,0.0,0.0,0,0.8407960199004976
main_F4_P050_Z2_N0.npz,1006,7,0.0,0.0,0,0.8407960199004976
main_F4_P050_Z2_N0.npz,1007,2,0.0,0.0,0,0.8407960199004976
main_F4_P050_Z2_N0.npz,1007,3,0.0,0.0,0,0.8407960199004976
main_F4_P050_Z2_N0.npz,1007,7,0.0,0.0,0,0.8407960199004976
main_F4_P050_Z2_N0.npz,1008,2,0.0,0.0,0,0.8407960199004976
main_F4_P050_Z2_N0.npz,1008,3,0.0,0.0,0,0.8407960199004976
main_F4_P050_Z2_N0.npz,1008,7,0.0,0.0,0,0.8407960199004976
main_F4_P050_Z2_N0.npz,1009,2,0.0,0.0,0,0.8407960199004976
main_F4_P050_Z2_N0.npz,1009,3,0.0,0.0,0,0.8407960199004976
main_F4_P050_Z2_N0.npz,1009,7,0.0,0.0,0,0.8407960199004976
main_F4_P050_Z2_N0.npz,1010,2,0.0,0.0,0,0.8407960199004976
main_F4_P050_Z2_N0.npz,1010,3,0.0,0.0,0,0.8407960199004976
main_F4_P050_Z2_N0.npz,1010,7,0.0,0.0,0,0.8407960199004976
main_F4_P050_Z2_N0.npz,1011,2,0.0,0.0,0,0.8407960199004976
main_F4_P050_Z2_N0.npz,1011,3,0.0,0.0,0,0.8407960199004976
main_F4_P050_Z2_N0.npz,1011,7,0.0,0.0,0,0.8407960199004976
main_F4_P050_Z2_N0.npz,1012,2,0.0,0.0,0,0.8407960199004976
main_F4_P050_Z2_N0.npz,1012,3,0.0,0.0,0,0.8407960199004976
main_F4_P050_Z2_N0.npz,1012,7,0.0,0.0,0,0.8407960199004976
main_F4_P050_Z2_N0.npz,1013,2,0.0,0.0,0,0.8407960199004976
main_F4_P050_Z2_N0.npz,1013,3,0.0,0.0,0,0.8407960199004976
main_F4_P050_Z2_N0.npz,1013,7,0.0,0.0,0,0.8407960199004976
main_F4_P050_Z2_N0.npz,1014,2,0.0,0.0,0,0.8407960199004976
main_F4_P050_Z2_N0.npz,1014,3,0.0,0.0,0,0.8407960199004976
main_F4_P050_Z2_N0.npz,1014,7,0.0,0.0,0,0.8407960199004976
main_F4_P050_Z2_N0.npz,1015,2,0.0,0.0,0,0.8407960199004976
main_F4_P050_Z2_N0.npz,1015,3,0.0,0.0,0,0.8407960199004976
main_F4_P050_Z2_N0.npz,1015,7,0.0,0.0,0,0.8407960199004976
main_F4_P050_Z2_N0.npz,1016,2,0.0,0.0,0,0.8407960199004976
main_F4_P050_Z2_N0.npz,1016,3,0.0,0.0,0,0.8407960199004976
main_F4_P050_Z2_N0.npz,1016,7,0.0,0.0,0,0.8407960199004976
main_F4_P050_Z2_N0.npz,1017,2,0.0,0.0,0,0.8407960199004976
main_F4_P050_Z2_N0.npz,1017,3,0.0,0.0,0,0.8407960199004976
main_F4_P050_Z2_N0.npz,1017,7,0.0,0.0,0,0.8407960199004976
main_F4_P050_Z2_N0.npz,1018,2,0.0,0.0,0,0.8407960199004976
main_F4_P050_Z2_N0.npz,1018,3,0.0,0.0,0,0.8407960199004976
main_F4_P050_Z2_N0.npz,1018,7,0.0,0.0,0,0.8407960199004976
main_F4_P050_Z2_N0.npz,1019,2,0.0,0.0,0,0.8407960199004976
main_F4_P050_Z2_N0.npz,1019,3,0.0,0.0,0,0.8407960199004976
main_F4_P050_Z2_N0.npz,1019,7,0.0,0.0,0,0.8407960199004976
main_F4_P050_Z2_N0.npz,1020,2,0.0,0.0,0,0.8407960199004976
main_F4_P050_Z2_N0.npz,1020,3,0.0,0.0,0,0.8407960199004976
main_F4_P050_Z2_N0.npz,1020,7,0.0,0.0,0,0.8407960199004976
main_F4_P050_Z2_N0.npz,1021,2,0.0,0.0,0,0.8407960199004976
main_F4_P050_Z2_N0.npz,1021,3,0.0,0.0,0,0.8407960199004976
main_F4_P050_Z2_N0.npz,1021,7,0.0,0.0,0,0.8407960199004976
main_F4_P050_Z2_N0.npz,1022,2,0.0,0.0,0,0.8407960199004976
main_F4_P050_Z2_N0.npz,1022,3,0.0,0.0,0,0.8407960199004976
main_F4_P050_Z2_N0.npz,1022,7,0.0,0.0,0,0.8407960199004976
main_F4_P050_Z2_N0.npz,1023,2,0.0,0.0,0,0.8407960199004976
main_F4_P050_Z2_N0.npz,1023,3,0.0,0.0,0,0.8407960199004976
main_F4_P050_Z2_N0.npz,1023,7,0.0,0.0,0,0.8407960199004976
main_F4_P050_Z2_N0.npz,1024,2,0.0,0.0,0,0.8407960199004976
main_F4_P050_Z2_N0.npz,1024,3,0.0,0.0,0,0.8407960199004976
main_F4_P050_Z2_N0.npz,1024,7,0.0,0.0,0,0.8407960199004976
main_F4_P050_Z2_N0.npz,1025,2,0.0,0.0,0,0.8407960199004976
main_F4_P050_Z2_N0.npz,1025,3,0.0,0.0,0,0.8407960199004976
main_F4_P050_Z2_N0.npz,1025,7,0.0,0.0,0,0.8407960199004976
main_F4_P050_Z2_N0.npz,1026,2,0.0,0.0,0,0.8407960199004976
main_F4_P050_Z2_N0.npz,1026,3,0.0,0.0,0,0.8407960199004976
main_F4_P050_Z2_N0.npz,1026,7,0.0,0.0,0,0.8407960199004976
main_F4_P050_Z2_N0.npz,1027,2,0.0,0.0,0,0.8407960199004976
main_F4_P050_Z2_N0.npz,1027,3,0.0,0.0,0,0.8407960199004976
main_F4_P050_Z2_N0.npz,1027,7,0.0,0.0,0,0.8407960199004976
main_F4_P050_Z2_N0.npz,1028,2,0.0,0.0,0,0.8407960199004976
main_F4_P050_Z2_N0.npz,1028,3,0.0,0.0,0,0.8407960199004976
main_F4_P050_Z2_N0.npz,1028,7,0.0,0.0,0,0.8407960199004976
main_F4_P050_Z2_N0.npz,1029,2,0.0,0.0,0,0.8407960199004976
main_F4_P050_Z2_N0.npz,1029,3,0.0,0.0,0,0.8407960199004976
main_F4_P050_Z2_N0.npz,1029,7,0.0,0.0,0,0.8407960199004976
main_F4_P100_Z0_N0.npz,1000,2,0.0,0.0,0,0.8407960199004976
main_F4_P100_Z0_N0.npz,1000,3,0.0,0.0,0,0.8407960199004976
main_F4_P100_Z0_N0.npz,1000,7,0.0,0.0,0,0.8407960199004976
main_F4_P100_Z0_N0.npz,1001,2,0.0,0.0,0,0.8407960199004976
main_F4_P100_Z0_N0.npz,1001,3,0.0,0.0,0,0.8407960199004976
main_F4_P100_Z0_N0.npz,1001,7,0.0,0.0,0,0.8407960199004976
main_F4_P100_Z0_N0.npz,1002,2,0.0,0.0,0,0.8407960199004976
main_F4_P100_Z0_N0.npz,1002,3,0.0,0.0,0,0.8407960199004976
main_F4_P100_Z0_N0.npz,1002,7,0.0,0.0,0,0.8407960199004976
main_F4_P100_Z0_N0.npz,1003,2,0.0,0.0,0,0.8407960199004976
main_F4_P100_Z0_N0.npz,1003,3,0.0,0.0,0,0.8407960199004976
main_F4_P100_Z0_N0.npz,1003,7,0.0,0.0,0,0.8407960199004976
main_F4_P100_Z0_N0.npz,1004,2,0.0,0.0,0,0.8407960199004976
main_F4_P100_Z0_N0.npz,1004,3,0.0,0.0,0,0.8407960199004976
main_F4_P100_Z0_N0.npz,1004,7,0.0,0.0,0,0.8407960199004976
main_F4_P100_Z0_N0.npz,1005,2,0.0,0.0,0,0.8407960199004976
main_F4_P100_Z0_N0.npz,1005,3,0.0,0.0,0,0.8407960199004976
main_F4_P100_Z0_N0.npz,1005,7,0.0,0.0,0,0.8407960199004976
main_F4_P100_Z0_N0.npz,1006,2,0.0,0.0,0,0.8407960199004976
main_F4_P100_Z0_N0.npz,1006,3,0.0,0.0,0,0.8407960199004976
main_F4_P100_Z0_N0.npz,1006,7,0.0,0.0,0,0.8407960199004976
main_F4_P100_Z0_N0.npz,1007,2,0.0,0.0,0,0.8407960199004976
main_F4_P100_Z0_N0.npz,1007,3,0.0,0.0,0,0.8407960199004976
main_F4_P100_Z0_N0.npz,1007,7,0.0,0.0,0,0.8407960199004976
main_F4_P100_Z0_N0.npz,1008,2,0.0,0.0,0,0.8407960199004976
main_F4_P100_Z0_N0.npz,1008,3,0.0,0.0,0,0.8407960199004976
main_F4_P100_Z0_N0.npz,1008,7,0.0,0.0,0,0.8407960199004976
main_F4_P100_Z0_N0.npz,1009,2,0.0,0.0,0,0.8407960199004976
main_F4_P100_Z0_N0.npz,1009,3,0.0,0.0,0,0.8407960199004976
main_F4_P100_Z0_N0.npz,1009,7,0.0,0.0,0,0.8407960199004976
main_F4_P100_Z0_N0.npz,1010,2,0.0,0.0,0,0.8407960199004976
main_F4_P100_Z0_N0.npz,1010,3,0.0,0.0,0,0.8407960199004976
main_F4_P100_Z0_N0.npz,1010,7,0.0,0.0,0,0.8407960199004976
main_F4_P100_Z0_N0.npz,1011,2,0.0,0.0,0,0.8407960199004976
main_F4_P100_Z0_N0.npz,1011,3,0.0,0.0,0,0.8407960199004976
main_F4_P100_Z0_N0.npz,1011,7,0.0,0.0,0,0.8407960199004976
main_F4_P100_Z0_N0.npz,1012,2,0.0,0.0,0,0.8407960199004976
main_F4_P100_Z0_N0.npz,1012,3,0.0,0.0,0,0.8407960199004976
main_F4_P100_Z0_N0.npz,1012,7,0.0,0.0,0,0.8407960199004976
main_F4_P100_Z0_N0.npz,1013,2,0.0,0.0,0,0.8407960199004976
main_F4_P100_Z0_N0.npz,1013,3,0.0,0.0,0,0.8407960199004976
main_F4_P100_Z0_N0.npz,1013,7,0.0,0.0,0,0.8407960199004976
main_F4_P100_Z0_N0.npz,1014,2,0.0,0.0,0,0.8407960199004976
main_F4_P100_Z0_N0.npz,1014,3,0.0,0.0,0,0.8407960199004976
main_F4_P100_Z0_N0.npz,1014,7,0.0,0.0,0,0.8407960199004976
main_F4_P100_Z0_N0.npz,1015,2,0.0,0.0,0,0.8407960199004976
main_F4_P100_Z0_N0.npz,1015,3,0.0,0.0,0,0.8407960199004976
main_F4_P100_Z0_N0.npz,1015,7,0.0,0.0,0,0.8407960199004976
main_F4_P100_Z0_N0.npz,1016,2,0.0,0.0,0,0.8407960199004976
main_F4_P100_Z0_N0.npz,1016,3,0.0,0.0,0,0.8407960199004976
main_F4_P100_Z0_N0.npz,1016,7,0.0,0.0,0,0.8407960199004976
main_F4_P100_Z0_N0.npz,1017,2,0.0,0.0,0,0.8407960199004976
main_F4_P100_Z0_N0.npz,1017,3,0.0,0.0,0,0.8407960199004976
main_F4_P100_Z0_N0.npz,1017,7,0.0,0.0,0,0.8407960199004976
main_F4_P100_Z0_N0.npz,1018,2,0.0,0.0,0,0.8407960199004976
main_F4_P100_Z0_N0.npz,1018,3,0.0,0.0,0,0.8407960199004976
main_F4_P100_Z0_N0.npz,1018,7,0.0,0.0,0,0.8407960199004976
main_F4_P100_Z0_N0.npz,1019,2,0.0,0.0,0,0.8407960199004976
main_F4_P100_Z0_N0.npz,1019,3,0.0,0.0,0,0.8407960199004976
main_F4_P100_Z0_N0.npz,1019,7,0.0,0.0,0,0.8407960199004976
main_F4_P100_Z0_N0.npz,1020,2,0.0,0.0,0,0.8407960199004976
main_F4_P100_Z0_N0.npz,1020,3,0.0,0.0,0,0.8407960199004976
main_F4_P100_Z0_N0.npz,1020,7,0.0,0.0,0,0.8407960199004976
main_F4_P100_Z0_N0.npz,1021,2,0.0,0.0,0,0.8407960199004976
main_F4_P100_Z0_N0.npz,1021,3,0.0,0.0,0,0.8407960199004976
main_F4_P100_Z0_N0.npz,1021,7,0.0,0.0,0,0.8407960199004976
main_F4_P100_Z0_N0.npz,1022,2,0.0,0.0,0,0.8407960199004976
main_F4_P100_Z0_N0.npz,1022,3,0.0,0.0,0,0.8407960199004976
main_F4_P100_Z0_N0.npz,1022,7,0.0,0.0,0,0.8407960199004976
main_F4_P100_Z0_N0.npz,1023,2,0.0,0.0,0,0.8407960199004976
main_F4_P100_Z0_N0.npz,1023,3,0.0,0.0,0,0.8407960199004976
main_F4_P100_Z0_N0.npz,1023,7,0.0,0.0,0,0.8407960199004976
main_F4_P100_Z0_N0.npz,1024,2,0.0,0.0,0,0.8407960199004976
main_F4_P100_Z0_N0.npz,1024,3,0.0,0.0,0,0.8407960199004976
main_F4_P100_Z0_N0.npz,1024,7,0.0,0.0,0,0.8407960199004976
main_F4_P100_Z0_N0.npz,1025,2,0.0,0.0,0,0.8407960199004976
main_F4_P100_Z0_N0.npz,1025,3,0.0,0.0,0,0.8407960199004976
main_F4_P100_Z0_N0.npz,1025,7,0.0,0.0,0,0.8407960199004976
main_F4_P100_Z0_N0.npz,1026,2,0.0,0.0,0,0.8407960199004976
main_F4_P100_Z0_N0.npz,1026,3,0.0,0.0,0,0.8407960199004976
main_F4_P100_Z0_N0.npz,1026,7,0.0,0.0,0,0.8407960199004976
main_F4_P100_Z0_N0.npz,1027,2,0.0,0.0,0,0.8407960199004976
main_F4_P100_Z0_N0.npz,1027,3,0.0,0.0,0,0.8407960199004976
main_F4_P100_Z0_N0.npz,1027,7,0.0,0.0,0,0.8407960199004976
main_F4_P100_Z0_N0.npz,1028,2,0.0,0.0,0,0.8407960199004976
main_F4_P100_Z0_N0.npz,1028,3,0.0,0.0,0,0.8407960199004976
main_F4_P100_Z0_N0.npz,1028,7,0.0,0.0,0,0.8407960199004976
main_F4_P100_Z0_N0.npz,1029,2,0.0,0.0,0,0.8407960199004976
main_F4_P100_Z0_N0.npz,1029,3,0.0,0.0,0,0.8407960199004976
main_F4_P100_Z0_N0.npz,1029,7,0.0,0.0,0,0.8407960199004976
main_F4_P100_Z1_N0.npz,1000,2,0.0,0.0,0,0.8407960199004976
main_F4_P100_Z1_N0.npz,1000,3,0.0,0.0,0,0.8407960199004976
main_F4_P100_Z1_N0.npz,1000,7,0.0,0.0,0,0.8407960199004976
main_F4_P100_Z1_N0.npz,1001,2,0.0,0.0,0,0.8407960199004976
main_F4_P100_Z1_N0.npz,1001,3,0.0,0.0,0,0.8407960199004976
main_F4_P100_Z1_N0.npz,1001,7,0.0,0.0,0,0.8407960199004976
main_F4_P100_Z1_N0.npz,1002,2,0.0,0.0,0,0.8407960199004976
main_F4_P100_Z1_N0.npz,1002,3,0.0,0.0,0,0.8407960199004976
main_F4_P100_Z1_N0.npz,1002,7,0.0,0.0,0,0.8407960199004976
main_F4_P100_Z1_N0.npz,1003,2,0.0,0.0,0,0.8407960199004976
main_F4_P100_Z1_N0.npz,1003,3,0.0,0.0,0,0.8407960199004976
main_F4_P100_Z1_N0.npz,1003,7,0.0,0.0,0,0.8407960199004976
main_F4_P100_Z1_N0.npz,1004,2,0.0,0.0,0,0.8407960199004976
main_F4_P100_Z1_N0.npz,1004,3,0.0,0.0,0,0.8407960199004976
main_F4_P100_Z1_N0.npz,1004,7,0.0,0.0,0,0.8407960199004976
main_F4_P100_Z1_N0.npz,1005,2,0.0,0.0,0,0.8407960199004976
main_F4_P100_Z1_N0.npz,1005,3,0.0,0.0,0,0.8407960199004976
main_F4_P100_Z1_N0.npz,1005,7,0.0,0.0,0,0.8407960199004976
main_F4_P100_Z1_N0.npz,1006,2,0.0,0.0,0,0.8407960199004976
main_F4_P100_Z1_N0.npz,1006,3,0.0,0.0,0,0.8407960199004976
main_F4_P100_Z1_N0.npz,1006,7,0.0,0.0,0,0.8407960199004976
main_F4_P100_Z1_N0.npz,1007,2,0.0,0.0,0,0.8407960199004976
main_F4_P100_Z1_N0.npz,1007,3,0.0,0.0,0,0.8407960199004976
main_F4_P100_Z1_N0.npz,1007,7,0.0,0.0,0,0.8407960199004976
main_F4_P100_Z1_N0.npz,1008,2,0.0,0.0,0,0.8407960199004976
main_F4_P100_Z1_N0.npz,1008,3,0.0,0.0,0,0.8407960199004976
main_F4_P100_Z1_N0.npz,1008,7,0.0,0.0,0,0.8407960199004976
main_F4_P100_Z1_N0.npz,1009,2,0.0,0.0,0,0.8407960199004976
main_F4_P100_Z1_N0.npz,1009,3,0.0,0.0,0,0.8407960199004976
main_F4_P100_Z1_N0.npz,1009,7,0.0,0.0,0,0.8407960199004976
main_F4_P100_Z1_N0.npz,1010,2,0.0,0.0,0,0.8407960199004976
main_F4_P100_Z1_N0.npz,1010,3,0.0,0.0,0,0.8407960199004976
main_F4_P100_Z1_N0.npz,1010,7,0.0,0.0,0,0.8407960199004976
main_F4_P100_Z1_N0.npz,1011,2,0.0,0.0,0,0.8407960199004976
main_F4_P100_Z1_N0.npz,1011,3,0.0,0.0,0,0.8407960199004976
main_F4_P100_Z1_N0.npz,1011,7,0.0,0.0,0,0.8407960199004976
main_F4_P100_Z1_N0.npz,1012,2,0.0,0.0,0,0.8407960199004976
main_F4_P100_Z1_N0.npz,1012,3,0.0,0.0,0,0.8407960199004976
main_F4_P100_Z1_N0.npz,1012,7,0.0,0.0,0,0.8407960199004976
main_F4_P100_Z1_N0.npz,1013,2,0.0,0.0,0,0.8407960199004976
main_F4_P100_Z1_N0.npz,1013,3,0.0,0.0,0,0.8407960199004976
main_F4_P100_Z1_N0.npz,1013,7,0.0,0.0,0,0.8407960199004976
main_F4_P100_Z1_N0.npz,1014,2,0.0,0.0,0,0.8407960199004976
main_F4_P100_Z1_N0.npz,1014,3,0.0,0.0,0,0.8407960199004976
main_F4_P100_Z1_N0.npz,1014,7,0.0,0.0,0,0.8407960199004976
main_F4_P100_Z1_N0.npz,1015,2,0.0,0.0,0,0.8407960199004976
main_F4_P100_Z1_N0.npz,1015,3,0.0,0.0,0,0.8407960199004976
main_F4_P100_Z1_N0.npz,1015,7,0.0,0.0,0,0.8407960199004976
main_F4_P100_Z1_N0.npz,1016,2,0.0,0.0,0,0.8407960199004976
main_F4_P100_Z1_N0.npz,1016,3,0.0,0.0,0,0.8407960199004976
main_F4_P100_Z1_N0.npz,1016,7,0.0,0.0,0,0.8407960199004976
main_F4_P100_Z1_N0.npz,1017,2,0.0,0.0,0,0.8407960199004976
main_F4_P100_Z1_N0.npz,1017,3,0.0,0.0,0,0.8407960199004976
main_F4_P100_Z1_N0.npz,1017,7,0.0,0.0,0,0.8407960199004976
main_F4_P100_Z1_N0.npz,1018,2,0.0,0.0,0,0.8407960199004976
main_F4_P100_Z1_N0.npz,1018,3,0.0,0.0,0,0.8407960199004976
main_F4_P100_Z1_N0.npz,1018,7,0.0,0.0,0,0.8407960199004976
main_F4_P100_Z1_N0.npz,1019,2,0.0,0.0,0,0.8407960199004976
main_F4_P100_Z1_N0.npz,1019,3,0.0,0.0,0,0.8407960199004976
main_F4_P100_Z1_N0.npz,1019,7,0.0,0.0,0,0.8407960199004976
main_F4_P100_Z1_N0.npz,1020,2,0.0,0.0,0,0.8407960199004976
main_F4_P100_Z1_N0.npz,1020,3,0.0,0.0,0,0.8407960199004976
main_F4_P100_Z1_N0.npz,1020,7,0.0,0.0,0,0.8407960199004976
main_F4_P100_Z1_N0.npz,1021,2,0.0,0.0,0,0.8407960199004976
main_F4_P100_Z1_N0.npz,1021,3,0.0,0.0,0,0.8407960199004976
main_F4_P100_Z1_N0.npz,1021,7,0.0,0.0,0,0.8407960199004976
main_F4_P100_Z1_N0.npz,1022,2,0.0,0.0,0,0.8407960199004976
main_F4_P100_Z1_N0.npz,1022,3,0.0,0.0,0,0.8407960199004976
main_F4_P100_Z1_N0.npz,1022,7,0.0,0.0,0,0.8407960199004976
main_F4_P100_Z1_N0.npz,1023,2,0.0,0.0,0,0.8407960199004976
main_F4_P100_Z1_N0.npz,1023,3,0.0,0.0,0,0.8407960199004976
main_F4_P100_Z1_N0.npz,1023,7,0.0,0.0,0,0.8407960199004976
main_F4_P100_Z1_N0.npz,1024,2,0.0,0.0,0,0.8407960199004976
main_F4_P100_Z1_N0.npz,1024,3,0.0,0.0,0,0.8407960199004976
main_F4_P100_Z1_N0.npz,1024,7,0.0,0.0,0,0.8407960199004976
main_F4_P100_Z1_N0.npz,1025,2,0.0,0.0,0,0.8407960199004976
main_F4_P100_Z1_N0.npz,1025,3,0.0,0.0,0,0.8407960199004976
main_F4_P100_Z1_N0.npz,1025,7,0.0,0.0,0,0.8407960199004976
main_F4_P100_Z1_N0.npz,1026,2,0.0,0.0,0,0.8407960199004976
main_F4_P100_Z1_N0.npz,1026,3,0.0,0.0,0,0.8407960199004976
main_F4_P100_Z1_N0.npz,1026,7,0.0,0.0,0,0.8407960199004976
main_F4_P100_Z1_N0.npz,1027,2,0.0,0.0,0,0.8407960199004976
main_F4_P100_Z1_N0.npz,1027,3,0.0,0.0,0,0.8407960199004976
main_F4_P100_Z1_N0.npz,1027,7,0.0,0.0,0,0.8407960199004976
main_F4_P100_Z1_N0.npz,1028,2,0.0,0.0,0,0.8407960199004976
main_F4_P100_Z1_N0.npz,1028,3,0.0,0.0,0,0.8407960199004976
main_F4_P100_Z1_N0.npz,1028,7,0.0,0.0,0,0.8407960199004976
main_F4_P100_Z1_N0.npz,1029,2,0.0,0.0,0,0.8407960199004976
main_F4_P100_Z1_N0.npz,1029,3,0.0,0.0,0,0.8407960199004976
main_F4_P100_Z1_N0.npz,1029,7,0.0,0.0,0,0.8407960199004976
main_F4_P100_Z2_N0.npz,1000,2,0.0,0.0,0,0.8407960199004976
main_F4_P100_Z2_N0.npz,1000,3,0.0,0.0,0,0.8407960199004976
main_F4_P100_Z2_N0.npz,1000,7,0.0,0.0,0,0.8407960199004976
main_F4_P100_Z2_N0.npz,1001,2,0.0,0.0,0,0.8407960199004976
main_F4_P100_Z2_N0.npz,1001,3,0.0,0.0,0,0.8407960199004976
main_F4_P100_Z2_N0.npz,1001,7,0.0,0.0,0,0.8407960199004976
main_F4_P100_Z2_N0.npz,1002,2,0.0,0.0,0,0.8407960199004976
main_F4_P100_Z2_N0.npz,1002,3,0.0,0.0,0,0.8407960199004976
main_F4_P100_Z2_N0.npz,1002,7,0.0,0.0,0,0.8407960199004976
main_F4_P100_Z2_N0.npz,1003,2,0.0,0.0,0,0.8407960199004976
main_F4_P100_Z2_N0.npz,1003,3,0.0,0.0,0,0.8407960199004976
main_F4_P100_Z2_N0.npz,1003,7,0.0,0.0,0,0.8407960199004976
main_F4_P100_Z2_N0.npz,1004,2,0.0,0.0,0,0.8407960199004976
main_F4_P100_Z2_N0.npz,1004,3,0.0,0.0,0,0.8407960199004976
main_F4_P100_Z2_N0.npz,1004,7,0.0,0.0,0,0.8407960199004976
main_F4_P100_Z2_N0.npz,1005,2,0.0,0.0,0,0.8407960199004976
main_F4_P100_Z2_N0.npz,1005,3,0.0,0.0,0,0.8407960199004976
main_F4_P100_Z2_N0.npz,1005,7,0.0,0.0,0,0.8407960199004976
main_F4_P100_Z2_N0.npz,1006,2,0.0,0.0,0,0.8407960199004976
main_F4_P100_Z2_N0.npz,1006,3,0.0,0.0,0,0.8407960199004976
main_F4_P100_Z2_N0.npz,1006,7,0.0,0.0,0,0.8407960199004976
main_F4_P100_Z2_N0.npz,1007,2,0.0,0.0,0,0.8407960199004976
main_F4_P100_Z2_N0.npz,1007,3,0.0,0.0,0,0.8407960199004976
main_F4_P100_Z2_N0.npz,1007,7,0.0,0.0,0,0.8407960199004976
main_F4_P100_Z2_N0.npz,1008,2,0.0,0.0,0,0.8407960199004976
main_F4_P100_Z2_N0.npz,1008,3,0.0,0.0,0,0.8407960199004976
main_F4_P100_Z2_N0.npz,1008,7,0.0,0.0,0,0.8407960199004976
main_F4_P100_Z2_N0.npz,1009,2,0.0,0.0,0,0.8407960199004976
main_F4_P100_Z2_N0.npz,1009,3,0.0,0.0,0,0.8407960199004976
main_F4_P100_Z2_N0.npz,1009,7,0.0,0.0,0,0.8407960199004976
main_F4_P100_Z2_N0.npz,1010,2,0.0,0.0,0,0.8407960199004976
main_F4_P100_Z2_N0.npz,1010,3,0.0,0.0,0,0.8407960199004976
main_F4_P100_Z2_N0.npz,1010,7,0.0,0.0,0,0.8407960199004976
main_F4_P100_Z2_N0.npz,1011,2,0.0,0.0,0,0.8407960199004976
main_F4_P100_Z2_N0.npz,1011,3,0.0,0.0,0,0.8407960199004976
main_F4_P100_Z2_N0.npz,1011,7,0.0,0.0,0,0.8407960199004976
main_F4_P100_Z2_N0.npz,1012,2,0.0,0.0,0,0.8407960199004976
main_F4_P100_Z2_N0.npz,1012,3,0.0,0.0,0,0.8407960199004976
main_F4_P100_Z2_N0.npz,1012,7,0.0,0.0,0,0.8407960199004976
main_F4_P100_Z2_N0.npz,1013,2,0.0,0.0,0,0.8407960199004976
main_F4_P100_Z2_N0.npz,1013,3,0.0,0.0,0,0.8407960199004976
main_F4_P100_Z2_N0.npz,1013,7,0.0,0.0,0,0.8407960199004976
main_F4_P100_Z2_N0.npz,1014,2,0.0,0.0,0,0.8407960199004976
main_F4_P100_Z2_N0.npz,1014,3,0.0,0.0,0,0.8407960199004976
main_F4_P100_Z2_N0.npz,1014,7,0.0,0.0,0,0.8407960199004976
main_F4_P100_Z2_N0.npz,1015,2,0.0,0.0,0,0.8407960199004976
main_F4_P100_Z2_N0.npz,1015,3,0.0,0.0,0,0.8407960199004976
main_F4_P100_Z2_N0.npz,1015,7,0.0,0.0,0,0.8407960199004976
main_F4_P100_Z2_N0.npz,1016,2,0.0,0.0,0,0.8407960199004976
main_F4_P100_Z2_N0.npz,1016,3,0.0,0.0,0,0.8407960199004976
main_F4_P100_Z2_N0.npz,1016,7,0.0,0.0,0,0.8407960199004976
main_F4_P100_Z2_N0.npz,1017,2,0.0,0.0,0,0.8407960199004976
main_F4_P100_Z2_N0.npz,1017,3,0.0,0.0,0,0.8407960199004976
main_F4_P100_Z2_N0.npz,1017,7,0.0,0.0,0,0.8407960199004976
main_F4_P100_Z2_N0.npz,1018,2,0.0,0.0,0,0.8407960199004976
main_F4_P100_Z2_N0.npz,1018,3,0.0,0.0,0,0.8407960199004976
main_F4_P100_Z2_N0.npz,1018,7,0.0,0.0,0,0.8407960199004976
main_F4_P100_Z2_N0.npz,1019,2,0.0,0.0,0,0.8407960199004976
main_F4_P100_Z2_N0.npz,1019,3,0.0,0.0,0,0.8407960199004976
main_F4_P100_Z2_N0.npz,1019,7,0.0,0.0,0,0.8407960199004976
main_F4_P100_Z2_N0.npz,1020,2,0.0,0.0,0,0.8407960199004976
main_F4_P100_Z2_N0.npz,1020,3,0.0,0.0,0,0.8407960199004976
main_F4_P100_Z2_N0.npz,1020,7,0.0,0.0,0,0.8407960199004976
main_F4_P100_Z2_N0.npz,1021,2,0.0,0.0,0,0.8407960199004976
main_F4_P100_Z2_N0.npz,1021,3,0.0,0.0,0,0.8407960199004976
main_F4_P100_Z2_N0.npz,1021,7,0.0,0.0,0,0.8407960199004976
main_F4_P100_Z2_N0.npz,1022,2,0.0,0.0,0,0.8407960199004976
main_F4_P100_Z2_N0.npz,1022,3,0.0,0.0,0,0.8407960199004976
main_F4_P100_Z2_N0.npz,1022,7,0.0,0.0,0,0.8407960199004976
main_F4_P100_Z2_N0.npz,1023,2,0.0,0.0,0,0.8407960199004976
main_F4_P100_Z2_N0.npz,1023,3,0.0,0.0,0,0.8407960199004976
main_F4_P100_Z2_N0.npz,1023,7,0.0,0.0,0,0.8407960199004976
main_F4_P100_Z2_N0.npz,1024,2,0.0,0.0,0,0.8407960199004976
main_F4_P100_Z2_N0.npz,1024,3,0.0,0.0,0,0.8407960199004976
main_F4_P100_Z2_N0.npz,1024,7,0.0,0.0,0,0.8407960199004976
main_F4_P100_Z2_N0.npz,1025,2,0.0,0.0,0,0.8407960199004976
main_F4_P100_Z2_N0.npz,1025,3,0.0,0.0,0,0.8407960199004976
main_F4_P100_Z2_N0.npz,1025,7,0.0,0.0,0,0.8407960199004976
main_F4_P100_Z2_N0.npz,1026,2,-0.001416313172974526,0.00031242370605469305,0,0.8407960199004976
main_F4_P100_Z2_N0.npz,1026,3,0.0,0.0,0,0.8407960199004976
main_F4_P100_Z2_N0.npz,1026,7,0.0,0.0,0,0.8407960199004976
main_F4_P100_Z2_N0.npz,1027,2,0.0,0.0,0,0.8407960199004976
main_F4_P100_Z2_N0.npz,1027,3,0.0,0.0,0,0.8407960199004976
main_F4_P100_Z2_N0.npz,1027,7,0.0,0.0,0,0.8407960199004976
main_F4_P100_Z2_N0.npz,1028,2,0.0,0.0,0,0.8407960199004976
main_F4_P100_Z2_N0.npz,1028,3,0.0,0.0,0,0.8407960199004976
main_F4_P100_Z2_N0.npz,1028,7,0.0,0.0,0,0.8407960199004976
main_F4_P100_Z2_N0.npz,1029,2,0.0,0.0,0,0.8407960199004976
main_F4_P100_Z2_N0.npz,1029,3,0.0,0.0,0,0.8407960199004976
main_F4_P100_Z2_N0.npz,1029,7,0.0,0.0,0,0.8407960199004976
main_F5_P020_Z0_N0.npz,1000,2,0.0,0.0,0,0.8407960199004976
main_F5_P020_Z0_N0.npz,1000,3,0.0,0.0,0,0.8407960199004976
main_F5_P020_Z0_N0.npz,1000,7,0.0,0.0,0,0.8407960199004976
main_F5_P020_Z0_N0.npz,1001,2,0.0,0.0,0,0.8407960199004976
main_F5_P020_Z0_N0.npz,1001,3,0.0,0.0,0,0.8407960199004976
main_F5_P020_Z0_N0.npz,1001,7,0.0,0.0,0,0.8407960199004976
main_F5_P020_Z0_N0.npz,1002,2,0.0,0.0,0,0.8407960199004976
main_F5_P020_Z0_N0.npz,1002,3,0.0,0.0,0,0.8407960199004976
main_F5_P020_Z0_N0.npz,1002,7,0.0,0.0,0,0.8407960199004976
main_F5_P020_Z0_N0.npz,1003,2,0.0,0.0,0,0.8407960199004976
main_F5_P020_Z0_N0.npz,1003,3,0.0,0.0,0,0.8407960199004976
main_F5_P020_Z0_N0.npz,1003,7,0.0,0.0,0,0.8407960199004976
main_F5_P020_Z0_N0.npz,1004,2,0.0,0.0,0,0.8407960199004976
main_F5_P020_Z0_N0.npz,1004,3,0.0,0.0,0,0.8407960199004976
main_F5_P020_Z0_N0.npz,1004,7,0.0,0.0,0,0.8407960199004976
main_F5_P020_Z0_N0.npz,1005,2,0.0,0.0,0,0.8407960199004976
main_F5_P020_Z0_N0.npz,1005,3,0.0,0.0,0,0.8407960199004976
main_F5_P020_Z0_N0.npz,1005,7,0.0,0.0,0,0.8407960199004976
main_F5_P020_Z0_N0.npz,1006,2,0.0,0.0,0,0.8407960199004976
main_F5_P020_Z0_N0.npz,1006,3,0.0,0.0,0,0.8407960199004976
main_F5_P020_Z0_N0.npz,1006,7,0.0,0.0,0,0.8407960199004976
main_F5_P020_Z0_N0.npz,1007,2,0.0,0.0,0,0.8407960199004976
main_F5_P020_Z0_N0.npz,1007,3,0.0,0.0,0,0.8407960199004976
main_F5_P020_Z0_N0.npz,1007,7,0.0,0.0,0,0.8407960199004976
main_F5_P020_Z0_N0.npz,1008,2,0.0,0.0,0,0.8407960199004976
main_F5_P020_Z0_N0.npz,1008,3,0.0,0.0,0,0.8407960199004976
main_F5_P020_Z0_N0.npz,1008,7,0.0,0.0,0,0.8407960199004976
main_F5_P020_Z0_N0.npz,1009,2,0.0,0.0,0,0.8407960199004976
main_F5_P020_Z0_N0.npz,1009,3,0.0,0.0,0,0.8407960199004976
main_F5_P020_Z0_N0.npz,1009,7,0.0,0.0,0,0.8407960199004976
main_F5_P020_Z0_N0.npz,1010,2,0.0,0.0,0,0.8407960199004976
main_F5_P020_Z0_N0.npz,1010,3,0.0,0.0,0,0.8407960199004976
main_F5_P020_Z0_N0.npz,1010,7,0.0,0.0,0,0.8407960199004976
main_F5_P020_Z0_N0.npz,1011,2,0.0,0.0,0,0.8407960199004976
main_F5_P020_Z0_N0.npz,1011,3,0.0,0.0,0,0.8407960199004976
main_F5_P020_Z0_N0.npz,1011,7,0.0,0.0,0,0.8407960199004976
main_F5_P020_Z0_N0.npz,1012,2,0.0,0.0,0,0.8407960199004976
main_F5_P020_Z0_N0.npz,1012,3,0.0,0.0,0,0.8407960199004976
main_F5_P020_Z0_N0.npz,1012,7,0.0,0.0,0,0.8407960199004976
main_F5_P020_Z0_N0.npz,1013,2,0.0,0.0,0,0.8407960199004976
main_F5_P020_Z0_N0.npz,1013,3,0.0,0.0,0,0.8407960199004976
main_F5_P020_Z0_N0.npz,1013,7,0.0,0.0,0,0.8407960199004976
main_F5_P020_Z0_N0.npz,1014,2,0.0,0.0,0,0.8407960199004976
main_F5_P020_Z0_N0.npz,1014,3,0.0,0.0,0,0.8407960199004976
main_F5_P020_Z0_N0.npz,1014,7,0.0,0.0,0,0.8407960199004976
main_F5_P020_Z0_N0.npz,1015,2,0.0,0.0,0,0.8407960199004976
main_F5_P020_Z0_N0.npz,1015,3,0.0,0.0,0,0.8407960199004976
main_F5_P020_Z0_N0.npz,1015,7,0.0,0.0,0,0.8407960199004976
main_F5_P020_Z0_N0.npz,1016,2,0.0,0.0,0,0.8407960199004976
main_F5_P020_Z0_N0.npz,1016,3,0.0,0.0,0,0.8407960199004976
main_F5_P020_Z0_N0.npz,1016,7,0.0,0.0,0,0.8407960199004976
main_F5_P020_Z0_N0.npz,1017,2,0.0,0.0,0,0.8407960199004976
main_F5_P020_Z0_N0.npz,1017,3,0.0,0.0,0,0.8407960199004976
main_F5_P020_Z0_N0.npz,1017,7,0.0,0.0,0,0.8407960199004976
main_F5_P020_Z0_N0.npz,1018,2,0.0,0.0,0,0.8407960199004976
main_F5_P020_Z0_N0.npz,1018,3,0.0,0.0,0,0.8407960199004976
main_F5_P020_Z0_N0.npz,1018,7,0.0,0.0,0,0.8407960199004976
main_F5_P020_Z0_N0.npz,1019,2,0.0,0.0,0,0.8407960199004976
main_F5_P020_Z0_N0.npz,1019,3,0.0,0.0,0,0.8407960199004976
main_F5_P020_Z0_N0.npz,1019,7,0.0,0.0,0,0.8407960199004976
main_F5_P020_Z0_N0.npz,1020,2,4.5298157616002754e-05,0.00016596317291259904,0,0.8407960199004976
main_F5_P020_Z0_N0.npz,1020,3,0.0,0.0,0,0.8407960199004976
main_F5_P020_Z0_N0.npz,1020,7,0.0,0.0,0,0.8407960199004976
main_F5_P020_Z0_N0.npz,1021,2,0.0,0.0,0,0.8407960199004976
main_F5_P020_Z0_N0.npz,1021,3,0.0,0.0,0,0.8407960199004976
main_F5_P020_Z0_N0.npz,1021,7,0.0,0.0,0,0.8407960199004976
main_F5_P020_Z0_N0.npz,1022,2,0.0,0.0,0,0.8407960199004976
main_F5_P020_Z0_N0.npz,1022,3,0.0,0.0,0,0.8407960199004976
main_F5_P020_Z0_N0.npz,1022,7,0.0,0.0,0,0.8407960199004976
main_F5_P020_Z0_N0.npz,1023,2,0.0,0.0,0,0.8407960199004976
main_F5_P020_Z0_N0.npz,1023,3,0.0,0.0,0,0.8407960199004976
main_F5_P020_Z0_N0.npz,1023,7,0.0,0.0,0,0.8407960199004976
main_F5_P020_Z0_N0.npz,1024,2,0.0,0.0,0,0.8407960199004976
main_F5_P020_Z0_N0.npz,1024,3,0.0,0.0,0,0.8407960199004976
main_F5_P020_Z0_N0.npz,1024,7,0.0,0.0,0,0.8407960199004976
main_F5_P020_Z0_N0.npz,1025,2,0.0,0.0,0,0.8407960199004976
main_F5_P020_Z0_N0.npz,1025,3,0.0,0.0,0,0.8407960199004976
main_F5_P020_Z0_N0.npz,1025,7,0.0,0.0,0,0.8407960199004976
main_F5_P020_Z0_N0.npz,1026,2,0.0,0.0,0,0.8407960199004976
main_F5_P020_Z0_N0.npz,1026,3,0.0,0.0,0,0.8407960199004976
main_F5_P020_Z0_N0.npz,1026,7,0.0,0.0,0,0.8407960199004976
main_F5_P020_Z0_N0.npz,1027,2,0.0,0.0,0,0.8407960199004976
main_F5_P020_Z0_N0.npz,1027,3,0.0,0.0,0,0.8407960199004976
main_F5_P020_Z0_N0.npz,1027,7,0.0,0.0,0,0.8407960199004976
main_F5_P020_Z0_N0.npz,1028,2,7.989355042070656e-05,3.89099121093639e-05,0,0.8407960199004976
main_F5_P020_Z0_N0.npz,1028,3,0.0,0.0,0,0.8407960199004976
main_F5_P020_Z0_N0.npz,1028,7,0.016819081347975384,-0.003695249557495117,0,0.8407960199004976
main_F5_P020_Z0_N0.npz,1029,2,0.0,0.0,0,0.8407960199004976
main_F5_P020_Z0_N0.npz,1029,3,0.0,0.0,0,0.8407960199004976
main_F5_P020_Z0_N0.npz,1029,7,0.0,0.0,0,0.8407960199004976
main_F5_P020_Z1_N0.npz,1000,2,0.0,0.0,0,0.8407960199004976
main_F5_P020_Z1_N0.npz,1000,3,0.0,0.0,0,0.8407960199004976
main_F5_P020_Z1_N0.npz,1000,7,0.0,0.0,0,0.8407960199004976
main_F5_P020_Z1_N0.npz,1001,2,0.0,0.0,0,0.8407960199004976
main_F5_P020_Z1_N0.npz,1001,3,0.0,0.0,0,0.8407960199004976
main_F5_P020_Z1_N0.npz,1001,7,0.0,0.0,0,0.8407960199004976
main_F5_P020_Z1_N0.npz,1002,2,0.0,0.0,0,0.8407960199004976
main_F5_P020_Z1_N0.npz,1002,3,0.0,0.0,0,0.8407960199004976
main_F5_P020_Z1_N0.npz,1002,7,0.0,0.0,0,0.8407960199004976
main_F5_P020_Z1_N0.npz,1003,2,0.0,0.0,0,0.8407960199004976
main_F5_P020_Z1_N0.npz,1003,3,0.0,0.0,0,0.8407960199004976
main_F5_P020_Z1_N0.npz,1003,7,0.0,0.0,0,0.8407960199004976
main_F5_P020_Z1_N0.npz,1004,2,0.0,0.0,0,0.8407960199004976
main_F5_P020_Z1_N0.npz,1004,3,0.0,0.0,0,0.8407960199004976
main_F5_P020_Z1_N0.npz,1004,7,0.0,0.0,0,0.8407960199004976
main_F5_P020_Z1_N0.npz,1005,2,0.0,0.0,0,0.8407960199004976
main_F5_P020_Z1_N0.npz,1005,3,0.0,0.0,0,0.8407960199004976
main_F5_P020_Z1_N0.npz,1005,7,0.0,0.0,0,0.8407960199004976
main_F5_P020_Z1_N0.npz,1006,2,0.0,0.0,0,0.8407960199004976
main_F5_P020_Z1_N0.npz,1006,3,0.0,0.0,0,0.8407960199004976
main_F5_P020_Z1_N0.npz,1006,7,0.0,0.0,0,0.8407960199004976
main_F5_P020_Z1_N0.npz,1007,2,0.0,0.0,0,0.8407960199004976
main_F5_P020_Z1_N0.npz,1007,3,0.0,0.0,0,0.8407960199004976
main_F5_P020_Z1_N0.npz,1007,7,0.0,0.0,0,0.8407960199004976
main_F5_P020_Z1_N0.npz,1008,2,0.0,0.0,0,0.8407960199004976
main_F5_P020_Z1_N0.npz,1008,3,0.0,0.0,0,0.8407960199004976
main_F5_P020_Z1_N0.npz,1008,7,0.0,0.0,0,0.8407960199004976
main_F5_P020_Z1_N0.npz,1009,2,0.0,0.0,0,0.8407960199004976
main_F5_P020_Z1_N0.npz,1009,3,0.0,0.0,0,0.8407960199004976
main_F5_P020_Z1_N0.npz,1009,7,0.0,0.0,0,0.8407960199004976
main_F5_P020_Z1_N0.npz,1010,2,0.0,0.0,0,0.8407960199004976
main_F5_P020_Z1_N0.npz,1010,3,0.0,0.0,0,0.8407960199004976
main_F5_P020_Z1_N0.npz,1010,7,0.0,0.0,0,0.8407960199004976
main_F5_P020_Z1_N0.npz,1011,2,0.0,0.0,0,0.8407960199004976
main_F5_P020_Z1_N0.npz,1011,3,0.0,0.0,0,0.8407960199004976
main_F5_P020_Z1_N0.npz,1011,7,0.0,0.0,0,0.8407960199004976
main_F5_P020_Z1_N0.npz,1012,2,0.0,0.0,0,0.8407960199004976
main_F5_P020_Z1_N0.npz,1012,3,0.0,0.0,0,0.8407960199004976
main_F5_P020_Z1_N0.npz,1012,7,0.0,0.0,0,0.8407960199004976
main_F5_P020_Z1_N0.npz,1013,2,0.0,0.0,0,0.8407960199004976
main_F5_P020_Z1_N0.npz,1013,3,0.0,0.0,0,0.8407960199004976
main_F5_P020_Z1_N0.npz,1013,7,0.0,0.0,0,0.8407960199004976
main_F5_P020_Z1_N0.npz,1014,2,0.0,0.0,0,0.8407960199004976
main_F5_P020_Z1_N0.npz,1014,3,0.0,0.0,0,0.8407960199004976
main_F5_P020_Z1_N0.npz,1014,7,0.0,0.0,0,0.8407960199004976
main_F5_P020_Z1_N0.npz,1015,2,0.0,0.0,0,0.8407960199004976
main_F5_P020_Z1_N0.npz,1015,3,0.0,0.0,0,0.8407960199004976
main_F5_P020_Z1_N0.npz,1015,7,0.0,0.0,0,0.8407960199004976
main_F5_P020_Z1_N0.npz,1016,2,0.0,0.0,0,0.8407960199004976
main_F5_P020_Z1_N0.npz,1016,3,0.0,0.0,0,0.8407960199004976
main_F5_P020_Z1_N0.npz,1016,7,0.0,0.0,0,0.8407960199004976
main_F5_P020_Z1_N0.npz,1017,2,0.0,0.0,0,0.8407960199004976
main_F5_P020_Z1_N0.npz,1017,3,0.0,0.0,0,0.8407960199004976
main_F5_P020_Z1_N0.npz,1017,7,0.0,0.0,0,0.8407960199004976
main_F5_P020_Z1_N0.npz,1018,2,0.0,0.0,0,0.8407960199004976
main_F5_P020_Z1_N0.npz,1018,3,0.0,0.0,0,0.8407960199004976
main_F5_P020_Z1_N0.npz,1018,7,0.0,0.0,0,0.8407960199004976
main_F5_P020_Z1_N0.npz,1019,2,0.0,0.0,0,0.8407960199004976
main_F5_P020_Z1_N0.npz,1019,3,0.0,0.0,0,0.8407960199004976
main_F5_P020_Z1_N0.npz,1019,7,0.0,0.0,0,0.8407960199004976
main_F5_P020_Z1_N0.npz,1020,2,0.0,0.0,0,0.8407960199004976
main_F5_P020_Z1_N0.npz,1020,3,0.0,0.0,0,0.8407960199004976
main_F5_P020_Z1_N0.npz,1020,7,0.0,0.0,0,0.8407960199004976
main_F5_P020_Z1_N0.npz,1021,2,0.0,0.0,0,0.8407960199004976
main_F5_P020_Z1_N0.npz,1021,3,0.0,0.0,0,0.8407960199004976
main_F5_P020_Z1_N0.npz,1021,7,0.0,0.0,0,0.8407960199004976
main_F5_P020_Z1_N0.npz,1022,2,0.0,0.0,0,0.8407960199004976
main_F5_P020_Z1_N0.npz,1022,3,0.0,0.0,0,0.8407960199004976
main_F5_P020_Z1_N0.npz,1022,7,0.0,0.0,0,0.8407960199004976
main_F5_P020_Z1_N0.npz,1023,2,0.0,0.0,0,0.8407960199004976
main_F5_P020_Z1_N0.npz,1023,3,0.0,0.0,0,0.8407960199004976
main_F5_P020_Z1_N0.npz,1023,7,0.0,0.0,0,0.8407960199004976
main_F5_P020_Z1_N0.npz,1024,2,0.0,0.0,0,0.8407960199004976
main_F5_P020_Z1_N0.npz,1024,3,0.0,0.0,0,0.8407960199004976
main_F5_P020_Z1_N0.npz,1024,7,0.0,0.0,0,0.8407960199004976
main_F5_P020_Z1_N0.npz,1025,2,0.0,0.0,0,0.8407960199004976
main_F5_P020_Z1_N0.npz,1025,3,0.0,0.0,0,0.8407960199004976
main_F5_P020_Z1_N0.npz,1025,7,0.0,0.0,0,0.8407960199004976
main_F5_P020_Z1_N0.npz,1026,2,0.0,0.0,0,0.8407960199004976
main_F5_P020_Z1_N0.npz,1026,3,0.0,0.0,0,0.8407960199004976
main_F5_P020_Z1_N0.npz,1026,7,0.0,0.0,0,0.8407960199004976
main_F5_P020_Z1_N0.npz,1027,2,0.0,0.0,0,0.8407960199004976
main_F5_P020_Z1_N0.npz,1027,3,0.0,0.0,0,0.8407960199004976
main_F5_P020_Z1_N0.npz,1027,7,0.0,0.0,0,0.8407960199004976
main_F5_P020_Z1_N0.npz,1028,2,0.0,0.0,0,0.8407960199004976
main_F5_P020_Z1_N0.npz,1028,3,0.0,0.0,0,0.8407960199004976
main_F5_P020_Z1_N0.npz,1028,7,0.0,0.0,0,0.8407960199004976
main_F5_P020_Z1_N0.npz,1029,2,0.0,0.0,0,0.8407960199004976
main_F5_P020_Z1_N0.npz,1029,3,0.0,0.0,0,0.8407960199004976
main_F5_P020_Z1_N0.npz,1029,7,0.0,0.0,0,0.8407960199004976
main_F5_P020_Z2_N0.npz,1000,2,0.0,0.0,0,0.8407960199004976
main_F5_P020_Z2_N0.npz,1000,3,0.0,0.0,0,0.8407960199004976
main_F5_P020_Z2_N0.npz,1000,7,0.0,0.0,0,0.8407960199004976
main_F5_P020_Z2_N0.npz,1001,2,0.0,0.0,0,0.8407960199004976
main_F5_P020_Z2_N0.npz,1001,3,0.0,0.0,0,0.8407960199004976
main_F5_P020_Z2_N0.npz,1001,7,0.0,0.0,0,0.8407960199004976
main_F5_P020_Z2_N0.npz,1002,2,0.0,0.0,0,0.8407960199004976
main_F5_P020_Z2_N0.npz,1002,3,0.0,0.0,0,0.8407960199004976
main_F5_P020_Z2_N0.npz,1002,7,0.0,0.0,0,0.8407960199004976
main_F5_P020_Z2_N0.npz,1003,2,0.0,0.0,0,0.8407960199004976
main_F5_P020_Z2_N0.npz,1003,3,0.0,0.0,0,0.8407960199004976
main_F5_P020_Z2_N0.npz,1003,7,0.0,0.0,0,0.8407960199004976
main_F5_P020_Z2_N0.npz,1004,2,0.0,0.0,0,0.8407960199004976
main_F5_P020_Z2_N0.npz,1004,3,0.0,0.0,0,0.8407960199004976
main_F5_P020_Z2_N0.npz,1004,7,0.0,0.0,0,0.8407960199004976
main_F5_P020_Z2_N0.npz,1005,2,0.0,0.0,0,0.8407960199004976
main_F5_P020_Z2_N0.npz,1005,3,0.0,0.0,0,0.8407960199004976
main_F5_P020_Z2_N0.npz,1005,7,0.0,0.0,0,0.8407960199004976
main_F5_P020_Z2_N0.npz,1006,2,0.0,0.0,0,0.8407960199004976
main_F5_P020_Z2_N0.npz,1006,3,0.0,0.0,0,0.8407960199004976
main_F5_P020_Z2_N0.npz,1006,7,0.0,0.0,0,0.8407960199004976
main_F5_P020_Z2_N0.npz,1007,2,0.0,0.0,0,0.8407960199004976
main_F5_P020_Z2_N0.npz,1007,3,0.0,0.0,0,0.8407960199004976
main_F5_P020_Z2_N0.npz,1007,7,0.0,0.0,0,0.8407960199004976
main_F5_P020_Z2_N0.npz,1008,2,0.0,0.0,0,0.8407960199004976
main_F5_P020_Z2_N0.npz,1008,3,0.0,0.0,0,0.8407960199004976
main_F5_P020_Z2_N0.npz,1008,7,0.0,0.0,0,0.8407960199004976
main_F5_P020_Z2_N0.npz,1009,2,0.0,0.0,0,0.8407960199004976
main_F5_P020_Z2_N0.npz,1009,3,0.0,0.0,0,0.8407960199004976
main_F5_P020_Z2_N0.npz,1009,7,0.0,0.0,0,0.8407960199004976
main_F5_P020_Z2_N0.npz,1010,2,0.0,0.0,0,0.8407960199004976
main_F5_P020_Z2_N0.npz,1010,3,0.0,0.0,0,0.8407960199004976
main_F5_P020_Z2_N0.npz,1010,7,0.0,0.0,0,0.8407960199004976
main_F5_P020_Z2_N0.npz,1011,2,0.0,0.0,0,0.8407960199004976
main_F5_P020_Z2_N0.npz,1011,3,0.0,0.0,0,0.8407960199004976
main_F5_P020_Z2_N0.npz,1011,7,0.0,0.0,0,0.8407960199004976
main_F5_P020_Z2_N0.npz,1012,2,0.0,0.0,0,0.8407960199004976
main_F5_P020_Z2_N0.npz,1012,3,0.0,0.0,0,0.8407960199004976
main_F5_P020_Z2_N0.npz,1012,7,0.0,0.0,0,0.8407960199004976
main_F5_P020_Z2_N0.npz,1013,2,0.0,0.0,0,0.8407960199004976
main_F5_P020_Z2_N0.npz,1013,3,0.0,0.0,0,0.8407960199004976
main_F5_P020_Z2_N0.npz,1013,7,0.0,0.0,0,0.8407960199004976
main_F5_P020_Z2_N0.npz,1014,2,0.0,0.0,0,0.8407960199004976
main_F5_P020_Z2_N0.npz,1014,3,0.0,0.0,0,0.8407960199004976
main_F5_P020_Z2_N0.npz,1014,7,0.0,0.0,0,0.8407960199004976
main_F5_P020_Z2_N0.npz,1015,2,0.0,0.0,0,0.8407960199004976
main_F5_P020_Z2_N0.npz,1015,3,0.0,0.0,0,0.8407960199004976
main_F5_P020_Z2_N0.npz,1015,7,0.0,0.0,0,0.8407960199004976
main_F5_P020_Z2_N0.npz,1016,2,0.0,0.0,0,0.8407960199004976
main_F5_P020_Z2_N0.npz,1016,3,0.0,0.0,0,0.8407960199004976
main_F5_P020_Z2_N0.npz,1016,7,0.0,0.0,0,0.8407960199004976
main_F5_P020_Z2_N0.npz,1017,2,0.0,0.0,0,0.8407960199004976
main_F5_P020_Z2_N0.npz,1017,3,0.0,0.0,0,0.8407960199004976
main_F5_P020_Z2_N0.npz,1017,7,0.0,0.0,0,0.8407960199004976
main_F5_P020_Z2_N0.npz,1018,2,0.0,0.0,0,0.8407960199004976
main_F5_P020_Z2_N0.npz,1018,3,0.0,0.0,0,0.8407960199004976
main_F5_P020_Z2_N0.npz,1018,7,0.0,0.0,0,0.8407960199004976
main_F5_P020_Z2_N0.npz,1019,2,0.0,0.0,0,0.8407960199004976
main_F5_P020_Z2_N0.npz,1019,3,0.0,0.0,0,0.8407960199004976
main_F5_P020_Z2_N0.npz,1019,7,0.0,0.0,0,0.8407960199004976
main_F5_P020_Z2_N0.npz,1020,2,0.0,0.0,0,0.8407960199004976
main_F5_P020_Z2_N0.npz,1020,3,0.0,0.0,0,0.8407960199004976
main_F5_P020_Z2_N0.npz,1020,7,0.0,0.0,0,0.8407960199004976
main_F5_P020_Z2_N0.npz,1021,2,0.0,0.0,0,0.8407960199004976
main_F5_P020_Z2_N0.npz,1021,3,0.0,0.0,0,0.8407960199004976
main_F5_P020_Z2_N0.npz,1021,7,0.0,0.0,0,0.8407960199004976
main_F5_P020_Z2_N0.npz,1022,2,0.0,0.0,0,0.8407960199004976
main_F5_P020_Z2_N0.npz,1022,3,0.0,0.0,0,0.8407960199004976
main_F5_P020_Z2_N0.npz,1022,7,0.0,0.0,0,0.8407960199004976
main_F5_P020_Z2_N0.npz,1023,2,0.0,0.0,0,0.8407960199004976
main_F5_P020_Z2_N0.npz,1023,3,0.0,0.0,0,0.8407960199004976
main_F5_P020_Z2_N0.npz,1023,7,0.0,0.0,0,0.8407960199004976
main_F5_P020_Z2_N0.npz,1024,2,0.0,0.0,0,0.8407960199004976
main_F5_P020_Z2_N0.npz,1024,3,0.0,0.0,0,0.8407960199004976
main_F5_P020_Z2_N0.npz,1024,7,0.0,0.0,0,0.8407960199004976
main_F5_P020_Z2_N0.npz,1025,2,0.0,0.0,0,0.8407960199004976
main_F5_P020_Z2_N0.npz,1025,3,0.0,0.0,0,0.8407960199004976
main_F5_P020_Z2_N0.npz,1025,7,0.0,0.0,0,0.8407960199004976
main_F5_P020_Z2_N0.npz,1026,2,0.0,0.0,0,0.8407960199004976
main_F5_P020_Z2_N0.npz,1026,3,0.0,0.0,0,0.8407960199004976
main_F5_P020_Z2_N0.npz,1026,7,0.0,0.0,0,0.8407960199004976
main_F5_P020_Z2_N0.npz,1027,2,0.0,0.0,0,0.8407960199004976
main_F5_P020_Z2_N0.npz,1027,3,0.0,0.0,0,0.8407960199004976
main_F5_P020_Z2_N0.npz,1027,7,0.0,0.0,0,0.8407960199004976
main_F5_P020_Z2_N0.npz,1028,2,0.0,0.0,0,0.8407960199004976
main_F5_P020_Z2_N0.npz,1028,3,0.0,0.0,0,0.8407960199004976
main_F5_P020_Z2_N0.npz,1028,7,0.0,0.0,0,0.8407960199004976
main_F5_P020_Z2_N0.npz,1029,2,0.0,0.0,0,0.8407960199004976
main_F5_P020_Z2_N0.npz,1029,3,0.0,0.0,0,0.8407960199004976
main_F5_P020_Z2_N0.npz,1029,7,0.0,0.0,0,0.8407960199004976
main_F5_P050_Z0_N0.npz,1000,2,0.0,0.0,0,0.8407960199004976
main_F5_P050_Z0_N0.npz,1000,3,0.0,0.0,0,0.8407960199004976
main_F5_P050_Z0_N0.npz,1000,7,0.0,0.0,0,0.8407960199004976
main_F5_P050_Z0_N0.npz,1001,2,0.0,0.0,0,0.8407960199004976
main_F5_P050_Z0_N0.npz,1001,3,0.0,0.0,0,0.8407960199004976
main_F5_P050_Z0_N0.npz,1001,7,0.0,0.0,0,0.8407960199004976
main_F5_P050_Z0_N0.npz,1002,2,0.0,0.0,0,0.8407960199004976
main_F5_P050_Z0_N0.npz,1002,3,0.0,0.0,0,0.8407960199004976
main_F5_P050_Z0_N0.npz,1002,7,0.0,0.0,0,0.8407960199004976
main_F5_P050_Z0_N0.npz,1003,2,0.0,0.0,0,0.8407960199004976
main_F5_P050_Z0_N0.npz,1003,3,0.0,0.0,0,0.8407960199004976
main_F5_P050_Z0_N0.npz,1003,7,0.0,0.0,0,0.8407960199004976
main_F5_P050_Z0_N0.npz,1004,2,0.0,0.0,0,0.8407960199004976
main_F5_P050_Z0_N0.npz,1004,3,0.0,0.0,0,0.8407960199004976
main_F5_P050_Z0_N0.npz,1004,7,0.0,0.0,0,0.8407960199004976
main_F5_P050_Z0_N0.npz,1005,2,0.0,0.0,0,0.8407960199004976
main_F5_P050_Z0_N0.npz,1005,3,0.0,0.0,0,0.8407960199004976
main_F5_P050_Z0_N0.npz,1005,7,0.0,0.0,0,0.8407960199004976
main_F5_P050_Z0_N0.npz,1006,2,-6.221658925298357e-05,0.00012087821960449219,0,0.8407960199004976
main_F5_P050_Z0_N0.npz,1006,3,-0.002094414716193427,0.0004106760025024414,0,0.8407960199004976
main_F5_P050_Z0_N0.npz,1006,7,-0.016311776563693314,0.002547311782836917,0,0.8407960199004976
main_F5_P050_Z0_N0.npz,1007,2,0.0,0.0,0,0.8407960199004976
main_F5_P050_Z0_N0.npz,1007,3,0.0,0.0,0,0.8407960199004976
main_F5_P050_Z0_N0.npz,1007,7,0.0,0.0,0,0.8407960199004976
main_F5_P050_Z0_N0.npz,1008,2,0.0,0.0,0,0.8407960199004976
main_F5_P050_Z0_N0.npz,1008,3,0.0,0.0,0,0.8407960199004976
main_F5_P050_Z0_N0.npz,1008,7,0.0,0.0,0,0.8407960199004976
main_F5_P050_Z0_N0.npz,1009,2,0.0,0.0,0,0.8407960199004976
main_F5_P050_Z0_N0.npz,1009,3,0.0,0.0,0,0.8407960199004976
main_F5_P050_Z0_N0.npz,1009,7,0.0,0.0,0,0.8407960199004976
main_F5_P050_Z0_N0.npz,1010,2,0.0,0.0,0,0.8407960199004976
main_F5_P050_Z0_N0.npz,1010,3,0.0,0.0,0,0.8407960199004976
main_F5_P050_Z0_N0.npz,1010,7,0.0,0.0,0,0.8407960199004976
main_F5_P050_Z0_N0.npz,1011,2,0.0,0.0,0,0.8407960199004976
main_F5_P050_Z0_N0.npz,1011,3,0.0,0.0,0,0.8407960199004976
main_F5_P050_Z0_N0.npz,1011,7,0.0,0.0,0,0.8407960199004976
main_F5_P050_Z0_N0.npz,1012,2,0.0,0.0,0,0.8407960199004976
main_F5_P050_Z0_N0.npz,1012,3,0.0,0.0,0,0.8407960199004976
main_F5_P050_Z0_N0.npz,1012,7,0.0,0.0,0,0.8407960199004976
main_F5_P050_Z0_N0.npz,1013,2,0.0,0.0,0,0.8407960199004976
main_F5_P050_Z0_N0.npz,1013,3,0.0,0.0,0,0.8407960199004976
main_F5_P050_Z0_N0.npz,1013,7,0.0,0.0,0,0.8407960199004976
main_F5_P050_Z0_N0.npz,1014,2,0.0,0.0,0,0.8407960199004976
main_F5_P050_Z0_N0.npz,1014,3,0.0,0.0,0,0.8407960199004976
main_F5_P050_Z0_N0.npz,1014,7,0.0,0.0,0,0.8407960199004976
main_F5_P050_Z0_N0.npz,1015,2,0.0,0.0,0,0.8407960199004976
main_F5_P050_Z0_N0.npz,1015,3,0.0,0.0,0,0.8407960199004976
main_F5_P050_Z0_N0.npz,1015,7,0.0,0.0,0,0.8407960199004976
main_F5_P050_Z0_N0.npz,1016,2,0.0,0.0,0,0.8407960199004976
main_F5_P050_Z0_N0.npz,1016,3,0.0,0.0,0,0.8407960199004976
main_F5_P050_Z0_N0.npz,1016,7,0.0,0.0,0,0.8407960199004976
main_F5_P050_Z0_N0.npz,1017,2,0.0,0.0,0,0.8407960199004976
main_F5_P050_Z0_N0.npz,1017,3,0.0,0.0,0,0.8407960199004976
main_F5_P050_Z0_N0.npz,1017,7,0.0,0.0,0,0.8407960199004976
main_F5_P050_Z0_N0.npz,1018,2,0.0,0.0,0,0.8407960199004976
main_F5_P050_Z0_N0.npz,1018,3,0.0,0.0,0,0.8407960199004976
main_F5_P050_Z0_N0.npz,1018,7,0.0,0.0,0,0.8407960199004976
main_F5_P050_Z0_N0.npz,1019,2,0.0,0.0,0,0.8407960199004976
main_F5_P050_Z0_N0.npz,1019,3,0.0,0.0,0,0.8407960199004976
main_F5_P050_Z0_N0.npz,1019,7,0.0,0.0,0,0.8407960199004976
main_F5_P050_Z0_N0.npz,1020,2,0.0,0.0,0,0.8407960199004976
main_F5_P050_Z0_N0.npz,1020,3,0.0,0.0,0,0.8407960199004976
main_F5_P050_Z0_N0.npz,1020,7,0.0,0.0,0,0.8407960199004976
main_F5_P050_Z0_N0.npz,1021,2,0.0,0.0,0,0.8407960199004976
main_F5_P050_Z0_N0.npz,1021,3,0.0,0.0,0,0.8407960199004976
main_F5_P050_Z0_N0.npz,1021,7,0.0,0.0,0,0.8407960199004976
main_F5_P050_Z0_N0.npz,1022,2,0.0,0.0,0,0.8407960199004976
main_F5_P050_Z0_N0.npz,1022,3,0.0,0.0,0,0.8407960199004976
main_F5_P050_Z0_N0.npz,1022,7,0.0,0.0,0,0.8407960199004976
main_F5_P050_Z0_N0.npz,1023,2,0.0,0.0,0,0.8407960199004976
main_F5_P050_Z0_N0.npz,1023,3,0.0,0.0,0,0.8407960199004976
main_F5_P050_Z0_N0.npz,1023,7,0.0,0.0,0,0.8407960199004976
main_F5_P050_Z0_N0.npz,1024,2,0.0,0.0,0,0.8407960199004976
main_F5_P050_Z0_N0.npz,1024,3,0.0,0.0,0,0.8407960199004976
main_F5_P050_Z0_N0.npz,1024,7,0.0,0.0,0,0.8407960199004976
main_F5_P050_Z0_N0.npz,1025,2,0.0,0.0,0,0.8407960199004976
main_F5_P050_Z0_N0.npz,1025,3,0.0,0.0,0,0.8407960199004976
main_F5_P050_Z0_N0.npz,1025,7,0.0,0.0,0,0.8407960199004976
main_F5_P050_Z0_N0.npz,1026,2,0.0,0.0,0,0.8407960199004976
main_F5_P050_Z0_N0.npz,1026,3,0.0,0.0,0,0.8407960199004976
main_F5_P050_Z0_N0.npz,1026,7,0.0,0.0,0,0.8407960199004976
main_F5_P050_Z0_N0.npz,1027,2,0.0,0.0,0,0.8407960199004976
main_F5_P050_Z0_N0.npz,1027,3,0.0,0.0,0,0.8407960199004976
main_F5_P050_Z0_N0.npz,1027,7,0.0,0.0,0,0.8407960199004976
main_F5_P050_Z0_N0.npz,1028,2,0.0,0.0,0,0.8407960199004976
main_F5_P050_Z0_N0.npz,1028,3,0.0,0.0,0,0.8407960199004976
main_F5_P050_Z0_N0.npz,1028,7,0.0,0.0,0,0.8407960199004976
main_F5_P050_Z0_N0.npz,1029,2,-0.000669976487991164,0.0003123521804809584,0,0.8407960199004976
main_F5_P050_Z0_N0.npz,1029,3,0.0,0.0,0,0.8407960199004976
main_F5_P050_Z0_N0.npz,1029,7,0.0009539944640337694,0.00017635822296142856,0,0.8407960199004976
main_F5_P050_Z1_N0.npz,1000,2,0.0,0.0,0,0.8407960199004976
main_F5_P050_Z1_N0.npz,1000,3,0.0,0.0,0,0.8407960199004976
main_F5_P050_Z1_N0.npz,1000,7,0.0,0.0,0,0.8407960199004976
main_F5_P050_Z1_N0.npz,1001,2,0.0,0.0,0,0.8407960199004976
main_F5_P050_Z1_N0.npz,1001,3,0.0,0.0,0,0.8407960199004976
main_F5_P050_Z1_N0.npz,1001,7,0.0,0.0,0,0.8407960199004976
main_F5_P050_Z1_N0.npz,1002,2,0.0,0.0,0,0.8407960199004976
main_F5_P050_Z1_N0.npz,1002,3,0.0,0.0,0,0.8407960199004976
main_F5_P050_Z1_N0.npz,1002,7,0.0,0.0,0,0.8407960199004976
main_F5_P050_Z1_N0.npz,1003,2,0.0,0.0,0,0.8407960199004976
main_F5_P050_Z1_N0.npz,1003,3,0.0,0.0,0,0.8407960199004976
main_F5_P050_Z1_N0.npz,1003,7,0.0,0.0,0,0.8407960199004976
main_F5_P050_Z1_N0.npz,1004,2,0.0,0.0,0,0.8407960199004976
main_F5_P050_Z1_N0.npz,1004,3,0.0,0.0,0,0.8407960199004976
main_F5_P050_Z1_N0.npz,1004,7,0.0,0.0,0,0.8407960199004976
main_F5_P050_Z1_N0.npz,1005,2,0.0,0.0,0,0.8407960199004976
main_F5_P050_Z1_N0.npz,1005,3,0.0,0.0,0,0.8407960199004976
main_F5_P050_Z1_N0.npz,1005,7,0.0,0.0,0,0.8407960199004976
main_F5_P050_Z1_N0.npz,1006,2,0.0,0.0,0,0.8407960199004976
main_F5_P050_Z1_N0.npz,1006,3,0.0,0.0,0,0.8407960199004976
main_F5_P050_Z1_N0.npz,1006,7,0.0,0.0,0,0.8407960199004976
main_F5_P050_Z1_N0.npz,1007,2,0.0,0.0,0,0.8407960199004976
main_F5_P050_Z1_N0.npz,1007,3,0.0,0.0,0,0.8407960199004976
main_F5_P050_Z1_N0.npz,1007,7,0.0,0.0,0,0.8407960199004976
main_F5_P050_Z1_N0.npz,1008,2,0.0,0.0,0,0.8407960199004976
main_F5_P050_Z1_N0.npz,1008,3,0.0,0.0,0,0.8407960199004976
main_F5_P050_Z1_N0.npz,1008,7,0.0,0.0,0,0.8407960199004976
main_F5_P050_Z1_N0.npz,1009,2,0.0,0.0,0,0.8407960199004976
main_F5_P050_Z1_N0.npz,1009,3,0.0,0.0,0,0.8407960199004976
main_F5_P050_Z1_N0.npz,1009,7,0.0,0.0,0,0.8407960199004976
main_F5_P050_Z1_N0.npz,1010,2,0.0,0.0,0,0.8407960199004976
main_F5_P050_Z1_N0.npz,1010,3,0.0,0.0,0,0.8407960199004976
main_F5_P050_Z1_N0.npz,1010,7,0.0,0.0,0,0.8407960199004976
main_F5_P050_Z1_N0.npz,1011,2,0.0,0.0,0,0.8407960199004976
main_F5_P050_Z1_N0.npz,1011,3,0.0,0.0,0,0.8407960199004976
main_F5_P050_Z1_N0.npz,1011,7,0.0,0.0,0,0.8407960199004976
main_F5_P050_Z1_N0.npz,1012,2,0.0,0.0,0,0.8407960199004976
main_F5_P050_Z1_N0.npz,1012,3,0.0,0.0,0,0.8407960199004976
main_F5_P050_Z1_N0.npz,1012,7,0.0,0.0,0,0.8407960199004976
main_F5_P050_Z1_N0.npz,1013,2,0.0,0.0,0,0.8407960199004976
main_F5_P050_Z1_N0.npz,1013,3,0.0,0.0,0,0.8407960199004976
main_F5_P050_Z1_N0.npz,1013,7,0.0,0.0,0,0.8407960199004976
main_F5_P050_Z1_N0.npz,1014,2,0.0,0.0,0,0.8407960199004976
main_F5_P050_Z1_N0.npz,1014,3,0.0,0.0,0,0.8407960199004976
main_F5_P050_Z1_N0.npz,1014,7,0.0,0.0,0,0.8407960199004976
main_F5_P050_Z1_N0.npz,1015,2,0.0,0.0,0,0.8407960199004976
main_F5_P050_Z1_N0.npz,1015,3,0.0,0.0,0,0.8407960199004976
main_F5_P050_Z1_N0.npz,1015,7,0.0,0.0,0,0.8407960199004976
main_F5_P050_Z1_N0.npz,1016,2,0.0,0.0,0,0.8407960199004976
main_F5_P050_Z1_N0.npz,1016,3,0.0,0.0,0,0.8407960199004976
main_F5_P050_Z1_N0.npz,1016,7,0.0,0.0,0,0.8407960199004976
main_F5_P050_Z1_N0.npz,1017,2,0.0,0.0,0,0.8407960199004976
main_F5_P050_Z1_N0.npz,1017,3,0.0,0.0,0,0.8407960199004976
main_F5_P050_Z1_N0.npz,1017,7,0.0,0.0,0,0.8407960199004976
main_F5_P050_Z1_N0.npz,1018,2,0.0,0.0,0,0.8407960199004976
main_F5_P050_Z1_N0.npz,1018,3,0.0,0.0,0,0.8407960199004976
main_F5_P050_Z1_N0.npz,1018,7,0.0,0.0,0,0.8407960199004976
main_F5_P050_Z1_N0.npz,1019,2,0.0,0.0,0,0.8407960199004976
main_F5_P050_Z1_N0.npz,1019,3,0.0,0.0,0,0.8407960199004976
main_F5_P050_Z1_N0.npz,1019,7,0.0,0.0,0,0.8407960199004976
main_F5_P050_Z1_N0.npz,1020,2,0.0,0.0,0,0.8407960199004976
main_F5_P050_Z1_N0.npz,1020,3,0.0,0.0,0,0.8407960199004976
main_F5_P050_Z1_N0.npz,1020,7,0.0,0.0,0,0.8407960199004976
main_F5_P050_Z1_N0.npz,1021,2,0.0,0.0,0,0.8407960199004976
main_F5_P050_Z1_N0.npz,1021,3,0.0,0.0,0,0.8407960199004976
main_F5_P050_Z1_N0.npz,1021,7,0.0,0.0,0,0.8407960199004976
main_F5_P050_Z1_N0.npz,1022,2,0.0,0.0,0,0.8407960199004976
main_F5_P050_Z1_N0.npz,1022,3,0.0,0.0,0,0.8407960199004976
main_F5_P050_Z1_N0.npz,1022,7,0.0,0.0,0,0.8407960199004976
main_F5_P050_Z1_N0.npz,1023,2,0.0,0.0,0,0.8407960199004976
main_F5_P050_Z1_N0.npz,1023,3,0.0,0.0,0,0.8407960199004976
main_F5_P050_Z1_N0.npz,1023,7,0.0,0.0,0,0.8407960199004976
main_F5_P050_Z1_N0.npz,1024,2,0.0,0.0,0,0.8407960199004976
main_F5_P050_Z1_N0.npz,1024,3,0.0,0.0,0,0.8407960199004976
main_F5_P050_Z1_N0.npz,1024,7,0.0,0.0,0,0.8407960199004976
main_F5_P050_Z1_N0.npz,1025,2,0.0,0.0,0,0.8407960199004976
main_F5_P050_Z1_N0.npz,1025,3,0.0,0.0,0,0.8407960199004976
main_F5_P050_Z1_N0.npz,1025,7,0.0,0.0,0,0.8407960199004976
main_F5_P050_Z1_N0.npz,1026,2,0.0,0.0,0,0.8407960199004976
main_F5_P050_Z1_N0.npz,1026,3,0.0,0.0,0,0.8407960199004976
main_F5_P050_Z1_N0.npz,1026,7,0.0,0.0,0,0.8407960199004976
main_F5_P050_Z1_N0.npz,1027,2,0.0,0.0,0,0.8407960199004976
main_F5_P050_Z1_N0.npz,1027,3,0.0,0.0,0,0.8407960199004976
main_F5_P050_Z1_N0.npz,1027,7,0.0,0.0,0,0.8407960199004976
main_F5_P050_Z1_N0.npz,1028,2,0.0,0.0,0,0.8407960199004976
main_F5_P050_Z1_N0.npz,1028,3,0.0,0.0,0,0.8407960199004976
main_F5_P050_Z1_N0.npz,1028,7,0.0,0.0,0,0.8407960199004976
main_F5_P050_Z1_N0.npz,1029,2,0.0,0.0,0,0.8407960199004976
main_F5_P050_Z1_N0.npz,1029,3,0.0,0.0,0,0.8407960199004976
main_F5_P050_Z1_N0.npz,1029,7,0.0,0.0,0,0.8407960199004976
main_F5_P050_Z2_N0.npz,1000,2,-0.0001679931630462761,0.00023436546325683594,0,0.8407960199004976
main_F5_P050_Z2_N0.npz,1000,3,0.0,0.0,0,0.8407960199004976
main_F5_P050_Z2_N0.npz,1000,7,0.0,0.0,0,0.8407960199004976
main_F5_P050_Z2_N0.npz,1001,2,0.0,0.0,0,0.8407960199004976
main_F5_P050_Z2_N0.npz,1001,3,0.0,0.0,0,0.8407960199004976
main_F5_P050_Z2_N0.npz,1001,7,0.0,0.0,0,0.8407960199004976
main_F5_P050_Z2_N0.npz,1002,2,0.0,0.0,0,0.8407960199004976
main_F5_P050_Z2_N0.npz,1002,3,0.0,0.0,0,0.8407960199004976
main_F5_P050_Z2_N0.npz,1002,7,0.0,0.0,0,0.8407960199004976
main_F5_P050_Z2_N0.npz,1003,2,0.0,0.0,0,0.8407960199004976
main_F5_P050_Z2_N0.npz,1003,3,0.0,0.0,0,0.8407960199004976
main_F5_P050_Z2_N0.npz,1003,7,0.0,0.0,0,0.8407960199004976
main_F5_P050_Z2_N0.npz,1004,2,0.0,0.0,0,0.8407960199004976
main_F5_P050_Z2_N0.npz,1004,3,0.0,0.0,0,0.8407960199004976
main_F5_P050_Z2_N0.npz,1004,7,0.0,0.0,0,0.8407960199004976
main_F5_P050_Z2_N0.npz,1005,2,0.0,0.0,0,0.8407960199004976
main_F5_P050_Z2_N0.npz,1005,3,0.0,0.0,0,0.8407960199004976
main_F5_P050_Z2_N0.npz,1005,7,0.0,0.0,0,0.8407960199004976
main_F5_P050_Z2_N0.npz,1006,2,0.0,0.0,0,0.8407960199004976
main_F5_P050_Z2_N0.npz,1006,3,0.0,0.0,0,0.8407960199004976
main_F5_P050_Z2_N0.npz,1006,7,0.0,0.0,0,0.8407960199004976
main_F5_P050_Z2_N0.npz,1007,2,0.0,0.0,0,0.8407960199004976
main_F5_P050_Z2_N0.npz,1007,3,0.0,0.0,0,0.8407960199004976
main_F5_P050_Z2_N0.npz,1007,7,0.0,0.0,0,0.8407960199004976
main_F5_P050_Z2_N0.npz,1008,2,0.0,0.0,0,0.8407960199004976
main_F5_P050_Z2_N0.npz,1008,3,0.0,0.0,0,0.8407960199004976
main_F5_P050_Z2_N0.npz,1008,7,0.0,0.0,0,0.8407960199004976
main_F5_P050_Z2_N0.npz,1009,2,0.0,0.0,0,0.8407960199004976
main_F5_P050_Z2_N0.npz,1009,3,0.0,0.0,0,0.8407960199004976
main_F5_P050_Z2_N0.npz,1009,7,0.0,0.0,0,0.8407960199004976
main_F5_P050_Z2_N0.npz,1010,2,0.0,0.0,0,0.8407960199004976
main_F5_P050_Z2_N0.npz,1010,3,0.0,0.0,0,0.8407960199004976
main_F5_P050_Z2_N0.npz,1010,7,0.0,0.0,0,0.8407960199004976
main_F5_P050_Z2_N0.npz,1011,2,0.0,0.0,0,0.8407960199004976
main_F5_P050_Z2_N0.npz,1011,3,0.0,0.0,0,0.8407960199004976
main_F5_P050_Z2_N0.npz,1011,7,0.0,0.0,0,0.8407960199004976
main_F5_P050_Z2_N0.npz,1012,2,0.0,0.0,0,0.8407960199004976
main_F5_P050_Z2_N0.npz,1012,3,0.0,0.0,0,0.8407960199004976
main_F5_P050_Z2_N0.npz,1012,7,0.0,0.0,0,0.8407960199004976
main_F5_P050_Z2_N0.npz,1013,2,0.0,0.0,0,0.8407960199004976
main_F5_P050_Z2_N0.npz,1013,3,0.0,0.0,0,0.8407960199004976
main_F5_P050_Z2_N0.npz,1013,7,0.0,0.0,0,0.8407960199004976
main_F5_P050_Z2_N0.npz,1014,2,0.0,0.0,0,0.8407960199004976
main_F5_P050_Z2_N0.npz,1014,3,0.0,0.0,0,0.8407960199004976
main_F5_P050_Z2_N0.npz,1014,7,0.0,0.0,0,0.8407960199004976
main_F5_P050_Z2_N0.npz,1015,2,0.0,0.0,0,0.8407960199004976
main_F5_P050_Z2_N0.npz,1015,3,0.0,0.0,0,0.8407960199004976
main_F5_P050_Z2_N0.npz,1015,7,0.0,0.0,0,0.8407960199004976
main_F5_P050_Z2_N0.npz,1016,2,0.0,0.0,0,0.8407960199004976
main_F5_P050_Z2_N0.npz,1016,3,0.0,0.0,0,0.8407960199004976
main_F5_P050_Z2_N0.npz,1016,7,0.0,0.0,0,0.8407960199004976
main_F5_P050_Z2_N0.npz,1017,2,0.0,0.0,0,0.8407960199004976
main_F5_P050_Z2_N0.npz,1017,3,0.0,0.0,0,0.8407960199004976
main_F5_P050_Z2_N0.npz,1017,7,0.0,0.0,0,0.8407960199004976
main_F5_P050_Z2_N0.npz,1018,2,0.0,0.0,0,0.8407960199004976
main_F5_P050_Z2_N0.npz,1018,3,0.0,0.0,0,0.8407960199004976
main_F5_P050_Z2_N0.npz,1018,7,0.0,0.0,0,0.8407960199004976
main_F5_P050_Z2_N0.npz,1019,2,0.0,0.0,0,0.8407960199004976
main_F5_P050_Z2_N0.npz,1019,3,0.0,0.0,0,0.8407960199004976
main_F5_P050_Z2_N0.npz,1019,7,0.0,0.0,0,0.8407960199004976
main_F5_P050_Z2_N0.npz,1020,2,0.0,0.0,0,0.8407960199004976
main_F5_P050_Z2_N0.npz,1020,3,0.0,0.0,0,0.8407960199004976
main_F5_P050_Z2_N0.npz,1020,7,0.0,0.0,0,0.8407960199004976
main_F5_P050_Z2_N0.npz,1021,2,0.0,0.0,0,0.8407960199004976
main_F5_P050_Z2_N0.npz,1021,3,0.0,0.0,0,0.8407960199004976
main_F5_P050_Z2_N0.npz,1021,7,0.0,0.0,0,0.8407960199004976
main_F5_P050_Z2_N0.npz,1022,2,0.0,0.0,0,0.8407960199004976
main_F5_P050_Z2_N0.npz,1022,3,0.0,0.0,0,0.8407960199004976
main_F5_P050_Z2_N0.npz,1022,7,0.0,0.0,0,0.8407960199004976
main_F5_P050_Z2_N0.npz,1023,2,0.0,0.0,0,0.8407960199004976
main_F5_P050_Z2_N0.npz,1023,3,0.0,0.0,0,0.8407960199004976
main_F5_P050_Z2_N0.npz,1023,7,0.0,0.0,0,0.8407960199004976
main_F5_P050_Z2_N0.npz,1024,2,0.0,0.0,0,0.8407960199004976
main_F5_P050_Z2_N0.npz,1024,3,0.0,0.0,0,0.8407960199004976
main_F5_P050_Z2_N0.npz,1024,7,0.0,0.0,0,0.8407960199004976
main_F5_P050_Z2_N0.npz,1025,2,0.0,0.0,0,0.8407960199004976
main_F5_P050_Z2_N0.npz,1025,3,0.0,0.0,0,0.8407960199004976
main_F5_P050_Z2_N0.npz,1025,7,0.0,0.0,0,0.8407960199004976
main_F5_P050_Z2_N0.npz,1026,2,0.0,0.0,0,0.8407960199004976
main_F5_P050_Z2_N0.npz,1026,3,0.0,0.0,0,0.8407960199004976
main_F5_P050_Z2_N0.npz,1026,7,0.0,0.0,0,0.8407960199004976
main_F5_P050_Z2_N0.npz,1027,2,0.0,0.0,0,0.8407960199004976
main_F5_P050_Z2_N0.npz,1027,3,0.0,0.0,0,0.8407960199004976
main_F5_P050_Z2_N0.npz,1027,7,0.0,0.0,0,0.8407960199004976
main_F5_P050_Z2_N0.npz,1028,2,0.0,0.0,0,0.8407960199004976
main_F5_P050_Z2_N0.npz,1028,3,0.0,0.0,0,0.8407960199004976
main_F5_P050_Z2_N0.npz,1028,7,0.0,0.0,0,0.8407960199004976
main_F5_P050_Z2_N0.npz,1029,2,0.0,0.0,0,0.8407960199004976
main_F5_P050_Z2_N0.npz,1029,3,0.0,0.0,0,0.8407960199004976
main_F5_P050_Z2_N0.npz,1029,7,0.0,0.0,0,0.8407960199004976
main_F5_P100_Z0_N0.npz,1000,2,0.0,0.0,0,0.8407960199004976
main_F5_P100_Z0_N0.npz,1000,3,0.0,0.0,0,0.8407960199004976
main_F5_P100_Z0_N0.npz,1000,7,0.0,0.0,0,0.8407960199004976
main_F5_P100_Z0_N0.npz,1001,2,0.0,0.0,0,0.8407960199004976
main_F5_P100_Z0_N0.npz,1001,3,0.0,0.0,0,0.8407960199004976
main_F5_P100_Z0_N0.npz,1001,7,0.0,0.0,0,0.8407960199004976
main_F5_P100_Z0_N0.npz,1002,2,0.0,0.0,0,0.8407960199004976
main_F5_P100_Z0_N0.npz,1002,3,0.0,0.0,0,0.8407960199004976
main_F5_P100_Z0_N0.npz,1002,7,0.0,0.0,0,0.8407960199004976
main_F5_P100_Z0_N0.npz,1003,2,0.0,0.0,0,0.8407960199004976
main_F5_P100_Z0_N0.npz,1003,3,0.0,0.0,0,0.8407960199004976
main_F5_P100_Z0_N0.npz,1003,7,0.0,0.0,0,0.8407960199004976
main_F5_P100_Z0_N0.npz,1004,2,0.0,0.0,0,0.8407960199004976
main_F5_P100_Z0_N0.npz,1004,3,0.0,0.0,0,0.8407960199004976
main_F5_P100_Z0_N0.npz,1004,7,0.0,0.0,0,0.8407960199004976
main_F5_P100_Z0_N0.npz,1005,2,0.0,0.0,0,0.8407960199004976
main_F5_P100_Z0_N0.npz,1005,3,0.0,0.0,0,0.8407960199004976
main_F5_P100_Z0_N0.npz,1005,7,0.0,0.0,0,0.8407960199004976
main_F5_P100_Z0_N0.npz,1006,2,0.0,0.0,0,0.8407960199004976
main_F5_P100_Z0_N0.npz,1006,3,0.0,0.0,0,0.8407960199004976
main_F5_P100_Z0_N0.npz,1006,7,0.0,0.0,0,0.8407960199004976
main_F5_P100_Z0_N0.npz,1007,2,0.0,0.0,0,0.8407960199004976
main_F5_P100_Z0_N0.npz,1007,3,0.0,0.0,0,0.8407960199004976
main_F5_P100_Z0_N0.npz,1007,7,0.0,0.0,0,0.8407960199004976
main_F5_P100_Z0_N0.npz,1008,2,0.001664613179599428,-0.0003125429153442369,0,0.8407960199004976
main_F5_P100_Z0_N0.npz,1008,3,0.0,0.0,0,0.8407960199004976
main_F5_P100_Z0_N0.npz,1008,7,0.0,0.0,0,0.8407960199004976
main_F5_P100_Z0_N0.npz,1009,2,0.0,0.0,0,0.8407960199004976
main_F5_P100_Z0_N0.npz,1009,3,0.0,0.0,0,0.8407960199004976
main_F5_P100_Z0_N0.npz,1009,7,0.0,0.0,0,0.8407960199004976
main_F5_P100_Z0_N0.npz,1010,2,0.0,0.0,0,0.8407960199004976
main_F5_P100_Z0_N0.npz,1010,3,0.0,0.0,0,0.8407960199004976
main_F5_P100_Z0_N0.npz,1010,7,0.0,0.0,0,0.8407960199004976
main_F5_P100_Z0_N0.npz,1011,2,0.0,0.0,0,0.8407960199004976
main_F5_P100_Z0_N0.npz,1011,3,0.0,0.0,0,0.8407960199004976
main_F5_P100_Z0_N0.npz,1011,7,0.0,0.0,0,0.8407960199004976
main_F5_P100_Z0_N0.npz,1012,2,0.0,0.0,0,0.8407960199004976
main_F5_P100_Z0_N0.npz,1012,3,0.0,0.0,0,0.8407960199004976
main_F5_P100_Z0_N0.npz,1012,7,0.0,0.0,0,0.8407960199004976
main_F5_P100_Z0_N0.npz,1013,2,0.0,0.0,0,0.8407960199004976
main_F5_P100_Z0_N0.npz,1013,3,0.0,0.0,0,0.8407960199004976
main_F5_P100_Z0_N0.npz,1013,7,0.0,0.0,0,0.8407960199004976
main_F5_P100_Z0_N0.npz,1014,2,0.0,0.0,0,0.8407960199004976
main_F5_P100_Z0_N0.npz,1014,3,0.0,0.0,0,0.8407960199004976
main_F5_P100_Z0_N0.npz,1014,7,0.0,0.0,0,0.8407960199004976
main_F5_P100_Z0_N0.npz,1015,2,0.0,0.0,0,0.8407960199004976
main_F5_P100_Z0_N0.npz,1015,3,0.0,0.0,0,0.8407960199004976
main_F5_P100_Z0_N0.npz,1015,7,0.0,0.0,0,0.8407960199004976
main_F5_P100_Z0_N0.npz,1016,2,0.0,0.0,0,0.8407960199004976
main_F5_P100_Z0_N0.npz,1016,3,0.0,0.0,0,0.8407960199004976
main_F5_P100_Z0_N0.npz,1016,7,0.0,0.0,0,0.8407960199004976
main_F5_P100_Z0_N0.npz,1017,2,0.0,0.0,0,0.8407960199004976
main_F5_P100_Z0_N0.npz,1017,3,0.0,0.0,0,0.8407960199004976
main_F5_P100_Z0_N0.npz,1017,7,0.0,0.0,0,0.8407960199004976
main_F5_P100_Z0_N0.npz,1018,2,0.0,0.0,0,0.8407960199004976
main_F5_P100_Z0_N0.npz,1018,3,0.0,0.0,0,0.8407960199004976
main_F5_P100_Z0_N0.npz,1018,7,0.0,0.0,0,0.8407960199004976
main_F5_P100_Z0_N0.npz,1019,2,0.0,0.0,0,0.8407960199004976
main_F5_P100_Z0_N0.npz,1019,3,0.0,0.0,0,0.8407960199004976
main_F5_P100_Z0_N0.npz,1019,7,0.0,0.0,0,0.8407960199004976
main_F5_P100_Z0_N0.npz,1020,2,0.0,0.0,0,0.8407960199004976
main_F5_P100_Z0_N0.npz,1020,3,0.0,0.0,0,0.8407960199004976
main_F5_P100_Z0_N0.npz,1020,7,0.0,0.0,0,0.8407960199004976
main_F5_P100_Z0_N0.npz,1021,2,0.0,0.0,0,0.8407960199004976
main_F5_P100_Z0_N0.npz,1021,3,0.0,0.0,0,0.8407960199004976
main_F5_P100_Z0_N0.npz,1021,7,0.0,0.0,0,0.8407960199004976
main_F5_P100_Z0_N0.npz,1022,2,0.0,0.0,0,0.8407960199004976
main_F5_P100_Z0_N0.npz,1022,3,0.0,0.0,0,0.8407960199004976
main_F5_P100_Z0_N0.npz,1022,7,0.0,0.0,0,0.8407960199004976
main_F5_P100_Z0_N0.npz,1023,2,0.0,0.0,0,0.8407960199004976
main_F5_P100_Z0_N0.npz,1023,3,0.0,0.0,0,0.8407960199004976
main_F5_P100_Z0_N0.npz,1023,7,0.0,0.0,0,0.8407960199004976
main_F5_P100_Z0_N0.npz,1024,2,0.0,0.0,0,0.8407960199004976
main_F5_P100_Z0_N0.npz,1024,3,0.0,0.0,0,0.8407960199004976
main_F5_P100_Z0_N0.npz,1024,7,0.0,0.0,0,0.8407960199004976
main_F5_P100_Z0_N0.npz,1025,2,0.0,0.0,0,0.8407960199004976
main_F5_P100_Z0_N0.npz,1025,3,0.0,0.0,0,0.8407960199004976
main_F5_P100_Z0_N0.npz,1025,7,0.0,0.0,0,0.8407960199004976
main_F5_P100_Z0_N0.npz,1026,2,0.0,0.0,0,0.8407960199004976
main_F5_P100_Z0_N0.npz,1026,3,0.0,0.0,0,0.8407960199004976
main_F5_P100_Z0_N0.npz,1026,7,0.0,0.0,0,0.8407960199004976
main_F5_P100_Z0_N0.npz,1027,2,0.0,0.0,0,0.8407960199004976
main_F5_P100_Z0_N0.npz,1027,3,0.0,0.0,0,0.8407960199004976
main_F5_P100_Z0_N0.npz,1027,7,0.0,0.0,0,0.8407960199004976
main_F5_P100_Z0_N0.npz,1028,2,0.0,0.0,0,0.8407960199004976
main_F5_P100_Z0_N0.npz,1028,3,0.0,0.0,0,0.8407960199004976
main_F5_P100_Z0_N0.npz,1028,7,0.0,0.0,0,0.8407960199004976
main_F5_P100_Z0_N0.npz,1029,2,-0.0008941403096258682,0.0003123521804809584,0,0.8407960199004976
main_F5_P100_Z0_N0.npz,1029,3,0.0,0.0,0,0.8407960199004976
main_F5_P100_Z0_N0.npz,1029,7,0.0,0.0,0,0.8407960199004976
main_F5_P100_Z1_N0.npz,1000,2,0.0,0.0,0,0.8407960199004976
main_F5_P100_Z1_N0.npz,1000,3,0.0,0.0,0,0.8407960199004976
main_F5_P100_Z1_N0.npz,1000,7,0.0,0.0,0,0.8407960199004976
main_F5_P100_Z1_N0.npz,1001,2,0.0073161693998251565,-0.00031244754791259766,0,0.8407960199004976
main_F5_P100_Z1_N0.npz,1001,3,0.00713692034939406,-0.00031244754791259766,0,0.8407960199004976
main_F5_P100_Z1_N0.npz,1001,7,0.00716233867635907,-0.00031244754791259766,0,0.8407960199004976
main_F5_P100_Z1_N0.npz,1002,2,0.0,0.0,0,0.8407960199004976
main_F5_P100_Z1_N0.npz,1002,3,0.0,0.0,0,0.8407960199004976
main_F5_P100_Z1_N0.npz,1002,7,0.0,0.0,0,0.8407960199004976
main_F5_P100_Z1_N0.npz,1003,2,0.0,0.0,0,0.8407960199004976
main_F5_P100_Z1_N0.npz,1003,3,0.0,0.0,0,0.8407960199004976
main_F5_P100_Z1_N0.npz,1003,7,0.0,0.0,0,0.8407960199004976
main_F5_P100_Z1_N0.npz,1004,2,0.0,0.0,0,0.8407960199004976
main_F5_P100_Z1_N0.npz,1004,3,0.0,0.0,0,0.8407960199004976
main_F5_P100_Z1_N0.npz,1004,7,0.0,0.0,0,0.8407960199004976
main_F5_P100_Z1_N0.npz,1005,2,0.0,0.0,0,0.8407960199004976
main_F5_P100_Z1_N0.npz,1005,3,0.0,0.0,0,0.8407960199004976
main_F5_P100_Z1_N0.npz,1005,7,0.0,0.0,0,0.8407960199004976
main_F5_P100_Z1_N0.npz,1006,2,0.0,0.0,0,0.8407960199004976
main_F5_P100_Z1_N0.npz,1006,3,0.0,0.0,0,0.8407960199004976
main_F5_P100_Z1_N0.npz,1006,7,0.0,0.0,0,0.8407960199004976
main_F5_P100_Z1_N0.npz,1007,2,0.0,0.0,0,0.8407960199004976
main_F5_P100_Z1_N0.npz,1007,3,0.0,0.0,0,0.8407960199004976
main_F5_P100_Z1_N0.npz,1007,7,0.0,0.0,0,0.8407960199004976
main_F5_P100_Z1_N0.npz,1008,2,0.0,0.0,0,0.8407960199004976
main_F5_P100_Z1_N0.npz,1008,3,0.0,0.0,0,0.8407960199004976
main_F5_P100_Z1_N0.npz,1008,7,0.0,0.0,0,0.8407960199004976
main_F5_P100_Z1_N0.npz,1009,2,0.0,0.0,0,0.8407960199004976
main_F5_P100_Z1_N0.npz,1009,3,0.0,0.0,0,0.8407960199004976
main_F5_P100_Z1_N0.npz,1009,7,0.0,0.0,0,0.8407960199004976
main_F5_P100_Z1_N0.npz,1010,2,0.0,0.0,0,0.8407960199004976
main_F5_P100_Z1_N0.npz,1010,3,0.0,0.0,0,0.8407960199004976
main_F5_P100_Z1_N0.npz,1010,7,0.0,0.0,0,0.8407960199004976
main_F5_P100_Z1_N0.npz,1011,2,0.0,0.0,0,0.8407960199004976
main_F5_P100_Z1_N0.npz,1011,3,0.0,0.0,0,0.8407960199004976
main_F5_P100_Z1_N0.npz,1011,7,0.0,0.0,0,0.8407960199004976
main_F5_P100_Z1_N0.npz,1012,2,0.0,0.0,0,0.8407960199004976
main_F5_P100_Z1_N0.npz,1012,3,0.0,0.0,0,0.8407960199004976
main_F5_P100_Z1_N0.npz,1012,7,0.0,0.0,0,0.8407960199004976
main_F5_P100_Z1_N0.npz,1013,2,0.0,0.0,0,0.8407960199004976
main_F5_P100_Z1_N0.npz,1013,3,0.0,0.0,0,0.8407960199004976
main_F5_P100_Z1_N0.npz,1013,7,0.0,0.0,0,0.8407960199004976
main_F5_P100_Z1_N0.npz,1014,2,0.0,0.0,0,0.8407960199004976
main_F5_P100_Z1_N0.npz,1014,3,0.0,0.0,0,0.8407960199004976
main_F5_P100_Z1_N0.npz,1014,7,0.0,0.0,0,0.8407960199004976
main_F5_P100_Z1_N0.npz,1015,2,0.0,0.0,0,0.8407960199004976
main_F5_P100_Z1_N0.npz,1015,3,0.0,0.0,0,0.8407960199004976
main_F5_P100_Z1_N0.npz,1015,7,0.0,0.0,0,0.8407960199004976
main_F5_P100_Z1_N0.npz,1016,2,0.0,0.0,0,0.8407960199004976
main_F5_P100_Z1_N0.npz,1016,3,0.0,0.0,0,0.8407960199004976
main_F5_P100_Z1_N0.npz,1016,7,0.0,0.0,0,0.8407960199004976
main_F5_P100_Z1_N0.npz,1017,2,0.0013924201165771422,-0.0003124713897705092,0,0.8407960199004976
main_F5_P100_Z1_N0.npz,1017,3,0.013931794989018087,-0.0003775835037231473,-4,0.8635394456289979
main_F5_P100_Z1_N0.npz,1017,7,0.0,0.0,0,0.8407960199004976
main_F5_P100_Z1_N0.npz,1018,2,0.0,0.0,0,0.8407960199004976
main_F5_P100_Z1_N0.npz,1018,3,0.0,0.0,0,0.8407960199004976
main_F5_P100_Z1_N0.npz,1018,7,0.0,0.0,0,0.8407960199004976
main_F5_P100_Z1_N0.npz,1019,2,0.0,0.0,0,0.8407960199004976
main_F5_P100_Z1_N0.npz,1019,3,0.0,0.0,0,0.8407960199004976
main_F5_P100_Z1_N0.npz,1019,7,0.0,0.0,0,0.8407960199004976
main_F5_P100_Z1_N0.npz,1020,2,0.0,0.0,0,0.8407960199004976
main_F5_P100_Z1_N0.npz,1020,3,0.0,0.0,0,0.8407960199004976
main_F5_P100_Z1_N0.npz,1020,7,0.0,0.0,0,0.8407960199004976
main_F5_P100_Z1_N0.npz,1021,2,0.0,0.0,0,0.8407960199004976
main_F5_P100_Z1_N0.npz,1021,3,0.0,0.0,0,0.8407960199004976
main_F5_P100_Z1_N0.npz,1021,7,0.0,0.0,0,0.8407960199004976
main_F5_P100_Z1_N0.npz,1022,2,0.0,0.0,0,0.8407960199004976
main_F5_P100_Z1_N0.npz,1022,3,0.0,0.0,0,0.8407960199004976
main_F5_P100_Z1_N0.npz,1022,7,0.0,0.0,0,0.8407960199004976
main_F5_P100_Z1_N0.npz,1023,2,0.0,0.0,0,0.8407960199004976
main_F5_P100_Z1_N0.npz,1023,3,0.0,0.0,0,0.8407960199004976
main_F5_P100_Z1_N0.npz,1023,7,0.0,0.0,0,0.8407960199004976
main_F5_P100_Z1_N0.npz,1024,2,0.0,0.0,0,0.8407960199004976
main_F5_P100_Z1_N0.npz,1024,3,0.0,0.0,0,0.8407960199004976
main_F5_P100_Z1_N0.npz,1024,7,0.0,0.0,0,0.8407960199004976
main_F5_P100_Z1_N0.npz,1025,2,0.0,0.0,0,0.8407960199004976
main_F5_P100_Z1_N0.npz,1025,3,0.0,0.0,0,0.8407960199004976
main_F5_P100_Z1_N0.npz,1025,7,0.0,0.0,0,0.8407960199004976
main_F5_P100_Z1_N0.npz,1026,2,0.0,0.0,0,0.8407960199004976
main_F5_P100_Z1_N0.npz,1026,3,0.0,0.0,0,0.8407960199004976
main_F5_P100_Z1_N0.npz,1026,7,0.0,0.0,0,0.8407960199004976
main_F5_P100_Z1_N0.npz,1027,2,0.0,0.0,0,0.8407960199004976
main_F5_P100_Z1_N0.npz,1027,3,0.0,0.0,0,0.8407960199004976
main_F5_P100_Z1_N0.npz,1027,7,0.0,0.0,0,0.8407960199004976
main_F5_P100_Z1_N0.npz,1028,2,0.0,0.0,0,0.8407960199004976
main_F5_P100_Z1_N0.npz,1028,3,0.0,0.0,0,0.8407960199004976
main_F5_P100_Z1_N0.npz,1028,7,0.0,0.0,0,0.8407960199004976
main_F5_P100_Z1_N0.npz,1029,2,0.0,0.0,0,0.8407960199004976
main_F5_P100_Z1_N0.npz,1029,3,0.0,0.0,0,0.8407960199004976
main_F5_P100_Z1_N0.npz,1029,7,0.0,0.0,0,0.8407960199004976
main_F5_P100_Z2_N0.npz,1000,2,0.0,0.0,0,0.8407960199004976
main_F5_P100_Z2_N0.npz,1000,3,0.0,0.0,0,0.8407960199004976
main_F5_P100_Z2_N0.npz,1000,7,0.0,0.0,0,0.8407960199004976
main_F5_P100_Z2_N0.npz,1001,2,0.0,0.0,0,0.8407960199004976
main_F5_P100_Z2_N0.npz,1001,3,0.0,0.0,0,0.8407960199004976
main_F5_P100_Z2_N0.npz,1001,7,0.0,0.0,0,0.8407960199004976
main_F5_P100_Z2_N0.npz,1002,2,0.0,0.0,0,0.8407960199004976
main_F5_P100_Z2_N0.npz,1002,3,0.0,0.0,0,0.8407960199004976
main_F5_P100_Z2_N0.npz,1002,7,0.0,0.0,0,0.8407960199004976
main_F5_P100_Z2_N0.npz,1003,2,0.0,0.0,0,0.8407960199004976
main_F5_P100_Z2_N0.npz,1003,3,0.0,0.0,0,0.8407960199004976
main_F5_P100_Z2_N0.npz,1003,7,0.0,0.0,0,0.8407960199004976
main_F5_P100_Z2_N0.npz,1004,2,0.0,0.0,0,0.8407960199004976
main_F5_P100_Z2_N0.npz,1004,3,0.0,0.0,0,0.8407960199004976
main_F5_P100_Z2_N0.npz,1004,7,0.0,0.0,0,0.8407960199004976
main_F5_P100_Z2_N0.npz,1005,2,0.0,0.0,0,0.8407960199004976
main_F5_P100_Z2_N0.npz,1005,3,0.0,0.0,0,0.8407960199004976
main_F5_P100_Z2_N0.npz,1005,7,0.0,0.0,0,0.8407960199004976
main_F5_P100_Z2_N0.npz,1006,2,0.0,0.0,0,0.8407960199004976
main_F5_P100_Z2_N0.npz,1006,3,0.0,0.0,0,0.8407960199004976
main_F5_P100_Z2_N0.npz,1006,7,0.0,0.0,0,0.8407960199004976
main_F5_P100_Z2_N0.npz,1007,2,0.0,0.0,0,0.8407960199004976
main_F5_P100_Z2_N0.npz,1007,3,0.0,0.0,0,0.8407960199004976
main_F5_P100_Z2_N0.npz,1007,7,0.0,0.0,0,0.8407960199004976
main_F5_P100_Z2_N0.npz,1008,2,0.0,0.0,0,0.8407960199004976
main_F5_P100_Z2_N0.npz,1008,3,0.0,0.0,0,0.8407960199004976
main_F5_P100_Z2_N0.npz,1008,7,0.0,0.0,0,0.8407960199004976
main_F5_P100_Z2_N0.npz,1009,2,0.0,0.0,0,0.8407960199004976
main_F5_P100_Z2_N0.npz,1009,3,0.0,0.0,0,0.8407960199004976
main_F5_P100_Z2_N0.npz,1009,7,0.0,0.0,0,0.8407960199004976
main_F5_P100_Z2_N0.npz,1010,2,0.0,0.0,0,0.8407960199004976
main_F5_P100_Z2_N0.npz,1010,3,0.0,0.0,0,0.8407960199004976
main_F5_P100_Z2_N0.npz,1010,7,0.0,0.0,0,0.8407960199004976
main_F5_P100_Z2_N0.npz,1011,2,0.0,0.0,0,0.8407960199004976
main_F5_P100_Z2_N0.npz,1011,3,0.0,0.0,0,0.8407960199004976
main_F5_P100_Z2_N0.npz,1011,7,0.0,0.0,0,0.8407960199004976
main_F5_P100_Z2_N0.npz,1012,2,0.0,0.0,0,0.8407960199004976
main_F5_P100_Z2_N0.npz,1012,3,0.0,0.0,0,0.8407960199004976
main_F5_P100_Z2_N0.npz,1012,7,0.0,0.0,0,0.8407960199004976
main_F5_P100_Z2_N0.npz,1013,2,0.0,0.0,0,0.8407960199004976
main_F5_P100_Z2_N0.npz,1013,3,0.0,0.0,0,0.8407960199004976
main_F5_P100_Z2_N0.npz,1013,7,0.0,0.0,0,0.8407960199004976
main_F5_P100_Z2_N0.npz,1014,2,0.0,0.0,0,0.8407960199004976
main_F5_P100_Z2_N0.npz,1014,3,0.0,0.0,0,0.8407960199004976
main_F5_P100_Z2_N0.npz,1014,7,0.0,0.0,0,0.8407960199004976
main_F5_P100_Z2_N0.npz,1015,2,0.0,0.0,0,0.8407960199004976
main_F5_P100_Z2_N0.npz,1015,3,0.0,0.0,0,0.8407960199004976
main_F5_P100_Z2_N0.npz,1015,7,0.0,0.0,0,0.8407960199004976
main_F5_P100_Z2_N0.npz,1016,2,0.0,0.0,0,0.8407960199004976
main_F5_P100_Z2_N0.npz,1016,3,0.0,0.0,0,0.8407960199004976
main_F5_P100_Z2_N0.npz,1016,7,0.0,0.0,0,0.8407960199004976
main_F5_P100_Z2_N0.npz,1017,2,0.0,0.0,0,0.8407960199004976
main_F5_P100_Z2_N0.npz,1017,3,0.0,0.0,0,0.8407960199004976
main_F5_P100_Z2_N0.npz,1017,7,0.0,0.0,0,0.8407960199004976
main_F5_P100_Z2_N0.npz,1018,2,0.0,0.0,0,0.8407960199004976
main_F5_P100_Z2_N0.npz,1018,3,0.0,0.0,0,0.8407960199004976
main_F5_P100_Z2_N0.npz,1018,7,0.0,0.0,0,0.8407960199004976
main_F5_P100_Z2_N0.npz,1019,2,0.0,0.0,0,0.8407960199004976
main_F5_P100_Z2_N0.npz,1019,3,0.0,0.0,0,0.8407960199004976
main_F5_P100_Z2_N0.npz,1019,7,0.0,0.0,0,0.8407960199004976
main_F5_P100_Z2_N0.npz,1020,2,0.0,0.0,0,0.8407960199004976
main_F5_P100_Z2_N0.npz,1020,3,0.0,0.0,0,0.8407960199004976
main_F5_P100_Z2_N0.npz,1020,7,0.0,0.0,0,0.8407960199004976
main_F5_P100_Z2_N0.npz,1021,2,0.0,0.0,0,0.8407960199004976
main_F5_P100_Z2_N0.npz,1021,3,0.0,0.0,0,0.8407960199004976
main_F5_P100_Z2_N0.npz,1021,7,0.0,0.0,0,0.8407960199004976
main_F5_P100_Z2_N0.npz,1022,2,0.0,0.0,0,0.8407960199004976
main_F5_P100_Z2_N0.npz,1022,3,0.0,0.0,0,0.8407960199004976
main_F5_P100_Z2_N0.npz,1022,7,0.0,0.0,0,0.8407960199004976
main_F5_P100_Z2_N0.npz,1023,2,0.0006915884557141538,-0.0003050565719604492,0,0.8407960199004976
main_F5_P100_Z2_N0.npz,1023,3,0.0,0.0,0,0.8407960199004976
main_F5_P100_Z2_N0.npz,1023,7,0.0,0.0,0,0.8407960199004976
main_F5_P100_Z2_N0.npz,1024,2,0.0,0.0,0,0.8407960199004976
main_F5_P100_Z2_N0.npz,1024,3,0.0,0.0,0,0.8407960199004976
main_F5_P100_Z2_N0.npz,1024,7,0.0,0.0,0,0.8407960199004976
main_F5_P100_Z2_N0.npz,1025,2,0.0,0.0,0,0.8407960199004976
main_F5_P100_Z2_N0.npz,1025,3,0.0,0.0,0,0.8407960199004976
main_F5_P100_Z2_N0.npz,1025,7,0.0,0.0,0,0.8407960199004976
main_F5_P100_Z2_N0.npz,1026,2,0.0,0.0,0,0.8407960199004976
main_F5_P100_Z2_N0.npz,1026,3,0.0,0.0,0,0.8407960199004976
main_F5_P100_Z2_N0.npz,1026,7,0.0,0.0,0,0.8407960199004976
main_F5_P100_Z2_N0.npz,1027,2,0.0,0.0,0,0.8407960199004976
main_F5_P100_Z2_N0.npz,1027,3,0.0,0.0,0,0.8407960199004976
main_F5_P100_Z2_N0.npz,1027,7,0.0,0.0,0,0.8407960199004976
main_F5_P100_Z2_N0.npz,1028,2,0.0,0.0,0,0.8407960199004976
main_F5_P100_Z2_N0.npz,1028,3,0.0,0.0,0,0.8407960199004976
main_F5_P100_Z2_N0.npz,1028,7,0.0,0.0,0,0.8407960199004976
main_F5_P100_Z2_N0.npz,1029,2,0.0,0.0,0,0.8407960199004976
main_F5_P100_Z2_N0.npz,1029,3,0.0,0.0,0,0.8407960199004976
main_F5_P100_Z2_N0.npz,1029,7,0.0,0.0,0,0.8407960199004976
